5.989320394544798e-9	5.394149769111162e-9	4.85812242701262e-9	4.375361183090058e-9	3.9405728797088855e-9	3.5489903507876404e-9	3.196320152975962e-9	2.8786954908889023e-9	2.592633820253856e-9	2.334998664116761e-9	2.1029652234474498e-9	1.893989405087232e-9	1.7057799274506413e-9	1.5362731981388123e-9	1.3836106880141502e-9	1.2461185536579912e-9	1.1222892847849722e-9	1.0107651753901734e-9	9.103234374010787e-10	8.198627936154167e-10	7.383914029253024e-10	6.650159854357711e-10	5.989320282418156e-10	5.394149644767708e-10	4.858122289161512e-10	4.37536103031909e-10	3.9405727104788767e-10	3.5489901634290574e-10	3.1963199456891044e-10	2.878695261749459e-10	2.5926335672264617e-10	2.334998385080083e-10	2.1029649162358397e-10	1.893989067555821e-10	1.7057795575734427e-10	1.5362727941529875e-10	1.383610248628574e-10	1.246118078351043e-10	1.1222887742258446e-10	1.0107646320307516e-10	9.103228663029897e-11	8.198622036008531e-11	7.383908081731197e-11	6.650154076893959e-11	5.989314998572026e-11	5.394145326231106e-11	4.858119613577143e-11	4.375360960778065e-11	3.940576604734283e-11	3.5489999238325796e-11	3.1963382249257493e-11	2.8787257450179437e-11	2.592681359148461e-11	2.3350705400892818e-11	2.1030711655584422e-11	1.8941428156178687e-11	1.7059992478058407e-11	1.53658378159432e-11	1.384047368553593e-11	1.2467291723341173e-11	1.1231395364375786e-11	1.0119452827571433e-11	9.119573683876314e-12	8.221210470629746e-12	7.415088624789282e-12	6.693170980565581e-12	6.048668329166842e-12	5.476117463352322e-12	4.971568126878559e-12	4.532963281586109e-12	4.160896393148156e-12	3.860179289966486e-12	3.643355763507939e-12	3.5395777410924168e-12	3.6213857198475838e-12	4.112110800414072e-12	6.138333161348065e-12	NaN	NaN	NaN	NaN	NaN	NaN	NaN	NaN	NaN	NaN	NaN	NaN	NaN	NaN	NaN	NaN	NaN	NaN	NaN	NaN	NaN	NaN	NaN
6.8211905659103954e-9	6.1433553545726874e-9	5.532877970124446e-9	4.98306493194991e-9	4.4878879038533945e-9	4.041917597341387e-9	3.6402642430663427e-9	3.2785239777409767e-9	2.9527305586909896e-9	2.659311876628304e-9	2.3950507898361086e-9	2.157049850338456e-9	1.9426995353002273e-9	1.7496496353357617e-9	1.5757834860178927e-9	1.4191947600529464e-9	1.2781665656632347e-9	1.151152622004659e-9	1.0367603052203223e-9	9.337353792413497e-10	8.409482439182496e-10	7.573815497026859e-10	6.821190430828307e-10	6.143355204698994e-10	5.532877803868725e-10	4.98306474756161e-10	4.487887699409845e-10	4.041917370736545e-10	3.6402639920011834e-10	3.2785236997167214e-10	2.9527302510069625e-10	2.65931153638688e-10	2.395050413958249e-10	2.1570494355947082e-10	1.942699078363963e-10	1.7496491328680443e-10	1.5757829347969807e-10	1.419194157166343e-10	1.2781659087870105e-10	1.1511519098040394e-10	1.0367595379182833e-10	9.337345594194349e-11	8.409473776377457e-11	7.573806480670821e-11	6.821181244074062e-11	6.143346132857837e-11	5.532869275911818e-11	4.9830573933517206e-11	4.4878824285130286e-11	4.0419154808268314e-11	3.640267317834124e-11	3.2785348177056266e-11	2.9527527599943436e-11	2.6593504428203107e-11	2.3951126601212724e-11	2.1571446238672294e-11	1.9428404641575737e-11	1.749854985940893e-11	1.5760784059680667e-11	1.4196138391019796e-11	1.2787573514344747e-11	1.1519804519723162e-11	1.0379149598912113e-11	9.353402687380155e-12	8.431731469905741e-12	7.604603930840473e-12	6.863749552291061e-12	6.20216640198294e-12	5.614195021021254e-12	5.0956994208300366e-12	4.644437021842686e-12	4.260794777503826e-12	3.949307321871023e-12	3.722037504487277e-12	3.6070366536680864e-12	3.673510317299676e-12	4.130342205563382e-12	5.979768723431558e-12	7.109710593306824e-11	NaN	NaN	NaN	NaN	NaN	NaN	NaN	NaN	NaN	NaN	NaN	NaN	NaN	NaN	NaN	NaN	NaN	NaN	NaN	NaN	NaN
7.58857579177671e-9	6.834483991217774e-9	6.155327785783842e-9	5.543660677026397e-9	4.992776139789769e-9	4.496634089599987e-9	4.04979465713476e-9	3.6473585436555107e-9	3.2849133034381595e-9	2.958484964225145e-9	2.664494455248882e-9	2.399718365088783e-9	2.1612535990977127e-9	1.946485548889929e-9	1.7530594248900215e-9	1.5788544376231998e-9	1.421960544661864e-9	1.2806575082741227e-9	1.153396034155219e-9	1.038780784440543e-9	9.355550787491518e-10	8.425871155148726e-10	7.588575625309922e-10	6.834483806470844e-10	6.155327580771964e-10	5.543660449557635e-10	4.992775887446581e-10	4.496633809720315e-10	4.0497943467932586e-10	3.6473581996457084e-10	3.2849129222568213e-10	2.9584845420605536e-10	2.6644939879755987e-10	2.399717848272441e-10	2.1612530280148825e-10	1.9464849185700795e-10	1.7530587301893486e-10	1.5788536733438921e-10	1.4219597057355788e-10	1.2806565900355808e-10	1.1533950327416376e-10	1.0387796973660786e-10	9.355539057219588e-11	8.42585859589663e-11	7.588562317246213e-11	6.834469901921327e-11	6.155313335535435e-11	5.543646266291732e-11	4.992762375633617e-11	4.496621868393048e-11	4.049785278487896e-11	3.6473538671820156e-11	3.2849159642358725e-11	2.958498668848501e-11	2.6645243879963483e-11	2.3997717454746686e-11	2.1613404465289376e-11	1.9466197313796436e-11	1.7532600972747496e-11	1.579148014253101e-11	1.4223834062456389e-11	1.2812597187852737e-11	1.1542464508335595e-11	1.0399740963982776e-11	9.37221530652836e-12	8.44906001074773e-12	7.620760765116066e-12	6.879082247181467e-12	6.2170825249423856e-12	5.6291991194698345e-12	5.111451398063035e-12	4.661850678028144e-12	4.281217829316252e-12	3.97488263953443e-12	3.756516139858007e-12	3.657901463809317e-12	3.758828450258394e-12	4.309891839205226e-12	6.64232985949473e-12	NaN	NaN	NaN	NaN	NaN	NaN	NaN	NaN	NaN	NaN	NaN	NaN	NaN	NaN	NaN	NaN	NaN	NaN	NaN	NaN	NaN
8.282182692210001e-9	7.459165800684046e-9	6.717933727021231e-9	6.050359351948617e-9	5.449123164124816e-9	4.907633006540879e-9	4.419951797880203e-9	3.9807324363500054e-9	3.585159172247901e-9	3.228894806452626e-9	2.9080331359052656e-9	2.619056124677126e-9	2.358795331033396e-9	2.1243971675658286e-9	1.9132916134948046e-9	1.7231640360918759e-9	1.5519298122633035e-9	1.397711472037078e-9	1.2588181133468576e-9	1.1337268624095627e-9	1.0210661764219252e-9	9.196008055011212e-10	8.28218248987103e-10	7.459165576089644e-10	6.717933477741609e-10	6.050359075295398e-10	5.449122857126023e-10	4.90763266591444e-10	4.4199514200063225e-10	3.98073201724288e-10	3.585158707527676e-10	3.228894291318778e-10	2.9080325651132716e-10	2.6190554925210807e-10	2.3587946313383614e-10	2.1243963936953e-10	1.9132907583808514e-10	1.7231630922984936e-10	1.5519287720977043e-10	1.3977103277292803e-10	1.2588168573257942e-10	1.133725487714639e-10	1.021064677303709e-10	9.195991782850376e-11	8.282164933017322e-11	7.459146781184997e-11	6.717913566066415e-11	6.05033827663773e-11	5.4491015568436716e-11	4.9076114701336837e-11	4.419931245733837e-11	3.9807142166771173e-11	3.5851452392936933e-11	3.22888795605941e-11	2.9080373293209484e-11	2.6190769333361942e-11	2.3588405471637243e-11	2.1244776421137816e-11	1.9134224057241672e-11	1.7233659906877016e-11	1.5522317232307738e-11	1.3981530529538815e-11	1.259454077655369e-11	1.1346325360027095e-11	1.022345234224432e-11	9.213959707149338e-12	8.307261634181185e-12	7.494086048902669e-12	6.766451403400524e-12	6.117697331574485e-12	5.54259674120931e-12	5.037603480171284e-12	4.601348141288499e-12	4.235633071553495e-12	3.9475377605447525e-12	3.7543014732078905e-12	3.6962929649416985e-12	3.8792799994162965e-12	4.668625786408141e-12	8.614754528700354e-12	NaN	NaN	NaN	NaN	NaN	NaN	NaN	NaN	NaN	NaN	NaN	NaN	NaN	NaN	NaN	NaN	NaN	NaN	NaN	NaN
8.913702697917324e-9	8.027930413064393e-9	7.2301790737426975e-9	6.511701864325682e-9	5.864621157571759e-9	5.2818421416536135e-9	4.756975030240582e-9	4.284265002719184e-9	3.8585291063925655e-9	3.475099428833358e-9	3.129771917312292e-9	2.8187602841415133e-9	2.5386544925351746e-9	2.2863833678122343e-9	2.0591809239980293e-9	1.854556036618109e-9	1.6702651291665513e-9	1.5042875737739796e-9	1.3548035363598748e-9	1.2201740233559338e-9	1.0989229112259988e-9	9.897207617481418e-10	8.913702456041704e-10	8.027930144558716e-10	7.230178775689949e-10	6.511701533494831e-10	5.864620790386013e-10	5.281841734156212e-10	4.756974578058304e-10	4.2842645010237905e-10	3.858528549860771e-10	3.4750988116060947e-10	3.129771232954621e-10	2.8187595256051253e-10	2.538653652126358e-10	2.2863824371694553e-10	2.0591798940850523e-10	1.8545548977409772e-10	1.67026387102618e-10	1.5042861855707213e-10	1.3548020069728156e-10	1.2201723416284876e-10	1.0989210664014352e-10	9.897187441152722e-11	8.913680474361835e-11	8.02790631356509e-11	7.230153103830637e-11	6.51167410853349e-11	5.864591817066853e-11	5.281811586690382e-11	4.7569438730015767e-11	4.2842341981817244e-11	3.8585000916878497e-11	3.475074315442215e-11	3.129753755753374e-11	2.8187534280856436e-11	2.53866509925582e-11	2.286420085565017e-11	2.059255835706937e-11	1.854685955072279e-11	1.670473374517992e-11	1.504606413327184e-11	1.3552775350124394e-11	1.2208646487687447e-11	1.0999148732974132e-11	9.911307608233331e-12	8.933590903333053e-12	8.055825041389116e-12	7.2691452676826525e-12	6.565989629315944e-12	5.940155187316657e-12	5.386951643335293e-12	4.903522823041203e-12	4.489486010239984e-12	4.148233645024741e-12	3.889768100985722e-12	3.737566805628083e-12	3.748021998063299e-12	4.0805851908612526e-12	5.389359456749438e-12	1.67637743253703e-11	NaN	NaN	NaN	NaN	NaN	NaN	NaN	NaN	NaN	NaN	NaN	NaN	NaN	NaN	NaN	NaN	NaN	NaN	NaN
9.495610035668745e-9	8.55201246651939e-9	7.702182055873667e-9	6.936800975544564e-9	6.247477328378534e-9	5.626653136655461e-9	5.0675214738634716e-9	4.563951831253364e-9	4.1104229008662095e-9	3.7019620380446194e-9	3.3340907396740813e-9	3.0027755403593804e-9	2.704383788145165e-9	2.435643814890702e-9	2.1936090645933122e-9	1.9756257863513177e-9	1.779303937741176e-9	1.6024909795836193e-9	1.4432482747757236e-9	1.2998298324177291e-9	1.1706631641780183e-9	1.0543320429989748e-9	9.495609751043179e-10	8.552012150537774e-10	7.702181705094174e-10	6.936800586152206e-10	6.247476896146429e-10	5.626652656902707e-10	5.067520941409621e-10	4.5639512403695295e-10	4.1104222452231177e-10	3.701961310658056e-10	3.334089932848643e-10	3.002774645631914e-10	2.7043827962300705e-10	2.4356427156302496e-10	2.1936078469176437e-10	1.9756244382547583e-10	1.7793024462843306e-10	1.6024893309345589e-10	1.4432464543089062e-10	1.2998278248966563e-10	1.1706609540577194e-10	1.0543296148983064e-10	9.495583145171567e-11	8.551983093943459e-11	7.702150106229282e-11	6.936766409342724e-11	6.247440192093385e-11	5.626613605525769e-11	5.067479911706406e-11	4.563908873701335e-11	4.110379570817837e-11	3.701919905381363e-11	3.334052141760913e-11	3.002743885967751e-11	2.7043639758236018e-11	2.4356428083075843e-11	2.1936366831539383e-11	1.9756957910633888e-11	1.7794355221234115e-11	1.6027108165540615e-11	1.4435933274458353e-11	1.3003512161354427e-11	1.1714314588205616e-11	1.0554446135432231e-11	9.511520891897698e-12	8.57456089464783e-12	7.733926065088382e-12	6.981281733330728e-12	6.309616802947536e-12	5.713336965020204e-12	5.188480439437597e-12	4.733153748402034e-12	4.3484017172000185e-12	4.040023188268225e-12	3.822692334526964e-12	3.730566118353418e-12	3.850209369720552e-12	4.45926010380862e-12	7.117811982662658e-12	NaN	NaN	NaN	NaN	NaN	NaN	NaN	NaN	NaN	NaN	NaN	NaN	NaN	NaN	NaN	NaN	NaN	NaN	NaN
1.0047000070323847e-8	9.04860978169904e-9	8.149431512579552e-9	7.339606368159796e-9	6.610255151528598e-9	5.9533810091497395e-9	5.361781750653815e-9	4.828970881585973e-9	4.349106483285787e-9	3.916927160114304e-9	3.5276943517319065e-9	3.1771403779193216e-9	2.8614216462876084e-9	2.5770765098306103e-9	2.320987312255835e-9	2.090346204945921e-9	1.8826243607562754e-9	1.6955442470985693e-9	1.5270546543027727e-9	1.375308205460256e-9	1.2386411011582592e-9	1.1155548770201548e-9	1.0046999740349884e-9	9.048609415358516e-10	8.149431105875251e-10	7.339605916659102e-10	6.610254650317569e-10	5.95338045278284e-10	5.361781133099175e-10	4.828970196166031e-10	4.349105722613388e-10	3.9169263160244184e-10	3.527693415209537e-10	3.177139339024495e-10	2.861420494079033e-10	2.577075232290395e-10	2.3209858962188856e-10	2.090344636039313e-10	1.882622623356277e-10	1.695542324316221e-10	1.5270525280134643e-10	1.3753058563989747e-10	1.2386385091107708e-10	1.1155520211522115e-10	1.0046968334179361e-10	9.048574959493389e-11	8.149393417107195e-11	7.339564848107252e-11	6.610210116293384e-11	5.953332464091875e-11	5.3617298467692224e-11	4.8289159850782384e-11	4.349049272550573e-11	3.916868760442317e-11	3.5276365218610596e-11	3.1770857678067744e-11	2.861374152652863e-11	2.5770417658635474e-11	2.32097336138286e-11	2.0903644270781965e-11	1.8826907449168465e-11	1.6956811394153617e-11	1.5272931588501807e-11	1.3756914827829869e-11	1.2392289035322157e-11	1.1164297927342411e-11	1.0059760442899628e-11	9.066955942746758e-12	8.17553779699618e-12	7.376480554977657e-12	6.6620703186804345e-12	6.025956101849352e-12	5.463296010890887e-12	4.971065755334141e-12	4.548672604544549e-12	4.1992017182798235e-12	3.932115302602883e-12	3.769735240343289e-12	3.765374319796626e-12	4.067460853571825e-12	5.263482414417599e-12	1.4194779532053245e-11	NaN	NaN	NaN	NaN	NaN	NaN	NaN	NaN	NaN	NaN	NaN	NaN	NaN	NaN	NaN	NaN	NaN	NaN
1.0565841405966494e-8	9.515892826521054e-9	8.570279716003097e-9	7.718634052293364e-9	6.951618104156005e-9	6.260822049193618e-9	5.638671765708772e-9	5.078345787470813e-9	4.573700510851839e-9	4.119202834277685e-9	3.7098694914299626e-9	3.341212413027926e-9	3.0091895181182025e-9	2.710160395331469e-9	2.44084638818036e-9	2.1982946467603175e-9	1.979845751704053e-9	1.7831045554077201e-9	1.6059139208221218e-9	1.4463310698721815e-9	1.3026062821807408e-9	1.1731637105422925e-9	1.0565841028009975e-9	9.51589240689832e-10	8.570279250130171e-10	7.718633535085406e-10	6.951617529973865e-10	6.260821411785146e-10	5.638671058144587e-10	5.078345002074219e-10	4.573699639122748e-10	4.119201866810466e-10	3.7098684178254694e-10	3.341211221800189e-10	3.0091881965968673e-10	2.710158929561705e-10	2.440844762823014e-10	2.1982928449964948e-10	1.979843755150316e-10	1.7831023440508792e-10	1.6059114729864455e-10	1.4463283622372338e-10	1.3026032898754248e-10	1.1731604073508993e-10	1.056580461531114e-10	9.515852337712686e-11	8.570235254235014e-11	7.718585361583784e-11	6.951564967553588e-11	6.26076431789937e-11	5.638609400564757e-11	5.078278917556704e-11	4.573629515699192e-11	4.119128458635395e-11	3.709793004835274e-11	3.341135830987222e-11	3.009115907936396e-11	2.7100942981736424e-11	2.4407944006654873e-11	2.1982662214625455e-11	1.979854298018941e-11	1.7831689526256087e-11	1.6060605971719885e-11	1.4465968593709867e-11	1.3030423520567256e-11	1.1738409658133776e-11	1.0576006367438172e-11	9.53080635297122e-12	8.591815560170467e-12	7.749383944202495e-12	6.995174403757344e-12	6.322183305396655e-12	5.724837738713449e-12	5.199218503754506e-12	4.74350972729577e-12	4.358897458505127e-12	4.051450309846514e-12	3.8364067485797284e-12	3.749279936904981e-12	3.880662459622886e-12	4.525315932147613e-12	7.40641282178865e-12	NaN	NaN	NaN	NaN	NaN	NaN	NaN	NaN	NaN	NaN	NaN	NaN	NaN	NaN	NaN	NaN	NaN	NaN
1.1057955881957123e-8	9.959104912643036e-9	8.969448939542299e-9	8.078137039687119e-9	7.275396567806329e-9	6.552426005735778e-9	5.901298459594926e-9	5.3148747466400665e-9	4.786725118848934e-9	4.3110587649877345e-9	3.882660318197274e-9	3.4968326729459425e-9	3.1493454843752765e-9	2.8363887853674607e-9	2.5545312127766407e-9	2.3006823848022965e-9	2.072059016997458e-9	1.86615440539623e-9	1.6807109421632983e-9	1.5136953624177013e-9	1.3632764508286718e-9	1.2278049635511166e-9	1.1057955453580424e-9	9.959104437032593e-10	8.969448411498227e-10	8.078136453440117e-10	7.275395916956457e-10	6.552425283185047e-10	5.901297657473266e-10	5.314873856224214e-10	4.786724130473917e-10	4.3110576679506095e-10	3.882659100653099e-10	3.496831321796129e-10	3.1493439851489133e-10	2.836387122096803e-10	2.554529367868784e-10	2.3006803389102653e-10	2.0720567488956794e-10	1.866151891867713e-10	1.6807081579092092e-10	1.513692280004662e-10	1.363273040695527e-10	1.2278011941058225e-10	1.1057913832075874e-10	9.959058540764153e-11	8.96939788595783e-11	8.07808094821906e-11	7.275335102138127e-11	6.552358873426195e-11	5.901225446791035e-11	5.3147957676390087e-11	4.786640286211386e-11	4.310968488034618e-11	3.8825654406384886e-11	3.4967346643870735e-11	3.14924670592548e-11	2.836292857078247e-11	2.5544435209318197e-11	2.3006107811943307e-11	2.0720147817036885e-11	1.8661535712102574e-11	1.680776115546053e-11	1.5138582265847814e-11	1.3635812071164014e-11	1.2283130659567988e-11	1.1065922229826047e-11	9.971137070362761e-12	8.987179642571756e-12	8.103825652266984e-12	7.312173746111134e-12	6.604642246967151e-12	5.975030222919563e-12	5.418679800979187e-12	4.9328139011192845e-12	4.517208045027947e-12	4.175562652440189e-12	3.9185083988485164e-12	3.770944632063931e-12	3.793074522449466e-12	4.157830310092212e-12	5.600975331012842e-12	2.0749008023906562e-11	NaN	NaN	NaN	NaN	NaN	NaN	NaN	NaN	NaN	NaN	NaN	NaN	NaN	NaN	NaN	NaN	NaN
1.153013274623061e-8	1.0384360626991854e-8	9.352446151516132e-9	8.42307506031623e-9	7.586057414268651e-9	6.832215868673004e-9	6.153285049739288e-9	5.541820930232855e-9	4.991119210640867e-9	4.495141810963865e-9	4.0484506671635045e-9	3.6461481063882957e-9	3.2838231472312037e-9	2.9575031362369164e-9	2.6636101903850917e-9	2.39892196797026e-9	2.160536337756977e-9	1.9458395590309534e-9	1.7524776236614274e-9	1.57833044595948e-9	1.4214886173411533e-9	1.2802324709256493e-9	1.1530132265257555e-9	1.0384360092978219e-9	9.352445558620025e-10	8.423074402055021e-10	7.586056683449699e-10	6.832215057317254e-10	6.153284148997162e-10	5.541819930291806e-10	4.991118100624131e-10	4.495140578819838e-10	4.048449299545432e-10	3.646146588524125e-10	3.283821462783783e-10	2.9575012671552056e-10	2.6636081167477825e-10	2.398919667824194e-10	2.1605337869542717e-10	1.945836731070764e-10	1.7524744895452035e-10	1.5783269740726314e-10	1.421484773379661e-10	1.2802282178939775e-10	1.1530085248432311e-10	1.0384308170655262e-10	9.352388293627749e-11	8.42301134737896e-11	7.585987395308391e-11	6.832139114904642e-11	6.153201183553892e-11	5.5417296671723194e-11	4.991020419403913e-11	4.495035598375739e-11	4.048337497630279e-11	3.646028968904125e-11	3.283699787868078e-11	2.9573783807086554e-11	2.663488390409461e-11	2.3988096176761804e-11	2.160442923569705e-11	1.9457787300803175e-11	1.752468802260198e-11	1.5784010425650898e-11	1.4216770766173034e-11	1.2805924623241123e-11	1.1536194151164751e-11	1.0393920173409567e-11	9.366939803442724e-12	8.444491730711533e-12	7.617153582664983e-12	6.8768196092114e-12	6.2167338847187346e-12	5.6316076730890116e-12	5.117877357619694e-12	4.674220557913573e-12	4.302593719119375e-12	4.010434926446857e-12	3.8157977603601854e-12	3.761086208602237e-12	3.958317042644376e-12	4.8013121711709716e-12	9.19760031796441e-12	NaN	NaN	NaN	NaN	NaN	NaN	NaN	NaN	NaN	NaN	NaN	NaN	NaN	NaN	NaN	NaN	NaN
1.1984172134070863e-8	1.0793281221844541e-8	9.720731497153328e-9	8.754763161887498e-9	7.884785012355875e-9	7.101258313744735e-9	6.3955922142015816e-9	5.7600495518285126e-9	5.187662021821025e-9	4.672153773616248e-9	4.207872600343744e-9	3.789727966116801e-9	3.4131351916744327e-9	3.0739651864066076e-9	2.7684991756076033e-9	2.493387926571784e-9	2.2456150264728985e-9	2.0224638093931736e-9	1.8214875698789268e-9	1.6404827364340696e-9	1.4774647108165826e-9	1.3306461082318592e-9	1.1984171598410104e-9	1.0793280627106232e-9	9.7207308368284e-10	8.754762428752123e-10	7.884784198393907e-10	7.101257410061989e-10	6.395591210931355e-10	5.760048438027516e-10	5.187660785355068e-10	4.672152401034937e-10	4.2078710767436134e-10	3.7897262749924055e-10	3.4131333147572457e-10	3.073963103491905e-10	2.7684968643701556e-10	2.493385362372016e-10	2.2456121821564807e-10	2.022460655088757e-10	1.8214840728013072e-10	1.6404788607036063e-10	1.4774604173106754e-10	1.3306413544911934e-10	1.1984119000628652e-10	1.079322247874773e-10	9.720666618738596e-11	8.754691598901842e-11	7.884706202046497e-11	7.101171695744004e-11	6.39549725457342e-11	5.759945778540481e-11	5.1875490761386783e-11	4.6720314836058356e-11	4.207741084986056e-11	3.7895877817101796e-11	3.4129875365568564e-11	3.073812185990898e-11	2.768344277898883e-11	2.4932364495452054e-11	2.2454749140672874e-11	2.0223466739934422e-11	1.8214101282044846e-11	1.640468785794535e-11	1.477547848111592e-11	1.3308734711914931e-11	1.198854578231808e-11	1.0800671609949979e-11	9.732410989501153e-12	8.772496512824976e-12	7.911019690491067e-12	7.13939290544811e-12	6.450360411613184e-12	5.838081149819145e-12	5.298327457079592e-12	4.8288896104726395e-12	4.430382227941388e-12	4.1079159384109595e-12	3.87485009640122e-12	3.76229548812569e-12	3.847884236977151e-12	4.371817858804002e-12	6.560694533974639e-12	NaN	NaN	NaN	NaN	NaN	NaN	NaN	NaN	NaN	NaN	NaN	NaN	NaN	NaN	NaN	NaN	NaN
1.2833899635024131e-8	1.1558569618501798e-8	1.040997167045298e-8	9.375512174313947e-9	8.443848966129742e-9	7.604766975230652e-9	6.849066222740795e-9	6.168460949896687e-9	5.555488770184387e-9	5.003428849208666e-9	4.5062282151905134e-9	4.058435392136347e-9	3.655140628010557e-9	3.2919220625528295e-9	2.9647972445059936e-9	2.6701794666728586e-9	2.4048384400448384e-9	2.1658648758202035e-9	1.950638586977219e-9	1.7567997596570254e-9	1.5822230793659865e-9	1.4249944283084268e-9	1.2833898983514295e-9	1.1558568895127494e-9	1.0409970867292601e-9	9.37551128257465e-10	8.443847976052393e-10	7.604765875984605e-10	6.849065002307639e-10	6.168459594941828e-10	5.555487265915509e-10	5.003427179219883e-10	4.506226361291181e-10	4.0584333341635097e-10	3.6551383436241573e-10	3.2919195270130566e-10	2.9647944304325417e-10	2.670176343786487e-10	2.404834974892558e-10	2.1658610314867556e-10	1.9506343227874615e-10	1.7567950308766174e-10	1.5822178369116604e-10	1.4249886184846323e-10	1.2833834626377772e-10	1.1558497644373111e-10	1.0409892038775198e-10	9.375424144870828e-11	8.443751755648818e-11	7.604659766876668e-11	6.848948181910631e-11	6.168331248948819e-11	5.555346625741388e-11	5.003273577050949e-11	4.506059309652496e-11	4.0582526395122466e-11	3.6549442670360403e-11	3.291713009907512e-11	2.964577409969254e-11	2.669952191733486e-11	2.4046091063379954e-11	2.1656417470189534e-11	1.950433971469199e-11	1.7566316139584948e-11	1.5821172172458357e-11	1.424987562991706e-11	1.2835338322115866e-11	1.1562242882454233e-11	1.0416894500721139e-11	9.387098243654868e-12	8.462064099983227e-12	7.63234415982099e-12	6.889810174561085e-12	6.227686696458581e-12	5.640668464092491e-12	5.125178509707932e-12	4.679884849231813e-12	4.306739787203576e-12	4.013188017325452e-12	3.81731802301212e-12	3.761663470498441e-12	3.958782628197505e-12	4.805772298647865e-12	9.267005890763009e-12	NaN	NaN	NaN	NaN	NaN	NaN	NaN	NaN	NaN	NaN	NaN	NaN	NaN	NaN	NaN	NaN
1.3640365133751703e-8	1.2284895043729385e-8	1.1064120699915986e-8	9.964657119321646e-9	8.974449411213425e-9	8.082640603214217e-9	7.279452601783817e-9	6.556078981892669e-9	5.9045884303979e-9	5.317837784442256e-9	4.7893937113994344e-9	4.313462171638264e-9	3.88482489071161e-9	3.4987821444295818e-9	3.151101229493224e-9	2.8379700547032992e-9	2.5559553439024395e-9	2.3019649923736166e-9	2.0732141639577218e-9	1.867194757167591e-9	1.6816479055146163e-9	1.5145392105322184e-9	1.3640364359426678e-9	1.2284894183985592e-9	1.1064119745335058e-9	9.964656059448385e-10	8.974448234442302e-10	8.082639296663626e-10	7.279451151156918e-10	6.556077371323468e-10	5.9045866422812e-10	5.317835799245949e-10	4.789391507457648e-10	4.3134597249237915e-10	3.884822174586146e-10	3.498779129370362e-10	3.151097882794961e-10	2.837966340154648e-10	2.555951221436983e-10	2.301960417696283e-10	2.0732090881490757e-10	1.8671891262706127e-10	1.6816416601116653e-10	1.5145322853243076e-10	1.3640287593493697e-10	1.228480912205549e-10	1.1064025536268573e-10	9.964551781879834e-11	8.974332897767599e-11	8.082511845359803e-11	7.279310473989289e-11	6.555922317606658e-11	5.90441604819924e-11	5.317648528389602e-11	4.789186511320018e-11	4.3132361312676465e-11	3.8845794145760406e-11	3.498517118448599e-11	3.1508172758822194e-11	2.8376688894360216e-11	2.5556402755244806e-11	2.301641615403671e-11	2.0728913199444812e-11	1.866885863729509e-11	1.681372791238905e-11	1.5143266455027613e-11	1.3639276197464667e-11	1.2285427883440877e-11	1.1067098396111019e-11	9.971233175012833e-12	8.986234959497821e-12	8.101881840453556e-12	7.309280423089611e-12	6.60086481768811e-12	5.970461348644417e-12	5.413457147471318e-12	4.927149630411976e-12	4.511442344067886e-12	4.170271568348467e-12	3.914749115098019e-12	3.770902115726558e-12	3.802140200776944e-12	4.193677121057847e-12	5.764863304556693e-12	2.7071350604209623e-11	NaN	NaN	NaN	NaN	NaN	NaN	NaN	NaN	NaN	NaN	NaN	NaN	NaN	NaN	NaN
1.4387929670451939e-8	1.2958172612121193e-8	1.1670493343082148e-8	1.0510773312105551e-8	9.466296956346965e-9	8.525612283613074e-9	7.67840530884416e-9	6.915386968091892e-9	6.228191270078938e-9	5.609283568639748e-9	5.05187795031043e-9	4.549862831277314e-9	4.097733947903992e-9	3.690534006122287e-9	3.3237983279826312e-9	2.9935058994142977e-9	2.696035282466481e-9	2.428124908637203e-9	2.186837317932604e-9	1.9695269515616047e-9	1.77381114513412e-9	1.597544004322452e-9	1.4387928765497556e-9	1.2958171607332345e-9	1.1670492227448957e-9	1.051077207340536e-9	9.466295581011295e-10	8.525610756580147e-10	7.678403613395522e-10	6.91538508567153e-10	6.228189180093169e-10	5.60928124823597e-10	5.051875374132795e-10	4.5498599711972465e-10	4.097730772723463e-10	3.690530481247725e-10	3.323794415067534e-10	2.99350155596873e-10	2.696030461432221e-10	2.42811955792792e-10	2.1868313799396138e-10	1.9695203626274261e-10	1.7738038349985103e-10	1.5975358955491635e-10	1.4387838839473276e-10	1.2958071907902764e-10	1.1670381731103921e-10	1.0510649663937208e-10	9.466160046750036e-11	8.525460790076313e-11	7.678237814836072e-11	6.91520197183038e-11	6.22798720132927e-11	5.60905881703059e-11	5.051630910003056e-11	4.549591968670926e-11	4.097437901596539e-11	3.690211731826116e-11	3.3234493058671146e-11	2.993130427892077e-11	2.695634891413922e-11	2.427702937346881e-11	2.1863997199832072e-11	1.9690834119846017e-11	1.7733766271628887e-11	1.597140887013238e-11	1.4384539054946355e-11	1.295589518972221e-11	1.167000148337261e-11	1.0513017541478897e-11	9.472613434619338e-12	8.537872273902132e-12	7.699224465070108e-12	6.9484214731781145e-12	6.2785635329255085e-12	5.684208475954756e-12	5.161615043668354e-12	4.709231632155931e-12	4.328677809799279e-12	4.026820128374372e-12	3.820579997465641e-12	3.749676884529572e-12	3.9180064862629685e-12	4.682421829342874e-12	8.487307088551593e-12	NaN	NaN	NaN	NaN	NaN	NaN	NaN	NaN	NaN	NaN	NaN	NaN	NaN	NaN	NaN
1.5116386649824806e-8	1.3614241378974751e-8	1.2261367257376021e-8	1.1042930915375328e-8	9.94557300462581e-9	8.957261721671228e-9	8.06716088718156e-9	7.265511134416119e-9	6.543522904224208e-9	5.893280073344405e-9	5.307653159350485e-9	4.780221150593617e-9	4.3052011040579255e-9	3.877384739216429e-9	3.492081332680972e-9	3.1450662875237653e-9	2.83253481336714e-9	2.5510602093744e-9	2.2975562927423224e-9	2.0692435607486066e-9	1.8636187153435033e-9	1.6784272161429447e-9	1.5116385608848824e-9	1.361424022315422e-9	1.2261365974044177e-9	1.1042929490469558e-9	9.945571422534296e-10	8.957259965062888e-10	8.067158936817577e-10	7.265508968941086e-10	6.543520499934891e-10	5.893277403933799e-10	5.307650195624791e-10	4.780217860159552e-10	4.3051974509776937e-10	3.877380683627563e-10	3.492076830378277e-10	3.1450612895006374e-10	2.832529265313847e-10	2.551054051131348e-10	2.297549457707154e-10	2.0692359752372708e-10	1.8636102979073652e-10	1.6784178768468626e-10	1.511628200555368e-10	1.3614125317738958e-10	1.2261238567090392e-10	1.1042788267783302e-10	9.945414948960738e-11	8.957086680008098e-11	8.066967152547131e-11	7.265296873168182e-11	6.54328616482252e-11	5.893018804478754e-11	5.307365241552109e-11	4.779904447052182e-11	4.304853538558942e-11	3.8770044121242775e-11	3.4916666900233865e-11	3.1446163638994755e-11	2.832049577168568e-11	2.55054104947333e-11	2.2970067004043294e-11	2.068670080607478e-11	1.8630322668429327e-11	1.677844924826067e-11	1.511086291369875e-11	1.360939877622601e-11	1.2257757511735548e-11	1.104134321302206e-11	9.947126366242194e-12	8.96353321814473e-12	8.080364559157636e-12	7.288749796486838e-12	6.581147166572256e-12	5.951410249054879e-12	5.394959551677025e-12	4.909137598500414e-12	4.4939166317754255e-12	4.153353274626311e-12	3.8988060553613014e-12	3.756904956391248e-12	3.792882893365375e-12	4.199479840747971e-12	5.852742853254125e-12	3.403292177821811e-11	NaN	NaN	NaN	NaN	NaN	NaN	NaN	NaN	NaN	NaN	NaN	NaN	NaN	NaN
1.5795154715223182e-8	1.4225558917593325e-8	1.2811936961565174e-8	1.1538789417672973e-8	1.0392157065439195e-8	9.359467839757744e-9	8.429398986517979e-9	7.591752916097302e-9	6.837345393537845e-9	6.157904839486669e-9	5.545981637800797e-9	4.99486645543504e-9	4.4985166790441825e-9	4.051490161725583e-9	3.648885553479014e-9	3.2862885611467623e-9	2.95972354860973e-9	2.6656099465677603e-9	2.400722993966246e-9	2.1621583806247333e-9	1.94730040339735e-9	1.7537932867184235e-9	1.5795153530820335e-9	1.4225557602519162e-9	1.281193550140608e-9	1.1538787796426527e-9	1.0392155265339453e-9	9.35946584108141e-10	8.429396767369524e-10	7.591750452170725e-10	6.837342657852727e-10	6.157901802095811e-10	5.545978265466633e-10	4.994862711271691e-10	4.4985125221219414e-10	4.05148554663432e-10	3.6488804298469737e-10	3.2862828731110855e-10	2.959717234235214e-10	2.665602937210555e-10	2.400715213579772e-10	2.1621497450060416e-10	1.9472908193736103e-10	1.7537826512755385e-10	1.579503552440755e-10	1.4225426689017623e-10	1.2811790298489623e-10	1.153862678466472e-10	1.0391976778756476e-10	9.359268058770684e-11	8.429177707054064e-11	7.591507966982747e-11	6.837074438136978e-11	6.157605384774543e-11	5.545651054515528e-11	4.9945020142487205e-11	4.498115609606191e-11	4.051049744063433e-11	3.648403254854764e-11	3.28576223642491e-11	2.959151728993691e-11	2.664992250890009e-11	2.4000607095118448e-11	2.161455278024432e-11	1.9465638742374367e-11	1.7530359256780372e-11	1.5787571521393215e-11	1.4218271458158159e-11	1.2805395821771622e-11	1.153364955932187e-11	1.0389358121483352e-11	9.360345436893051e-12	8.435839723706397e-12	7.606411604282821e-12	6.8639528693260815e-12	6.201711298180578e-12	5.6144106774152394e-12	5.09851365929295e-12	4.6527483316852105e-12	4.279170807338768e-12	3.985434821620277e-12	3.7901271332857516e-12	3.7372190192739104e-12	3.944607944993087e-12	4.8398249058573954e-12	9.92400581126631e-12	NaN	NaN	NaN	NaN	NaN	NaN	NaN	NaN	NaN	NaN	NaN	NaN	NaN	NaN
1.6443338138951284e-8	1.4809331070922489e-8	1.333769851992069e-8	1.2012305008687272e-8	1.081861847427986e-8	9.743550933616847e-9	8.77531498240221e-9	7.903294554036216e-9	7.117928521468929e-9	6.4106058657679695e-9	5.773571261993164e-9	5.199840047189646e-9	4.683121638179768e-9	4.217750559480533e-9	3.798624325113326e-9	3.4211474932210737e-9	3.0811812800887166e-9	2.7749981811180874e-9	2.4992411012061874e-9	2.250886546418505e-9	2.0272114733784374e-9	1.8257634328982989e-9	1.6443336804965601e-9	1.4809329589759787e-9	1.3337696875345699e-9	1.2012303182674754e-9	1.0818616446817613e-9	9.743548682487156e-10	8.775312482939457e-10	7.903291778858047e-10	7.117925440178301e-10	6.410602444622937e-10	5.773567463541136e-10	5.199835829862499e-10	4.68311695584598e-10	4.217745360950174e-10	3.7986185535915935e-10	3.421141085705807e-10	3.0811741667073354e-10	2.7749902843994124e-10	2.4992323352829394e-10	2.2508768161569038e-10	2.027200673432412e-10	1.8257514466876053e-10	1.6443203791108648e-10	1.4809182000109808e-10	1.3337533138722212e-10	1.201212156820867e-10	1.0818415051373899e-10	9.743325418559508e-11	8.775065067754906e-11	7.90301772576383e-11	7.117622053847781e-11	6.410266822260717e-11	5.773196505156433e-11	5.19942626190593e-11	4.682665374193131e-11	4.217248301537495e-11	3.798072602200845e-11	3.4205430427743304e-11	3.080521289053364e-11	2.7742806339989773e-11	2.498465276547167e-11	2.2500537186775136e-11	2.0263258984653797e-11	1.824833724919102e-11	1.643374727559906e-11	1.479968581613402e-11	1.3328363206294343e-11	1.2003821056612287e-11	1.0811774890192714e-11	9.739481997657305e-12	8.775636029875184e-12	7.91029174515065e-12	7.134826444178963e-12	6.441950144881781e-12	5.825787019958954e-12	5.2820718215388055e-12	4.808550844648833e-12	4.40578342064645e-12	4.078809479122544e-12	3.840911438204542e-12	3.7232042615710986e-12	3.803955515646269e-12	4.3288131555836325e-12	6.597541598601039e-12	NaN	NaN	NaN	NaN	NaN	NaN	NaN	NaN	NaN	NaN	NaN	NaN	NaN	NaN
1.7068035412086994e-8	1.5371950938929415e-8	1.3844409737410356e-8	1.2468663328908638e-8	1.122962756427786e-8	1.0113717236131034e-8	9.108697126029816e-9	8.203547853409466e-9	7.3883450553615354e-9	6.654150572560786e-9	5.99291444826186e-9	5.39738666584958e-9	4.8610376572035355e-9	4.377986710303742e-9	3.9429374911141314e-9	3.55111997278404e-9	3.1982381354597155e-9	2.8804228632689733e-9	2.5941895220255433e-9	2.336399752520728e-9	2.1042270604910856e-9	1.8951258259789056e-9	1.7068033922936066e-9	1.5371949285480042e-9	1.3844407901537777e-9	1.2468661290489466e-9	1.1229625300970077e-9	1.0113714723129758e-9	9.108694335796444e-10	8.203544755371149e-10	7.388341615578021e-10	6.654146753355022e-10	5.992910207810667e-10	5.397381957730239e-10	4.861032429891854e-10	4.377980906618781e-10	3.9429310476045017e-10	3.551112819050287e-10	3.1982301934072345e-10	2.8804140462856837e-10	2.594179734078687e-10	2.3363888871675196e-10	2.104214999798664e-10	1.895112439350412e-10	1.7067885351993593e-10	1.5371784411640557e-10	1.3844224959151232e-10	1.2468458331318882e-10	1.1229400178556033e-10	1.0113465077093386e-10	9.108417576687601e-11	8.203238050961785e-11	7.388001879909582e-11	6.653770640417024e-11	5.992494112514556e-11	5.396922027930411e-11	4.8605245947056605e-11	4.3774209283631496e-11	3.9423146075078756e-11	3.5504356508024005e-11	3.1974882839690577e-11	2.8796039307369227e-11	2.5932989213700503e-11	2.335436467485719e-11	2.103192503244462e-11	1.894025041712457e-11	1.7056467424821487e-11	1.5360004340057312e-11	1.3832373835620883e-11	1.2456981622034751e-11	1.1218960157750747e-11	1.0105027332842116e-11	9.103371128967649e-12	8.203562864860123e-12	7.396504202668633e-12	6.674417516774791e-12	6.030897426209829e-12	5.461057523095059e-12	4.961840607286646e-12	4.532638274356015e-12	4.176555742379224e-12	3.903173035323191e-12	3.735250281825506e-12	3.727780711324082e-12	4.037087617096194e-12	5.31033302570954e-12	1.6970897702584857e-11	NaN	NaN	NaN	NaN	NaN	NaN	NaN	NaN	NaN	NaN	NaN	NaN	NaN
1.7681789481147015e-8	1.5924715050705477e-8	1.4342244584667697e-8	1.2917027341369395e-8	1.1633436756691584e-8	1.0477399109123863e-8	9.436239210719527e-9	8.498541432045931e-9	7.654024537360532e-9	6.8934289576632844e-9	6.208415265648884e-9	5.591472739403894e-9	5.035837012310225e-9	4.535415906240609e-9	4.0847226348561485e-9	3.6788156446242957e-9	3.313244433953786e-9	2.9840007563892488e-9	2.687474672840763e-9	2.4204149709901513e-9	2.1798935178989773e-9	1.963273154968203e-9	1.7681787832389462e-9	1.592471322003819e-9	1.434224255202242e-9	1.2917025084464702e-9	1.1633434250789131e-9	1.0477396326757822e-9	9.436236121396431e-10	8.498538001911632e-10	7.654020728830844e-10	6.893424729014383e-10	6.208410570563227e-10	5.591467526467029e-10	5.035831224453429e-10	4.5354094801238855e-10	4.084715500185683e-10	3.6788077233980495e-10	3.313235639628619e-10	2.983990992962637e-10	2.687463833840075e-10	2.420402938362596e-10	2.1798801607957248e-10	1.963258328417159e-10	1.76816232670231e-10	1.5924530578192255e-10	1.4342039869104056e-10	1.2916800190143843e-10	1.1633184750366165e-10	1.0477119581975865e-10	9.435929231190204e-11	8.498197783843355e-11	7.653643702325584e-11	6.893007102012166e-11	6.207948231906713e-11	5.5909560473151164e-11	5.0352658733534864e-11	4.5347852582266106e-11	4.084027205635485e-11	3.678050057437238e-11	3.3124033717694657e-11	2.983079209192779e-11	2.686468300898556e-11	2.4193206295685686e-11	2.1787100059851864e-11	1.962002273978609e-11	1.7668268239088107e-11	1.591051142009092e-11	1.4327581713726572e-11	1.2902263126501398e-11	1.1619119523719643e-11	1.0464344801565666e-11	9.425638530371567e-12	8.492109040662112e-12	7.654208082628446e-12	6.903704820359833e-12	6.233713494402851e-12	5.63880182145224e-12	5.115233531062336e-12	4.661456632223525e-12	4.279087686852202e-12	3.9750050376986175e-12	3.766234524997503e-12	3.693040080093604e-12	3.862136917403071e-12	4.649806209448297e-12	8.85399941339968e-12	NaN	NaN	NaN	NaN	NaN	NaN	NaN	NaN	NaN	NaN	NaN	NaN	NaN
1.8275319271738783e-8	1.6459264610593464e-8	1.4823674896106813e-8	1.3350616969200129e-8	1.2023939724311058e-8	1.082909702320703e-8	9.752988206203553e-9	8.783814452098485e-9	7.910949411903843e-9	7.1248226979598085e-9	6.416814950965995e-9	5.779163334409466e-9	5.204876420198438e-9	4.687657532278921e-9	4.221835707747799e-9	3.8023035184966385e-9	3.4244610716416487e-9	3.084165574741602e-9	2.7776859128196804e-9	2.5016617391563346e-9	2.2530666313107848e-9	2.029174908401307e-9	1.827531745817732e-9	1.6459262596937662e-9	1.4823672660281717e-9	1.3350614486696105e-9	1.2023936967915554e-9	1.0829093962706832e-9	9.752984808054408e-10	8.783810679058484e-10	7.910945222626769e-10	7.124818046544038e-10	6.41680978645431e-10	5.779157600234558e-10	5.204870053568469e-10	4.687650463496955e-10	4.221827859458466e-10	3.8022948048527946e-10	3.42445139738342e-10	3.084154834179703e-10	2.7776739887146225e-10	2.5016485014850295e-10	2.2530519359121776e-10	2.029158595493279e-10	1.8275136383787113e-10	1.64590616170456e-10	1.4823449605729154e-10	1.3350366958998734e-10	1.202366231765313e-10	1.0828789266890444e-10	9.752646846860836e-11	8.783435912549184e-11	7.910529768390813e-11	7.124357659654764e-11	6.416299843757491e-11	5.778593091858128e-11	5.204245585751516e-11	4.686960278503995e-11	4.221065880644959e-11	3.801454718114114e-11	3.4235267845726484e-11	3.083139380059161e-11	2.7765617912136435e-11	2.500434526297303e-11	2.2517326719137145e-11	2.0277329886588213e-11	1.825984410984147e-11	1.6442816636465185e-11	1.4806417548828376e-11	1.3332831571183689e-11	1.2006075428284343e-11	1.0811840111714685e-11	9.73735828615902e-12	8.7712982896785e-12	7.903688031442677e-12	7.12587512423232e-12	6.430534958982076e-12	5.811748623650351e-12	5.2651932375725055e-12	4.7885320106717175e-12	4.382195382907328e-12	4.0510083999843155e-12	3.807866838024529e-12	3.683123244873844e-12	3.753342134011038e-12	4.259594575712413e-12	6.4864684288427526e-12	NaN	NaN	NaN	NaN	NaN	NaN	NaN	NaN	NaN	NaN	NaN	NaN	NaN
1.9403205893208215e-8	1.747507090477919e-8	1.5738538506945713e-8	1.4174568770891997e-8	1.2766013803217565e-8	1.1497429730631529e-8	1.0354907368099941e-8	9.325919713834549e-9	8.39918459900625e-9	7.56454098622844e-9	6.812837560504825e-9	6.135832391115182e-9	5.5261025642980474e-9	4.976962795912485e-9	4.482392131720594e-9	4.0369679316079e-9	3.6358064139222134e-9	3.2745091080390365e-9	2.9491146280412877e-9	2.6560552387436553e-9	2.3921177378367834e-9	2.154408225249875e-9	1.9403203734510823e-9	1.7475068507905228e-9	1.5738535845617939e-9	1.4174565815934653e-9	1.2766010522236913e-9	1.1497426087661185e-9	1.0354903323207288e-9	9.325915222683864e-10	8.399179612374021e-10	7.564535449465519e-10	6.812831412939839e-10	6.135825565392834e-10	5.526094985645452e-10	4.976954381325951e-10	4.4823827890646303e-10	4.0369575586174014e-10	3.635794897098194e-10	3.27449632142745e-10	2.9491004318838565e-10	2.6560394779891024e-10	2.392100240500453e-10	2.154388800609698e-10	1.9402988100682233e-10	1.7474829143441152e-10	1.5738270154892277e-10	1.4174270925311753e-10	1.276568325248878e-10	1.1497062924481665e-10	1.03545003860337e-10	9.325468232214967e-11	8.398683857428173e-11	7.563985754184481e-11	6.812222105851727e-11	6.135150452558684e-11	5.525347331103048e-11	4.976126899416897e-11	4.481467655128857e-11	4.035946447158956e-11	3.6346790601348916e-11	3.273266724701142e-11	2.9477479734287134e-11	2.6545553229185517e-11	2.3904763187198194e-11	2.1526185317826208e-11	1.938378144341045e-11	1.7454118105317044e-11	1.571611524101545e-11	1.4150822740724652e-11	1.2741223217479492e-11	1.1472059927582394e-11	1.0329689520200938e-11	9.301960279587689e-12	8.378117941304212e-12	7.548743381490059e-12	6.805730236030315e-12	6.14231736706219e-12	5.553204508347373e-12	5.034807416175849e-12	4.5857713463217965e-12	4.208012330056224e-12	3.908955295916138e-12	3.70683967699663e-12	3.6452578287502246e-12	3.842861461563646e-12	4.742799921586473e-12	1.0377034352939268e-11	NaN	NaN	NaN	NaN	NaN	NaN	NaN	NaN	NaN	NaN	NaN	NaN
2.0456762869857282e-8	1.8423933838064118e-8	1.6593111051142255e-8	1.4944220748544054e-8	1.3459183939042118e-8	1.2121718176551913e-8	1.0917159033883277e-8	9.832299316998594e-9	8.855244256868276e-9	7.97528109119822e-9	7.182761606079037e-9	6.468996349704e-9	5.826159358279098e-9	5.247202349507866e-9	4.725777442839292e-9	4.256167559157475e-9	3.833223736791648e-9	3.4523086765581262e-9	3.1092458968428945e-9	2.8002739412439577e-9	2.522005136690549e-9	2.2713884498492785e-9	2.0456760345622495e-9	1.8423931035319806e-9	1.6593107939160638e-9	1.4944217293207668e-9	1.3459180102470094e-9	1.2121713916685084e-9	1.0917154304023658e-9	9.832294065298204e-10	8.855238425761855e-10	7.975274616773672e-10	7.182754417378876e-10	6.468988367950348e-10	5.826150496014067e-10	5.247192509640279e-10	4.725766517587873e-10	4.256155428879659e-10	3.833210268686255e-10	3.4522937232291004e-10	3.1092292947103136e-10	2.8002555087876095e-10	2.5219846725104977e-10	2.271365730527192e-10	2.045650812306981e-10	1.8423651035930287e-10	1.6592797117495125e-10	1.4943872274943603e-10	1.345879715074695e-10	1.21212888957077e-10	1.0916682639978953e-10	9.831770704779133e-11	8.85465779209435e-11	7.974630564933386e-11	7.182040188598593e-11	6.468196545703385e-11	5.82527296587823e-11	5.246220426689686e-11	4.724690286547315e-11	4.254964704474307e-11	3.831893986655339e-11	3.450840176656418e-11	3.107626276081817e-11	2.7984905460973953e-11	2.5200453985960914e-11	2.2692404397112648e-11	2.043329278849953e-11	1.839839764479762e-11	1.6565473548036884e-11	1.4914513787508986e-11	1.342753992473543e-11	1.2088416917438236e-11	1.0882693058743366e-11	9.79746481627604e-12	8.821267794772711e-12	7.943996747848898e-12	7.1568603288623854e-12	6.452381129980025e-12	5.824460743527648e-12	5.268548144857221e-12	4.7819897646942975e-12	4.364732449831917e-12	4.020784571643471e-12	3.761498363978752e-12	3.6138762097297045e-12	3.645659977253965e-12	4.066009213183211e-12	5.930993757667325e-12	NaN	NaN	NaN	NaN	NaN	NaN	NaN	NaN	NaN	NaN	NaN	NaN
2.1455233900195244e-8	1.9323184824542604e-8	1.7403001685864588e-8	1.5673630946479247e-8	1.4116111200417363e-8	1.2713365274151266e-8	1.145001298668572e-8	1.0312202516049196e-8	9.287458523230553e-9	8.36454536834076e-9	7.533343919255258e-9	6.7847406020252244e-9	6.110527476568976e-9	5.5033122420395025e-9	4.9564371851365895e-9	4.4639061826853745e-9	4.020318958112876e-9	3.6208118709883236e-9	3.261004590423717e-9	2.9369520676437593e-9	2.6451012811361655e-9	2.3822522801215384e-9	2.145523099210222e-9	1.9323181595585832e-9	1.7402998100642821e-9	1.5673626965685795e-9	1.4116106780409443e-9	1.2713360366471857e-9	1.1450007537532831e-9	1.0312196465686656e-9	9.2874518053341e-10	8.364537909272215e-10	7.53333563725703e-10	6.784731406326498e-10	6.110517266394018e-10	5.503300905507602e-10	4.956424598042037e-10	4.463892207144742e-10	4.0203034410657286e-10	3.6207946425361203e-10	3.2609854619904004e-10	2.9369308299402093e-10	2.6450777019093613e-10	2.382226101668127e-10	2.1454940356332036e-10	1.932285893745195e-10	1.7402639903631412e-10	1.5673229331449594e-10	1.4115665388911815e-10	1.2712870432572088e-10	1.1449463763929175e-10	1.0311592992238691e-10	9.28678215494413e-11	8.363794930739014e-11	7.532511445852813e-11	6.783817323330636e-11	6.10950375949987e-11	5.502177532978134e-11	4.95517996082998e-11	4.462513915056691e-11	4.0187781016319883e-11	3.619107884816685e-11	3.2591220124669005e-11	2.9348746644127024e-11	2.6428123066167765e-11	2.3797348896127288e-11	2.14276098158716e-11	1.9292964753999282e-11	1.7370065559621113e-11	1.56379066107356e-11	1.407760216814179e-11	1.267218980300773e-11	1.140645881646292e-11	1.0266803290146814e-11	9.241100355817715e-12	8.318615630004087e-12	7.489939875130171e-12	6.746964530342008e-12	6.0829103073075144e-12	5.4924359048103194e-12	4.971880852311186e-12	4.519756947808498e-12	4.137749180578304e-12	3.832877383259004e-12	3.6226510824572424e-12	3.549308110332252e-12	3.729086584530871e-12	4.605124016155955e-12	1.0534649639277575e-11	NaN	NaN	NaN	NaN	NaN	NaN	NaN	NaN	NaN	NaN	NaN
2.240926094922159e-8	2.018240831608617e-8	1.8176842437029773e-8	1.6370573609113222e-8	1.4743797289703948e-8	1.3278676952769139e-8	1.1959148523168799e-8	1.0770744244700212e-8	9.700434050723293e-9	8.736482698100862e-9	7.868321098021964e-9	7.086430432935748e-9	6.3822377890148944e-9	5.748022159827515e-9	5.17682979061e-9	4.6623979349468e-9	4.199086187899535e-9	3.7818146426986554e-9	3.4060081929266923e-9	3.0675463695033777e-9	2.7627181624683663e-9	2.48818133221231e-9	2.240925764030832e-9	2.0182404642083552e-9	1.8176838357656656e-9	1.63705690796445e-9	1.474379226048048e-9	1.3278671368653568e-9	1.1959142322941518e-9	1.0770737360388725e-9	9.70042640685787e-10	8.736474210888272e-10	7.868311674428388e-10	7.086419969668999e-10	6.382226171394996e-10	5.748009260533565e-10	5.176815468290013e-10	4.662382032675847e-10	4.1990685314700784e-10	3.781795038725435e-10	3.4059864267468327e-10	3.06752220285076e-10	2.7626913308995233e-10	2.48815154225945e-10	2.2408926900559876e-10	2.0182037449312923e-10	1.8176430704372664e-10	1.637011652156982e-10	1.4743289870344658e-10	1.327811368562042e-10	1.1958523297459202e-10	1.0770050294327288e-10	9.699663888920246e-11	8.735628047465709e-11	7.86737281634521e-11	7.085378435659802e-11	6.381070969727723e-11	5.746728311000833e-11	5.175395527929113e-11	4.6608086301691486e-11	4.19732591739217e-11	3.779866161873282e-11	3.40385295103203e-11	3.065164585081296e-11	2.760088987823449e-11	2.485283146290218e-11	2.2377366482492977e-11	2.0147389365400836e-11	1.8138499467984486e-11	1.632873841608874e-11	1.4698356010004962e-11	1.3229602784990815e-11	1.1906547865396849e-11	1.0714921393742553e-11	9.641981630600057e-12	8.676407938744093e-12	7.808222536030645e-12	7.028746626119759e-12	6.330601339735814e-12	5.707773121341908e-12	5.155781988421283e-12	4.6720320918275e-12	4.256520110004916e-12	3.913322594654757e-12	3.653985270991452e-12	3.5062725102074556e-12	3.541387473289082e-12	3.988838742120793e-12	6.143456526473628e-12	NaN	NaN	NaN	NaN	NaN	NaN	NaN	NaN	NaN	NaN	NaN
2.332429829273243e-8	2.1006516586308476e-8	1.891905743589913e-8	1.7039033233027143e-8	1.5345830756171663e-8	1.3820885160432432e-8	1.244747642628832e-8	1.1210546035645629e-8	1.009653186515018e-8	9.09321948647775e-9	8.189608243208822e-9	7.375790635909201e-9	6.642843692953737e-9	5.9827311360460736e-9	5.388215267744102e-9	4.852777614896133e-9	4.37054745789553e-9	3.936237462124426e-9	3.545085705827846e-9	3.1928034687922554e-9	2.8755282093659263e-9	2.5897812142452708e-9	2.332429456685049e-9	2.100651244932993e-9	1.8919052842466377e-9	1.7039028132778459e-9	1.534582509318927e-9	1.3820878872629667e-9	1.2447469444729331e-9	1.1210538283790083e-9	1.009652325801486e-9	9.093209929705823e-10	8.189597632036752e-10	7.375778854020081e-10	6.642830611204693e-10	5.982716611056046e-10	5.388199140326917e-10	4.852759708322144e-10	4.370527575963523e-10	3.9362153870235836e-10	3.54506119576762e-10	3.1927762553759835e-10	2.875497994681824e-10	2.5897476676462726e-10	2.3323922112268014e-10	2.1006098934372107e-10	1.8918593749552913e-10	1.7038518450623139e-10	1.5345259264077186e-10	1.382025073452301e-10	1.2446772167869136e-10	1.1209764301512605e-10	1.0095664191590154e-10	9.092256507149292e-11	8.188539601063763e-11	7.374604889640114e-11	6.641528218926856e-11	5.981272027360337e-11	5.38659723302456e-11	4.8509838807928985e-11	4.368559681166783e-11	3.934035659837281e-11	3.542648215892614e-11	3.1901069581329504e-11	2.8725477540401176e-11	2.5864904854638374e-11	2.328801059906202e-11	2.0966572773219322e-11	1.8875182005865413e-11	1.699096724335576e-11	1.5293350830897398e-11	1.3763830871756786e-11	1.2385789262996023e-11	1.114432439250142e-11	1.0026108197613573e-11	9.019268228974089e-12	8.113296717250688e-12	7.298990765157625e-12	6.568431424834684e-12	5.915016167553199e-12	5.333572696567786e-12	4.820610687461539e-12	4.374833343334448e-12	3.99819185078202e-12	3.698205706882058e-12	3.493644691521445e-12	3.4308376641939146e-12	3.643678318596167e-12	4.701457042937091e-12	1.619626575008983e-11	NaN	NaN	NaN	NaN	NaN	NaN	NaN	NaN	NaN	NaN
2.4204768236575345e-8	2.179949248777126e-8	1.963323375109174e-8	1.768224043273156e-8	1.59251211817732e-8	1.434261034817705e-8	1.2917356747675253e-8	1.1633733417516163e-8	1.0477666277156827e-8	9.436479815281603e-9	8.498758111206942e-9	7.654219666864118e-9	6.893604676975352e-9	6.20857350141543e-9	5.5916152265754034e-9	5.035965313164263e-9	4.535531427511153e-9	4.0848266431575024e-9	3.6789092803386653e-9	3.3133287237348274e-9	2.984076624418641e-9	2.6875429509612543e-9	2.4204764078261564e-9	2.1799487870647536e-9	1.9633228624535824e-9	1.7682234740536131e-9	1.5925114861529835e-9	1.4342603330592187e-9	1.291734895581082e-9	1.163372476594648e-9	1.04776566710327e-9	9.436469149291298e-10	8.498746268422823e-10	7.654206517462373e-10	6.893590076815011e-10	6.208557290461264e-10	5.591597227147831e-10	5.035945327997431e-10	4.5355092375986e-10	4.084802005362598e-10	3.6788819247447845e-10	3.313298350707815e-10	2.984042901351517e-10	2.687505508668464e-10	2.420434836551916e-10	2.1799026320672951e-10	1.9632716191245414e-10	1.768166582529509e-10	1.5924483253740403e-10	1.4341902142299939e-10	1.2916570549880371e-10	1.163286067738645e-10	1.0476697521109962e-10	9.435404552180743e-11	8.497564730310406e-11	7.652895328283172e-11	6.892135195201326e-11	6.20694322304987e-11	5.589806904220004e-11	5.033959978597033e-11	4.533308268923406e-11	4.0823628935324734e-11	3.676180127262816e-11	3.3103072553817095e-11	2.980733832588687e-11	2.6838478205188702e-11	2.4163961334905167e-11	2.1754491744268313e-11	1.958368991864391e-11	1.762780735776317e-11	1.586547135797066e-11	1.4277457718355667e-11	1.2846489559888262e-11	1.1557060989571286e-11	1.039528498222604e-11	9.348765665232223e-12	8.406496311644209e-12	7.558786036671286e-12	6.797220985502483e-12	6.114670832542505e-12	5.505361201384418e-12	4.9650530146618045e-12	4.49141523418517e-12	4.084786469541315e-12	3.749807308522824e-12	3.4992534346826164e-12	3.3643642871565985e-12	3.4291524959737085e-12	3.9931932371473554e-12	7.34354534473907e-12	NaN	NaN	NaN	NaN	NaN	NaN	NaN	NaN	NaN	NaN
2.505431539484326e-8	2.256461846205083e-8	2.0322327641467458e-8	1.830285769779235e-8	1.648406647921699e-8	1.4846012143380321e-8	1.3370734508261164e-8	1.2042058130665254e-8	1.084541495319254e-8	9.767684575126387e-9	8.797050395920447e-9	7.922870053991762e-9	7.135558740267228e-9	6.426484107093624e-9	5.787871620256926e-9	5.212719316358463e-9	4.694721030918878e-9	4.228197255456919e-9	3.808032865436614e-9	3.4296210363110173e-9	3.08881273273902e-9	2.7818712171579316e-9	2.5054310789284007e-9	2.2564613348333886e-9	2.0322321963525607e-9	1.8302851393372471e-9	1.6484059479197736e-9	1.484600437101443e-9	1.337072587833435e-9	1.2042048548562292e-9	1.0845404313860535e-9	9.76767276192377e-10	8.797037279339241e-10	7.922855490239198e-10	7.135542569691329e-10	6.42646615243569e-10	5.787851684712099e-10	5.212697181423453e-10	4.694696454003856e-10	4.228169967236127e-10	3.808002566909682e-10	3.429587395544201e-10	3.0887753812525524e-10	2.781829745922562e-10	2.5053850339308674e-10	2.2564102121671809e-10	2.0321754367869847e-10	1.8302221223145885e-10	1.6483359849275372e-10	1.484522764364516e-10	1.336986358270005e-10	1.2041091292420638e-10	1.0844341686751514e-10	9.766493229492854e-11	8.795728068459037e-11	7.921402464820058e-11	7.133930097392455e-11	6.42467696296738e-11	5.7858667211187095e-11	5.2104954467410635e-11	4.692254857113046e-11	4.2254631737387133e-11	3.8050028636665644e-11	3.426264581416731e-11	3.0850967019961766e-11	2.7777598986375117e-11	2.5008862767244768e-11	2.251442628733428e-11	2.026697424824716e-11	1.8241912009337204e-11	1.6417100519419373e-11	1.4772619830758544e-11	1.3290559197721418e-11	1.1954832271799131e-11	1.0751016487091194e-11	9.66621644236841e-12	8.68895202798218e-12	7.80907340968059e-12	7.0177071529042044e-12	6.307241564231864e-12	5.671366527400152e-12	5.1051978125026266e-12	4.6055479322840954e-12	4.171480767270347e-12	3.8054784196926605e-12	3.516091099515606e-12	3.3247240039274995e-12	3.2864570893493695e-12	3.575657380877134e-12	5.1203811900892885e-12	NaN	NaN	NaN	NaN	NaN	NaN	NaN	NaN	NaN	NaN
2.5875985670158768e-8	2.330463773439706e-8	2.098880973255334e-8	1.8903110142788032e-8	1.702467064904218e-8	1.5332895405082034e-8	1.3809235214671726e-8	1.2436984151909146e-8	1.1201096391801318e-8	1.0088021242748061e-8	9.085554572173991e-9	8.18270499628935e-9	7.369573366838881e-9	6.637244233490686e-9	5.9776880918219975e-9	5.383673345115674e-9	4.848687014686762e-9	4.366863329380347e-9	3.9329194112717564e-9	3.5420973524053837e-9	3.1901120474818783e-9	2.873104210513669e-9	2.587598060307484e-9	2.330463210823222e-9	2.0988803485621585e-9	1.890310320659747e-9	1.702466294754426e-9	1.5332886853837903e-9	1.3809225719926753e-9	1.2436973609565295e-9	1.1201084686276416e-9	1.0088008245709233e-9	9.085540141131642e-10	8.182688973036262e-10	7.369555575717533e-10	6.637224479469955e-10	5.977666158362431e-10	5.383648991800267e-10	4.848659974591793e-10	4.3668333061581134e-10	3.9328860759141364e-10	3.542060339654045e-10	3.1900709518474945e-10	2.8730585818628913e-10	2.5875473989725707e-10	2.3304069621851547e-10	2.098817897053991e-10	1.8902409831328267e-10	1.702389313146218e-10	1.5332032186226335e-10	1.3808276870721913e-10	1.2435920231112593e-10	1.1199915305424389e-10	1.0086710145608973e-10	9.084099232199486e-11	8.181089652696389e-11	7.367780576797465e-11	6.635254707516585e-11	5.975480518733899e-11	5.381224208246173e-11	4.8459704022645714e-11	4.3638507437445615e-11	3.9295795840321765e-11	3.538396076090374e-11	3.186012038976464e-11	2.868565028173233e-11	2.582576105696233e-11	2.3249118584623933e-11	2.092750264081502e-11	1.883550050944401e-11	1.6950232452476156e-11	1.5251106425942505e-11	1.371959987495368e-11	1.2339066923750004e-11	1.1094569812910231e-11	9.972734068263135e-12	8.961627689114429e-12	8.050665756326816e-12	7.2305435614628016e-12	6.493204228610442e-12	5.831852108826664e-12	5.241033848486353e-12	4.71683180446621e-12	4.257266718641469e-12	3.8631360094917805e-12	3.5398679400050268e-12	3.3020773184604402e-12	3.186674567480738e-12	3.3012188938690594e-12	4.105516200926973e-12	1.3578396129279058e-11	NaN	NaN	NaN	NaN	NaN	NaN	NaN	NaN	NaN
2.744562739925128e-8	2.4718301055268877e-8	2.2261994528208372e-8	2.0049776042144725e-8	1.8057390085028647e-8	1.626299146304492e-8	1.4646905782515422e-8	1.3191413733189553e-8	1.1880556807730663e-8	1.0699962327241668e-8	9.636685854350211e-9	8.679069266017169e-9	7.816612929930795e-9	7.0398605829852e-9	6.340295649611851e-9	5.710247863163227e-9	5.142809166513818e-9	4.63175796978427e-9	4.171490934724693e-9	3.7569615378180395e-9	3.3836247384886227e-9	3.0473871457393077e-9	2.744562136827488e-9	2.4718294358858763e-9	2.2261987092943776e-9	2.0049767786504176e-9	1.805738091849629e-9	1.62629812851182e-9	1.464689448160345e-9	1.3191401185389817e-9	1.1880542875471046e-9	1.0699946857772659e-9	9.636668678070953e-10	8.679050194617048e-10	7.816591754326325e-10	7.039837071029721e-10	6.340269543553177e-10	5.710218876821602e-10	5.142776982149714e-10	4.6317222346221913e-10	4.171451257095636e-10	3.7569174828793586e-10	3.383575823475775e-10	3.047332834699367e-10	2.7445018347793434e-10	2.4717624823466915e-10	2.2261243711063411e-10	2.0048942420359135e-10	1.8056464536170432e-10	1.6261963863283178e-10	1.464576489802398e-10	1.3190147100266785e-10	1.1879150600648095e-10	1.0698401212819399e-10	9.634952832276429e-11	8.677145493998007e-11	7.814477532898038e-11	7.037490445835526e-11	6.337665193345539e-11	5.707328804893667e-11	5.139570264714464e-11	4.6281647574405677e-11	4.1675054449203637e-11	3.752542028918768e-11	3.378725429778305e-11	3.0419579795018246e-11	2.7385485899723686e-11	2.4651724139895622e-11	2.2188345693061513e-11	1.9968375447388653e-11	1.796751953592833e-11	1.616390344045454e-11	1.453783819880804e-11	1.3071612693616003e-11	1.1749310467600648e-11	1.055665002535391e-11	9.480848181608362e-12	8.510506769947029e-12	7.635524067404885e-12	6.84703389884637e-12	6.1373781679474714e-12	5.500123884628539e-12	4.9301468017506625e-12	4.4238283034052214e-12	3.979470500302439e-12	3.5981848521192443e-12	3.2859418802265713e-12	3.058916369519594e-12	2.9603069977123046e-12	3.132722494856063e-12	4.4239559859167284e-12	NaN	NaN	NaN	NaN	NaN	NaN	NaN	NaN	NaN
2.8930231457690325e-8	2.6055377067067392e-8	2.3466202647198044e-8	2.1134319613620804e-8	1.9034160411695472e-8	1.7142698185282548e-8	1.543919430250068e-8	1.3904970970349286e-8	1.2523206445065813e-8	1.127875059283507e-8	1.0157958778595574e-8	9.148542261643687e-9	8.239433457722279e-9	7.420664590281909e-9	6.683258400405831e-9	6.019129717105548e-9	5.420996808770208e-9	4.882301543797259e-9	4.397137485018421e-9	3.9601851295239586e-9	3.5666535838327696e-9	3.2122280349151307e-9	2.8930224411225843e-9	2.6055369243123606e-9	2.3466193959991355e-9	2.1134309967902784e-9	1.9034149701708655e-9	1.7142686293600987e-9	1.5439181098742676e-9	1.3904956309748047e-9	1.252319016688261e-9	1.127873251859732e-9	1.0157938710140708e-9	9.148519978947366e-10	8.239408716487256e-10	7.420637119261241e-10	6.683227898431267e-10	6.01909584978871e-10	5.420959204840786e-10	4.882259791038487e-10	4.3970911257558756e-10	3.960133655619091e-10	3.566596431127417e-10	3.2121645770676655e-10	2.8929519827703215e-10	2.6054586934881695e-10	2.3465325357231954e-10	2.1133345557503246e-10	1.9033078923963416e-10	1.714149742787393e-10	1.5437861136918872e-10	1.3903490816291986e-10	1.252156312423502e-10	1.127692615657985e-10	1.0155933317996638e-10	9.146293698639484e-11	8.236937315919275e-11	7.41789374421148e-11	6.680182802221944e-11	6.015716100108844e-11	5.4172083677618544e-11	4.8780975932002096e-11	4.3924730970788627e-11	3.9550107568897427e-11	3.56091467362675e-11	3.205864645386769e-11	2.8859688774829943e-11	2.5977214179849248e-11	2.3379638619762152e-11	2.1038509180287728e-11	1.8928194772228255e-11	1.7025608693089998e-11	1.5309960331512456e-11	1.3762533702968021e-11	1.2366490923537555e-11	1.1106699159254584e-11	9.969580045993918e-12	8.942981082044751e-12	8.016069096282842e-12	7.179246684405821e-12	6.424093701025423e-12	5.743337999629662e-12	5.13086380330379e-12	4.5817751776388054e-12	4.092553043667894e-12	3.661395557507428e-12	3.2889680083522898e-12	2.9801940526221645e-12	2.749150743399297e-12	2.635669240485713e-12	2.7890216112749333e-12	4.829393320349714e-12	NaN	NaN	NaN	NaN	NaN	NaN	NaN	NaN
3.034228272516072e-8	2.7327110002271847e-8	2.461156096036575e-8	2.2165861400862442e-8	1.9963195846218344e-8	1.7979413525956765e-8	1.6192763579448227e-8	1.458365657211457e-8	1.313444971023949e-8	1.1829253399408337e-8	1.0653757025618243e-8	9.595072048863786e-9	8.641590688823158e-9	7.782858653226883e-9	7.009460513459864e-9	6.31291647061608e-9	5.685589380113971e-9	5.120601015459013e-9	4.61175665304098e-9	4.1534771510881205e-9	3.7407377780689035e-9	3.369013119835258e-9	3.034227461450528e-9	2.7327100996717878e-9	2.461155096117394e-9	2.21658502983991e-9	1.9963183518753507e-9	1.7979399838329533e-9	1.619274838158504e-9	1.4583639697383893e-9	1.3134430973625178e-9	1.1829232595481434e-9	1.0653733926285165e-9	9.59504640086618e-10	8.641562210962135e-10	7.7828270332813e-10	7.009425404764997e-10	6.312877488265346e-10	5.685546096742377e-10	5.120552956562417e-10	4.6117032917803636e-10	4.1534179025225917e-10	3.740671992755127e-10	3.368940076724423e-10	3.0341463600067503e-10	2.732620051127901e-10	2.4610551137755764e-10	2.2164740183152928e-10	1.9961950951708402e-10	1.7978031321229709e-10	1.6191228931482614e-10	1.4581952684540034e-10	1.3132557942158414e-10	1.1827153065092594e-10	1.0651425173289582e-10	9.592483216685731e-11	8.638716636185798e-11	7.77966806541262e-11	7.005918677865421e-11	6.308984922911335e-11	5.681225519093716e-11	5.1157576859607143e-11	4.606381697257938e-11	4.1475129300356015e-11	3.73412066703995e-11	3.361672984653415e-11	3.026087126508762e-11	2.7236848245625855e-11	2.4511520856596602e-11	2.205503013202109e-11	1.984047281175678e-11	1.7843609221667252e-11	1.604260132768306e-11	1.441777839480823e-11	1.2951428062725959e-11	1.162761101528967e-11	1.0431997769083966e-11	9.3517264271061e-12	8.375280519062354e-12	7.492386250162886e-12	6.693928564195626e-12	5.971885341865775e-12	5.319278732560215e-12	4.730141906187899e-12	4.199497836436334e-12	3.723341519192104e-12	3.2985965926735645e-12	2.9229253574646754e-12	2.593797167455552e-12	2.3031613834877488e-12	1.993392391177248e-12	NaN	NaN	NaN	NaN	NaN	NaN	NaN	NaN	NaN
3.169148071127353e-8	2.8542235511025655e-8	2.5705937039011388e-8	2.315148715903997e-8	2.0850878018255403e-8	1.8778884959560495e-8	1.691278994994094e-8	1.5232132492264096e-8	1.3718485289464919e-8	1.2355252201425626e-8	1.1127486279279614e-8	1.0021725882006379e-8	9.025847078444203e-9	8.128930716406448e-9	7.321142701402139e-9	6.593626172296343e-9	5.938404391687691e-9	5.34829328626035e-9	4.816822678173262e-9	4.338165343840914e-9	3.90707312228214e-9	3.518819372507258e-9	3.1691471490268587e-9	2.8542225272610044e-9	2.570592567092816e-9	2.3151474536646283e-9	2.0850864003156012e-9	1.8778869398090396e-9	1.6912772671480684e-9	1.523211330736917e-9	1.3718463987788947e-9	1.2355228549414324e-9	1.11274600176105e-9	1.0021696722746067e-9	9.02581470189226e-10	8.128894767591218e-10	7.321102786190311e-10	6.593581853073673e-10	5.9383551825638e-10	5.348238647745307e-10	4.816762011267938e-10	4.3380979834769216e-10	3.906998330040138e-10	3.518736328534832e-10	3.16905494306877e-10	2.854120148705373e-10	2.5704788939267465e-10	2.3150212402217882e-10	2.0849462636863458e-10	1.8777313447708436e-10	1.6911045094602673e-10	1.5230195186292505e-10	1.3716334324481787e-10	1.235286403855224e-10	1.1124834795518074e-10	1.0018782089933208e-10	9.022578816747766e-11	8.125302308701418e-11	7.31711458070888e-11	6.589154468608565e-11	5.933440480208208e-11	5.342783294216669e-11	4.81070694870693e-11	4.3313778563985836e-11	3.8995408703585864e-11	3.510461701683254e-11	3.159875061247695e-11	2.843937961526435e-11	2.559187672574192e-11	2.3025038792252635e-11	2.071074635080317e-11	1.862365753482385e-11	1.674093316908804e-11	1.504199024303257e-11	1.3508281307925046e-11	1.2123097653420491e-11	1.0871394375423699e-11	9.739635614145766e-12	8.715658252188983e-12	7.7885520928863e-12	6.948553754355998e-12	6.186949754876101e-12	5.4959805632105826e-12	4.868729510367069e-12	4.298962667494891e-12	3.780841566293653e-12	3.308306192128992e-12	2.873518197795815e-12	2.462131511624993e-12	2.0345243729250265e-12	1.4012621444441338e-12	NaN	NaN	NaN	NaN	NaN	NaN	NaN	NaN	NaN
3.2985538926840385e-8	2.970770059730451e-8	2.675558754957702e-8	2.4096831817269817e-8	2.1702281902867e-8	1.9545683150841854e-8	1.7603389882729606e-8	1.5854106137907616e-8	1.4278652177476906e-8	1.2859754191114904e-8	1.1581854901173974e-8	1.0430942987425028e-8	9.394399462201396e-9	8.460859311548052e-9	7.620086885362926e-9	6.862863670265668e-9	6.180887214697579e-9	5.5666800980333575e-9	5.013507945611158e-9	4.515305590770035e-9	4.066610574310336e-9	3.6625032522426735e-9	3.298552855146502e-9	2.970768907714926e-9	2.675557475833139e-9	2.409681761468678e-9	2.1702266133225383e-9	1.954566564123896e-9	1.760337044118561e-9	1.58540845512607e-9	1.4278628209046329e-9	1.2859727578106185e-9	1.158182535179788e-9	1.043091017769877e-9	9.394363032397024e-10	8.460818862249163e-10	7.62004197308657e-10	6.862813802601503e-10	6.18083184491122e-10	5.566618619074937e-10	5.013439683463711e-10	4.5152297970652314e-10	4.066526418131165e-10	3.662409811023989e-10	3.298449104574796e-10	2.9706537105180326e-10	2.6754295693390404e-10	2.4095397437997954e-10	2.1700689280779682e-10	1.9543914833869163e-10	1.7601426496102482e-10	1.5851926173082386e-10	1.4276231758164029e-10	1.285706681403024e-10	1.1578871148921416e-10	1.0427630210705888e-10	9.390721428335326e-11	8.456775816092469e-11	7.615553323447021e-11	6.857830564131493e-11	6.175299693892999e-11	5.5604773287693556e-11	5.006622506033301e-11	4.507662789374185e-11	4.058127709554021e-11	3.653088812695136e-11	3.288105661449641e-11	2.959177200405579e-11	2.662697956963253e-11	2.395418603254468e-11	2.1544104540771763e-11	1.937033520763916e-11	1.740907781707219e-11	1.5638873669561246e-11	1.4040373864087306e-11	1.2596131573195327e-11	1.1290416042285552e-11	1.0109046073131304e-11	9.039240527296902e-12	8.069482701778806e-12	7.189393888202006e-12	6.38960822396729e-12	5.661634355692915e-12	4.997675474455385e-12	4.390347837994024e-12	3.832160491599112e-12	3.3144047403710716e-12	2.8244120487041162e-12	2.3373931492055276e-12	1.7836311764447645e-12	7.515191531251004e-13	NaN	NaN	NaN	NaN	NaN	NaN	NaN	NaN	NaN
3.423071145677685e-8	3.0829137865228265e-8	2.7765585373164308e-8	2.5006464154420417e-8	2.2521522270325838e-8	2.028351397721141e-8	1.826790099485659e-8	1.645258346048195e-8	1.4817657618375393e-8	1.3345197588379634e-8	1.201905882047637e-8	1.0824701080476906e-8	9.749029025974417e-9	8.780248624578593e-9	7.907737840153658e-9	7.121930169219936e-9	6.414209750572559e-9	5.776816898063807e-9	5.2027630207784735e-9	4.685753997758275e-9	4.2201211671298646e-9	3.8007591729779075e-9	3.4230699884952654e-9	3.08291250166122e-9	2.7765571106880095e-9	2.500644831404806e-9	2.252150468218669e-9	2.0283494448463903e-9	1.8267879311381957e-9	1.6452559384536583e-9	1.4817630885984375e-9	1.3345167906442563e-9	1.2019025863553985e-9	1.0824664487223209e-9	9.748988395175215e-10	8.780203510753124e-10	7.907687748671104e-10	7.12187455087733e-10	6.414147995574843e-10	5.77674832934015e-10	5.202686886561794e-10	4.685669463346953e-10	4.220027305741723e-10	3.800654955596768e-10	3.4229542725995983e-10	3.082784018712349e-10	2.7764144522422505e-10	2.500486433699312e-10	2.2519745950647935e-10	2.0281541686469025e-10	1.8265711118254779e-10	1.645015200125204e-10	1.4814957936033654e-10	1.3342200108502341e-10	1.2015730712994116e-10	1.0821005903213188e-10	9.744926329864553e-11	8.775693516710439e-11	7.902680500479634e-11	7.116315316513576e-11	6.407976052960279e-11	5.769896323279112e-11	5.1950801211968027e-11	4.677225125323005e-11	4.2106536135360185e-11	3.7902502310197424e-11	3.411405931406582e-11	3.069967478700083e-11	2.7621919592683604e-11	2.48470580887282e-11	2.234467909971633e-11	2.0087363598069488e-11	1.805038550209991e-11	1.62114423542036e-11	1.4550412936446844e-11	1.3049139095584087e-11	1.1691229144125917e-11	1.0461880100277448e-11	9.347715579242604e-12	8.33663506838283e-12	7.417668053732068e-12	6.5808218798222805e-12	5.816902858281648e-12	5.11727025760414e-12	4.4734377974731425e-12	3.87632575044368e-12	3.3146549605388104e-12	2.770946656635855e-12	2.2092685560906794e-12	1.5203443729606309e-12	NaN	NaN	NaN	NaN	NaN	NaN	NaN	NaN	NaN	NaN
3.543215256377016e-8	3.1911189388200094e-8	2.8740111291155936e-8	2.5884149499355734e-8	2.3311990281316934e-8	2.0995431613008496e-8	1.8909073961316463e-8	1.7030041794968285e-8	1.5337732769467227e-8	1.3813591836016006e-8	1.2440907797683101e-8	1.1204630082184893e-8	1.0091203722318347e-8	9.088420734713885e-9	8.18528626737478e-9	7.371898048399477e-9	6.6393378141217e-9	5.979573526249891e-9	5.385371305881501e-9	4.850216118806905e-9	4.368240342469786e-9	3.93415943136795e-9	3.5432139755082473e-9	3.191117516624937e-9	2.8740095500008093e-9	2.5884131965871524e-9	2.3311970813253677e-9	2.099540999691225e-9	1.8909049960181722e-9	1.703001514563938e-9	1.5337703179753155e-9	1.3813558981486836e-9	1.2440871318113018e-9	1.1204589577602763e-9	1.0091158748622631e-9	9.088370798803786e-10	8.185230821744342e-10	7.371836485135335e-10	6.639269458238854e-10	5.979497628292475e-10	5.385287033707591e-10	4.850122548467527e-10	4.3681364480823536e-10	3.9340440738735335e-10	3.543085890189934e-10	3.190975299251145e-10	2.8738516414426423e-10	2.5882378657425023e-10	2.3310024061644083e-10	2.099324846218054e-10	1.8906649949214158e-10	1.7027350353051105e-10	1.5334744400373745e-10	1.3810273791384806e-10	1.2437223720783918e-10	1.1200539611608032e-10	1.008666205260398e-10	9.083378129412543e-11	8.17968751961988e-11	7.365681883647027e-11	6.632436229280273e-11	5.971911058996935e-11	5.376864227557557e-11	4.8407715439189e-11	4.357755247546589e-11	3.922519575728281e-11	3.530292716456865e-11	3.1767745117141293e-11	2.858089339280967e-11	2.5707436581600218e-11	2.3115877538110998e-11	2.077781264968167e-11	1.8667621138367337e-11	1.67621849549292e-11	1.5040636090372464e-11	1.3484128297836915e-11	1.2075630232041813e-11	1.0799736774936483e-11	9.642494635482008e-12	8.591236825105241e-12	7.634417598842108e-12	6.761433427266438e-12	5.962403262209048e-12	5.227855075705371e-12	4.5482054771981875e-12	3.912767603895721e-12	3.3075873197785667e-12	2.7099054775145106e-12	2.070092025759901e-12	1.2120453391877187e-12	NaN	NaN	NaN	NaN	NaN	NaN	NaN	NaN	NaN	NaN
3.659416980462669e-8	3.2957734672581705e-8	2.968265929568945e-8	2.6733034639301227e-8	2.4076520020593598e-8	2.1683988514378512e-8	1.952920759563959e-8	1.7588551517251385e-8	1.5840742269293333e-8	1.4266616279749015e-8	1.2848914298618023e-8	1.1572092161658776e-8	1.0422150358911966e-8	9.386480539336213e-9	8.45372726858085e-9	7.613663524161287e-9	6.857078562923842e-9	6.17567693134111e-9	5.561987511352471e-9	5.009281604497611e-9	4.511499156189743e-9	4.063182311226543e-9	3.6594155720188634e-9	3.295771903411882e-9	2.9682641931736435e-9	2.673301535947394e-9	2.4076498613501695e-9	2.1683964745307642e-9	1.952918120397798e-9	1.7588522213632376e-9	1.5840709732422772e-9	1.426658015288252e-9	1.2848874185649616e-9	1.1572047622777955e-9	1.0422100905781625e-9	9.386425629738587e-10	8.453666300472774e-10	7.613595829073584e-10	6.857003398632596e-10	6.175593473730459e-10	5.561894845379795e-10	5.009178714162177e-10	4.511384913394948e-10	4.06305546341384e-10	3.6592747284380817e-10	3.2956155198777444e-10	2.9680905551418835e-10	2.673108739725605e-10	2.407435793238331e-10	2.16815878766406e-10	1.952654209039584e-10	1.7585591923687548e-10	1.5837456143835421e-10	1.4262967600973604e-10	1.2844863073164816e-10	1.1567593986908219e-10	1.0417155937746332e-10	9.380935141817195e-11	8.447570134848161e-11	7.606827202283287e-11	6.849488174811677e-11	6.167249359170993e-11	5.5526304962259265e-11	4.998892748304053e-11	4.499964816814395e-11	4.050376380355481e-11	3.645198123801662e-11	3.279987701087286e-11	2.950741039319088e-11	2.6538484500371944e-11	2.386055065347785e-11	2.144425162467501e-11	1.9263099797975785e-11	1.7293186602517082e-11	1.5512919814748422e-11	1.390278544353972e-11	1.244513084250804e-11	1.1123965313087061e-11	9.92477353607684e-12	8.834335246784481e-12	7.840540746724177e-12	6.9321842334976374e-12	6.098701326645724e-12	5.329783480873019e-12	4.614723574076711e-12	3.941144538294277e-12	3.292159531894345e-12	2.6387907434000858e-12	1.9127858955321035e-12	7.875981406891548e-13	NaN	NaN	NaN	NaN	NaN	NaN	NaN	NaN	NaN	NaN
3.772040683767892e-8	3.397205529916624e-8	3.059618487038089e-8	2.7555781365618286e-8	2.4817508772043757e-8	2.2351343742367646e-8	2.0130246408706302e-8	1.812986390832101e-8	1.632826337059025e-8	1.4705691437594709e-8	1.324435768161689e-8	1.192823954487172e-8	1.0742906662761299e-8	9.675362644474506e-9	8.713902576160456e-9	7.847984684292347e-9	7.06811475209537e-9	6.3657420217413805e-9	5.73316544094665e-9	5.16344922602877e-9	4.6503468156274195e-9	4.188232381291929e-9	3.772039143994458e-9	3.39720382025026e-9	3.0596165887334352e-9	2.7555760288052294e-9	2.4817485368856776e-9	2.235131775695923e-9	2.013021755616369e-9	1.8129831872295166e-9	1.6328227799827398e-9	1.4705651942085021e-9	1.3244313828318327e-9	1.192819085296199e-9	1.0742852598365985e-9	9.6753026148135e-10	8.713835923048542e-10	7.84791067692265e-10	7.068032579026599e-10	6.365650782000963e-10	5.733064134152227e-10	5.163336741419783e-10	4.650221919886489e-10	4.188093705022524e-10	3.771885166706642e-10	3.3970328536898695e-10	3.0594267583719643e-10	2.755365253287514e-10	2.4815145052100805e-10	2.234871921876913e-10	2.0127332305517629e-10	1.81266282746407e-10	1.6324670730257535e-10	1.470170240025373e-10	1.3239928510875463e-10	1.1923321678822158e-10	1.073744618160816e-10	9.669299679433016e-11	8.707170653142259e-11	7.840509995173765e-11	7.059815345556439e-11	6.356526904757705e-11	5.722933580992102e-11	5.1520884428783145e-11	4.637732550297302e-11	4.174226328058654e-11	3.7564877294998684e-11	3.3799365112733483e-11	3.0404440070366636e-11	2.734287847119923e-11	2.4581111238721574e-11	2.208885548384125e-11	1.98387818332185e-11	1.78062136766644e-11	1.5968854700451662e-11	1.4306541137861511e-11	1.2801015008119632e-11	1.1435714080004158e-11	1.019557310256652e-11	9.066828440059708e-12	8.036813516402747e-12	7.093723051642612e-12	6.2263046134129365e-12	5.423393418130752e-12	4.673105126779799e-12	3.961232093511933e-12	3.2675476177582385e-12	2.5553740694826275e-12	1.7290598313508674e-12	NaN	NaN	NaN	NaN	NaN	NaN	NaN	NaN	NaN	NaN	NaN
3.881397841284743e-8	3.495695649901081e-8	3.148321448492641e-8	2.8354665087710742e-8	2.5537005833137584e-8	2.299934295170331e-8	2.0713852648884236e-8	1.8655476035638564e-8	1.680164437426741e-8	1.513203162713793e-8	1.3628331595128864e-8	1.2274057202268863e-8	1.1054359725856716e-8	9.955865990041128e-9	8.966531737795492e-9	8.075509573608344e-9	7.2730300289684164e-9	6.550294446606119e-9	5.899378509037948e-9	5.313145353668173e-9	4.785167321812378e-9	4.309655483672667e-9	3.881396166552493e-9	3.4956937903850216e-9	3.1483193838044016e-9	2.8354642162727012e-9	2.5536980378695102e-9	2.2999314688710735e-9	2.071382126745629e-9	1.865544119169822e-9	1.6801605685773362e-9	1.5131988669895684e-9	1.3628283898139648e-9	1.2274004242565343e-9	1.1054300922768845e-9	9.955800698829303e-10	8.966459242581156e-10	8.075429079524471e-10	7.272940653443839e-10	6.550195209688048e-10	5.899268322646503e-10	5.313023009665053e-10	4.785031478752682e-10	4.309504652094457e-10	3.88122869264259e-10	3.495507837841584e-10	3.1481129136969847e-10	2.8352349646783807e-10	2.553443491039009e-10	2.299648835651472e-10	2.0710683079556976e-10	1.865195673590038e-10	1.679773675178686e-10	1.512769282982899e-10	1.3623514040542218e-10	1.2268708054831607e-10	1.1048420316119762e-10	9.949271169415691e-11	8.959209161493176e-11	8.067378903628196e-11	7.264002047978601e-11	6.540270072420365e-11	5.888247698051481e-11	5.300785880043275e-11	4.7714434173172985e-11	4.294416320772412e-11	3.864474164465447e-11	3.476902720109157e-11	3.127452243195824e-11	2.8122908395151643e-11	2.527962394116995e-11	2.2713485908574203e-11	2.0396345890485768e-11	1.830277953078168e-11	1.640980448456083e-11	1.4696623184065306e-11	1.3144386292201717e-11	1.1735972021198419e-11	1.0455775001763408e-11	9.289495438758597e-12	8.223913517038787e-12	7.246622487650574e-12	6.345669809398617e-12	5.509002209588419e-12	4.723480308444432e-12	3.97286962685646e-12	3.2330329483002465e-12	2.457395641043139e-12	1.5066986559143982e-12	NaN	NaN	NaN	NaN	NaN	NaN	NaN	NaN	NaN	NaN	NaN
3.9877571997163205e-8	3.591485868022921e-8	3.2345928026696216e-8	2.913164907322799e-8	2.6236779377734486e-8	2.3629578609311438e-8	2.1281460536512063e-8	1.916667959823259e-8	1.7262048620668413e-8	1.5546684585294554e-8	1.4001779660384144e-8	1.2610394985577218e-8	1.135727494848395e-8	1.0228679916988252e-8	9.212235593272035e-9	8.296797337826754e-9	7.472327975854697e-9	6.729787746288153e-9	6.0610351867901946e-9	5.45873786800672e-9	4.916291998329867e-9	4.42775001769226e-9	3.987755386505875e-9	3.591483854749472e-9	3.2345905672589418e-9	2.9131624252650637e-9	2.623675181854506e-9	2.3629548009341213e-9	2.128142656025202e-9	1.9166641873154645e-9	1.72620067331409e-9	1.5546638076046865e-9	1.4001728019471004e-9	1.261033764678723e-9	1.135721128313118e-9	1.0228609227018693e-9	9.212157103609383e-10	8.296710187873421e-10	7.472231210054918e-10	6.729680303649543e-10	6.060915889248725e-10	5.458605407507392e-10	4.916144922481136e-10	4.4275867138365556e-10	3.9875740640311085e-10	3.591282525446865e-10	3.2343670235109117e-10	2.9129142158227394e-10	2.623399584937542e-10	2.362648794355502e-10	2.127802884010183e-10	1.9162869236463735e-10	1.7257817803907235e-10	1.5541986909629774e-10	1.3996563597257475e-10	1.260460331463716e-10	1.1350844127224e-10	1.0221539379953699e-10	9.204306972731045e-11	8.287993596778365e-11	7.462552443058656e-11	6.71893304160921e-11	6.048982023497879e-11	5.4453537166849544e-11	4.901429594621741e-11	4.4112456930787136e-11	3.9694271974652935e-11	3.571129480626124e-11	3.211984940460881e-11	2.8880550482071893e-11	2.5957870720831192e-11	2.3319749870681848e-11	2.0937241191912298e-11	1.878419100118548e-11	1.6836947217937133e-11	1.5074092751825092e-11	1.3476199203603444e-11	1.2025595458361972e-11	1.0706143922525751e-11	9.503013587261267e-12	8.402432125607243e-12	7.391385212268289e-12	6.4572016658971695e-12	5.5868959720867475e-12	4.765972228975294e-12	3.97591392064185e-12	3.1879084059984607e-12	2.3422580093994926e-12	1.2225806134722282e-12	NaN	NaN	NaN	NaN	NaN	NaN	NaN	NaN	NaN	NaN	NaN
4.091352559323233e-8	3.684786751348211e-8	3.318622192169118e-8	2.988844129656749e-8	2.6918367655437755e-8	2.424343610589031e-8	2.183431779327547e-8	1.9664598329218918e-8	1.7710488175329406e-8	1.5950561806649994e-8	1.4365522794952515e-8	1.2937992236168933e-8	1.1652318202206502e-8	1.0494404127911869e-8	9.451554251560753e-9	8.512334414230439e-9	7.666446691812241e-9	6.904616485086994e-9	6.218490829880882e-9	5.6005468123397665e-9	5.044009085156097e-9	4.542775580368399e-9	4.091350604223325e-9	3.6847845805297197e-9	3.3186197818304292e-9	2.9888414533700552e-9	2.6918337939653148e-9	2.424340311137344e-9	2.1834281158262365e-9	1.96645576520296e-9	1.7710443009963627e-9	1.5950511657897001e-9	1.4365467112961118e-9	1.2937930410418423e-9	1.1652249554812254e-9	1.0494327906192164e-9	9.451469619783295e-10	8.512240444447932e-10	7.666342353686497e-10	6.904500634589804e-10	6.21836219674754e-10	5.60040398613743e-10	5.043850499813776e-10	4.542599496998452e-10	4.09115509204534e-10	3.6845674956865787e-10	3.3183787438628907e-10	2.9885738190899684e-10	2.691536628438345e-10	2.424010355453429e-10	2.1830617512993978e-10	1.9660489736011088e-10	1.7705926203556753e-10	1.5945496413162113e-10	1.4359898407985316e-10	1.2931747142730102e-10	1.1645383866897152e-10	1.048670443525574e-10	9.443004662899475e-11	8.502841029065125e-11	7.655905202088203e-11	6.892911009275928e-11	6.205492611740505e-11	5.5861127668230904e-11	5.02798017095846e-11	4.5249749748354025e-11	4.071581651499099e-11	3.6628284774613936e-11	3.294232957597524e-11	2.961752587060721e-11	2.6617403977931408e-11	2.3909047831789663e-11	2.146273131028047e-11	1.9251588203445967e-11	1.725131147272473e-11	1.543987732884252e-11	1.3797289165573522e-11	1.230533528220188e-11	1.0947352120988454e-11	9.70798046837856e-12	8.572893695908016e-12	7.528460159282287e-12	6.5612655938053315e-12	5.657337483478423e-12	4.800697803816949e-12	3.9702273807637935e-12	3.131430367279983e-12	2.2066863794401037e-12	8.120448806168601e-13	NaN	NaN	NaN	NaN	NaN	NaN	NaN	NaN	NaN	NaN	NaN
4.192388823177726e-8	3.775782841325435e-8	3.4005758201907425e-8	3.062653863031783e-8	2.7583118791645996e-8	2.4842129600951612e-8	2.2373517925254942e-8	2.015021707081754e-8	1.81478500147532e-8	1.6344462127100436e-8	1.472028045283059e-8	1.3257496914478124e-8	1.1940073058353438e-8	1.0753564203509522e-8	9.68496106537228e-9	8.722547117542414e-9	7.855770127835321e-9	7.075126460036798e-9	6.372056872819735e-9	5.738852673325962e-9	5.168571196449269e-9	4.6549596831059565e-9	4.192386722868411e-9	3.7757805092756466e-9	3.400573230831061e-9	3.062650987971541e-9	2.758308686880598e-9	2.4842094155860252e-9	2.237347856927901e-9	2.0150173372443037e-9	1.814780149485398e-9	1.634440825368464e-9	1.4720220635207393e-9	1.3257430496780757e-9	1.1939999312347432e-9	1.0753482320607253e-9	9.684870147766237e-10	8.722446168359735e-10	7.855658040205636e-10	7.075002004953198e-10	6.37191868565953e-10	5.73869923888302e-10	5.1684008323133e-10	4.6547705212057203e-10	4.1921766889755316e-10	3.77554730024283e-10	3.400314289313297e-10	3.0623634743504614e-10	2.7579894480805824e-10	2.4838549504352355e-10	2.2369542776776867e-10	2.0145803268158302e-10	1.814294913962061e-10	1.6339020411958103e-10	1.4714238188111133e-10	1.3250787789436732e-10	1.1932623427884313e-10	1.0745292272266948e-10	9.675775979397902e-11	8.71234795226311e-11	7.844444759711906e-11	7.062550307244957e-11	6.35809148803898e-11	5.723344168872138e-11	5.151348478431532e-11	4.635832466763922e-11	4.171143295378707e-11	3.7521851985640965e-11	3.374363528473801e-11	3.033534259880278e-11	2.7259583852379284e-11	2.4482606764327653e-11	2.1973923251188595e-11	1.9705969963826034e-11	1.7653798359533372e-11	1.5794789506721618e-11	1.4108388195372439e-11	1.2575849585100799e-11	1.1179988986938828e-11	9.904920284633743e-12	8.735758502389235e-12	7.658241587661106e-12	6.658182099573438e-12	5.720554714230842e-12	4.827747922053934e-12	3.955643486814234e-12	3.0627383703820193e-12	2.0461277794357865e-12	NaN	NaN	NaN	NaN	NaN	NaN	NaN	NaN	NaN	NaN	NaN	NaN
4.291046763199531e-8	3.864636946210958e-8	3.4806003164123035e-8	3.134726166244557e-8	2.8232222144887602e-8	2.542673026411491e-8	2.29000256578274e-8	2.0624404681738193e-8	1.8574916657443276e-8	1.6729090304740732e-8	1.506668735891082e-8	1.3569480671533345e-8	1.222105436186473e-8	1.1006623827566733e-8	9.912873641323611e-9	8.927811555991409e-9	8.040637017542291e-9	7.2416227441355435e-9	6.5220080729079495e-9	5.873902905101734e-9	5.290201196351936e-9	4.764503043611476e-9	4.2910445144485245e-9	3.864634449340947e-9	3.4805975440467143e-9	3.1347230879861705e-9	2.8232187965864255e-9	2.5426692313900534e-9	2.28999835203214e-9	2.0624357894928467e-9	1.857486470834038e-9	1.6729032623752993e-9	1.5066623313598703e-9	1.3569409559674629e-9	1.2220975403754316e-9	1.1006536157466643e-9	9.91277629796933e-10	8.927703472050225e-10	8.040517007908029e-10	7.241489492930949e-10	6.521860119051883e-10	5.873738626282452e-10	5.290018791230004e-10	4.764300512056248e-10	4.290819635590241e-10	3.8643847571959574e-10	3.480320300446213e-10	3.1344152525082574e-10	2.8228769931572787e-10	2.5422897111817874e-10	2.289576952241976e-10	2.0619678875399312e-10	1.856966933455637e-10	1.672326389042215e-10	1.5060217913604345e-10	1.3562297184287875e-10	1.221307796397653e-10	1.0997766917180922e-10	9.903038908318665e-11	8.916890894970071e-11	8.02851031496192e-11	7.228156523448231e-11	6.507053978934277e-11	5.857296005575943e-11	5.2717580744328624e-11	4.7440196498426425e-11	4.2682937397252265e-11	3.839363371247428e-11	3.452524286490842e-11	3.103533216914709e-11	2.7885611504584723e-11	2.5041510504997064e-11	2.2471795201007622e-11	2.014821925099166e-11	1.8045204901288508e-11	1.6139548525274478e-11	1.4410144816969982e-11	1.2837722107973308e-11	1.140457815453644e-11	1.0094299719350559e-11	8.891437382186134e-12	7.78108245535005e-12	6.748238710812557e-12	5.776750857384291e-12	4.847194354246018e-12	3.9319656403657525e-12	2.9808074263946938e-12	1.8536889828783018e-12	NaN	NaN	NaN	NaN	NaN	NaN	NaN	NaN	NaN	NaN	NaN	NaN
4.387486820773565e-8	3.951493564011819e-8	3.55882581978801e-8	3.205178246083982e-8	2.88667333123476e-8	2.5998188795785898e-8	2.3414697218420125e-8	2.108793230439701e-8	1.8992382615870987e-8	1.7105071836967224e-8	1.540530685367964e-8	1.3874450867566841e-8	1.2495719055587695e-8	1.1253994535621886e-8	1.0135662619859102e-8	9.12846153875499e-9	8.221347998840708e-9	7.404376100316536e-9	6.6685882868409894e-9	6.005917131852034e-9	5.409096884572417e-9	4.871583805859576e-9	4.387484420435398e-9	3.951490898829058e-9	3.558822860538632e-9	3.205174960321697e-9	2.8866696829332562e-9	2.5998148287365107e-9	2.3414652240443615e-9	2.108788236370829e-9	1.899232716489978e-9	1.7105010267725262e-9	1.5405238491094025e-9	1.3874374962077604e-9	1.249563477492843e-9	1.1253900955693216e-9	1.013555871459479e-9	9.128346168869377e-10	8.221219899333902e-10	7.404233866600023e-10	6.668430359331055e-10	6.005741778861504e-10	5.408902183312271e-10	4.871367621340967e-10	4.3872443820392117e-10	3.951224374283909e-10	3.55852692701906e-10	3.2048463723455954e-10	2.886304836701009e-10	2.5994097225132503e-10	2.341015414140525e-10	2.1082887882241165e-10	1.8986781502927687e-10	1.709885257021796e-10	1.5398401173795118e-10	1.3866782963585335e-10	1.2487204724235317e-10	1.1244540245104227e-10	1.0125164466548565e-10	9.11680408352983e-11	8.208402967828962e-11	7.390000932363524e-11	6.652624507020615e-11	5.988188526595391e-11	5.3894074492344066e-11	4.8497154294188225e-11	4.363194263997194e-11	3.924508413905833e-11	3.5288463785776694e-11	3.171867764920712e-11	2.8496554480074208e-11	2.5586722654890843e-11	2.295721720458899e-11	2.0579121845708074e-11	1.842624088275671e-11	1.6474795463517608e-11	1.4703137728359235e-11	1.3091474490079894e-11	1.1621588408466498e-11	1.0276537534166188e-11	9.040300008859149e-12	7.897301282629182e-12	6.831695224016721e-12	5.826107499691829e-12	4.859089555109943e-12	3.89895769870096e-12	2.884372531272778e-12	1.6176832527236403e-12	NaN	NaN	NaN	NaN	NaN	NaN	NaN	NaN	NaN	NaN	NaN	NaN
4.481852170720929e-8	4.036481641983837e-8	3.635368463829741e-8	3.2741146956451157e-8	2.9487594288749265e-8	2.6557353582809424e-8	2.391829668800001e-8	2.1541488091525173e-8	1.9400867659671215e-8	1.7472964905682467e-8	1.5736641651402557e-8	1.4172860261136367e-8	1.2764474906570377e-8	1.149604357410921e-8	1.0353658753413335e-8	9.324794950749718e-9	8.398171355240124e-9	7.5636281522335e-9	6.8120151276602545e-9	6.135091341988958e-9	5.525434773776768e-9	4.976360942114874e-9	4.4818496157179165e-9	4.036478805071059e-9	3.6353653139022577e-9	3.2741111981659635e-9	2.9487555454964386e-9	2.655731046424272e-9	2.3918248811882627e-9	2.1541434932923933e-9	1.9400808635732865e-9	1.7472899369242586e-9	1.5736568883889257e-9	1.417277946469081e-9	1.2764385195297652e-9	1.1495943964363567e-9	1.0353548153011082e-9	9.324672146991266e-10	8.398035001609647e-10	7.563476753629927e-10	6.811847023997128e-10	6.134904689982673e-10	5.525227526722433e-10	4.976130827426739e-10	4.4815941099862397e-10	4.0361951063593303e-10	3.6350503109775703e-10	3.2737614363203295e-10	2.948367188577734e-10	2.655299834651502e-10	2.391346084276251e-10	2.1536118583550352e-10	1.9394905572109554e-10	1.7466344808286043e-10	1.5729290877153946e-10	1.416469810131979e-10	1.275541171463791e-10	1.1485979767387852e-10	1.0342483700155249e-10	9.312385728186736e-11	8.384391362081698e-11	7.548325556331986e-11	6.795021126205105e-11	6.116218207367683e-11	5.504473652855819e-11	4.953079369722048e-11	4.4559886939375305e-11	4.0077499877026067e-11	3.6034467187647154e-11	3.238643346874956e-11	2.9093363978790847e-11	2.6119101501694768e-11	2.343096389209962e-11	2.0999376995457057e-11	1.8797537527090407e-11	1.6801100001807184e-11	1.4987880679553762e-11	1.3337569254823757e-11	1.1831434723144976e-11	1.0452003548027274e-11	9.182671616836073e-12	8.007176308250005e-12	6.9087747789616795e-12	5.868771687773356e-12	4.8634475509915905e-12	3.85630982299338e-12	2.7717877177740827e-12	1.3144733591837952e-12	NaN	NaN	NaN	NaN	NaN	NaN	NaN	NaN	NaN	NaN	NaN	NaN
4.5742712159610556e-8	4.119716823394298e-8	3.710332400104549e-8	3.341629316747804e-8	3.009564987956789e-8	2.7104985480670715e-8	2.441150931433921e-8	2.198568919647022e-8	1.9800927614445015e-8	1.7833270103001015e-8	1.606114259936893e-8	1.4465114897948355e-8	1.3027687610958785e-8	1.1733100299230588e-8	1.0567158669416912e-8	9.517078942958423e-9	8.571347690409385e-9	7.71959559430133e-9	6.952483756437576e-9	6.2616013030533085e-9	5.639373165149555e-9	5.078977022873456e-9	4.574268503294842e-9	4.119713811422317e-9	3.7103290558024433e-9	3.341625603447406e-9	3.009560864944075e-9	2.7104939701357365e-9	2.441145848389708e-9	2.19856327575734e-9	1.980086494827327e-9	1.7833200522454269e-9	1.606106534153302e-9	1.4465029115729196e-9	1.3027592363793271e-9	1.1732994542772146e-9	1.056704124408254e-9	9.516948561211274e-10	8.571202922637245e-10	7.719434853135644e-10	6.952305279340473e-10	6.26140313298088e-10	5.639153129078196e-10	5.078732707952221e-10	4.573997230360216e-10	4.1194126055819787e-10	3.7099946137614423e-10	3.3412542572129126e-10	3.009148541503096e-10	2.710036146653233e-10	2.4406375024215153e-10	2.1979988299123545e-10	1.9794597552452586e-10	1.7826241401786164e-10	1.605333809851757e-10	1.4456448895685022e-10	1.3018064911447825e-10	1.1722415150945517e-10	1.0555293581135435e-10	9.503903361920772e-11	8.55671652472966e-11	7.703347558716059e-11	6.93443951673656e-11	6.241561389819739e-11	5.6171156213954414e-11	5.054254742304646e-11	4.546806205576478e-11	4.0892045869198704e-11	3.676430393339094e-11	3.303954788385663e-11	2.9676895979213216e-11	2.663942003704318e-11	2.3893733611425986e-11	2.1409615875053265e-11	1.9159665492036182e-11	1.7118978158326356e-11	1.5264840154880516e-11	1.3576427648521373e-11	1.2034496479396308e-11	1.0621037471712862e-11	9.318852723263728e-12	8.110966412587822e-12	6.979686354120111e-12	5.904880375678415e-12	4.860270144953655e-12	3.803659418490947e-12	2.640904123626737e-12	8.765436922969975e-13	NaN	NaN	NaN	NaN	NaN	NaN	NaN	NaN	NaN	NaN	NaN	NaN
