0.2860586328616485	0.276914023632875	0.26641432678906046	0.2545167826274137	0.24123520896648437	0.22665361969952588	0.21093474743849375	0.1943202969420536	0.17712077233320014	0.159694759346057	0.1424201205062734	0.12566179360705715	0.10974187712633424	0.09491701407488481	0.08136603831331465	0.06918826147755677	0.05841057775609337	0.049000328970055185	0.04088068696140453	0.033945884306940816	0.02807453869868454	0.02314022092498593	0.019019114145265525	0.015595047777006307	0.012762395917666909	0.010427375831794898	0.008508234486064975	0.006934722283032673	0.005647156084056504	0.004595285898577872	0.0037371083241098434	0.003037715921138073	0.002468233201189751	0.00200486374512229	0.0016280560761741786	0.0013217856400801343	0.0010729445048197827	0.0008708276331516012	0.0007067036973456552	0.0005734586392447714	0.00046530102646699173	0.0003775193940521201	0.00030628299075006506	0.00024847855366442545	0.00020157685098441425	0.00016352373077577784	0.00013265128552313784	0.00010760549044972292	8.728730801904876e-5	7.080478373167908e-5	5.743410243349792e-5	4.658794251453604e-5	3.7789769247060426e-5	3.0652958448905315e-5	2.4863846671430884e-5	2.016797190834514e-5	1.6358905918067465e-5	1.326919110849955e-5	1.0762986093185986e-5	8.730098253860383e-6	7.081142037860105e-6	5.7436108286730814e-6	4.6586901431433666e-6	3.7786723385473567e-6	3.0648593524729493e-6	2.4858613864284666e-6	2.0162168077284695e-6	1.6352726383464277e-6	1.3262764381816824e-6	1.0756396728360497e-6	8.723401882790654e-7	7.074375263183145e-7	5.736797732780152e-7	4.6518465708000596e-7	3.771808714636907e-7	3.0579825359180404e-7	2.478975889966568e-7	NaN	NaN	NaN	NaN	NaN	NaN	NaN	NaN	NaN	NaN	NaN	NaN	NaN	NaN	NaN	NaN	NaN	NaN	NaN	NaN	NaN	NaN	NaN
0.24447797211212113	0.23019028152464363	0.2147198114452793	0.19829021483659448	0.18119731914822604	0.1637907629724968	0.1464467383008889	0.1295360867504635	0.11339334511680625	0.09829205565890048	0.08442987094032511	0.07192443552970959	0.060818665629018547	0.051092560328949495	0.04267826214393665	0.0354755168714937	0.02936555342532999	0.024222334893737093	0.0199208879232769	0.016342914086228934	0.013380141768003425	0.010935954069696644	0.008925797197926468	0.007276791045954338	0.005926866470703693	0.004823662915820417	0.0039233446265257025	0.0031894358230773593	0.0025917333329591743	0.0021053264054893216	0.0017097346193754282	0.0013881631743185396	0.0011268682109224985	0.0009146214574910966	0.0007422622570919505	0.0006023250526869207	0.0004887311461882503	0.00039653463917315563	0.0003217136844068971	0.00026099939508394574	0.00021173589914306177	0.00017176605330768957	0.00013933823300783698	0.00011303039098931068	9.168823753657848e-5	7.437495066936033e-5	6.0330288434468204e-5	4.893736033414539e-5	3.969563293128208e-5	3.219900642513613e-5	2.6118013823472443e-5	2.11853702530751e-5	1.718424373486751e-5	1.3938736098089118e-5	1.13061583672102e-5	9.170762859877682e-6	7.4386576307472595e-6	6.03368045440065e-6	4.89405145026132e-6	3.969657505362646e-6	3.2198493108322006e-6	2.6116542892580054e-6	2.1183269258826133e-6	1.7181728191802811e-6	1.393594780467546e-6	1.1303190619659634e-6	9.16767704208974e-7	7.435494129881002e-7	6.03046584285789e-7	4.890803211093807e-7	3.9663871413501025e-7	3.2165643900884825e-7	2.6083597911248997e-7	2.1150261264495842e-7	1.71486787390347e-7	1.3902871074974576e-7	1.1270095943532198e-7	9.134570558398033e-8	7.402379877592993e-8	NaN	NaN	NaN	NaN	NaN	NaN	NaN	NaN	NaN	NaN	NaN	NaN	NaN	NaN	NaN	NaN	NaN	NaN	NaN	NaN	NaN
0.22618140715217133	0.2104306851122639	0.19379307613259342	0.1765809404631747	0.159153927452617	0.14188998556254867	0.1251531455094124	0.10926376473224066	0.09447619844694478	0.0809667840115033	0.06883243837466821	0.05809799126902046	0.04872917583192548	0.040648042155956354	0.033748150201397376	0.027907817092073222	0.023000594117505692	0.01890283860281587	0.015498673518998883	0.012682828219287111	0.01036189543997286	0.008454490193034878	0.006890706684919443	0.005611172428439378	0.004565911446670752	0.003713157722479995	0.003018206664647294	0.002452354286961772	0.001991947968169034	0.001617556010852729	0.0013132531143677537	0.0010660132505757231	0.0008651987445569958	0.0007021335233222828	0.0005697487548087195	0.00046228996025834425	0.000375075826889265	0.0003043001782934554	0.0002468697624942163	0.00020027163026360356	0.0001624648706595597	0.00013179233854026647	0.00010690875344323283	8.672218024400863e-5	7.034643176882478e-5	5.7062375093368987e-5	4.628648925634787e-5	3.754532416192285e-5	3.0454758858285967e-5	2.4703161127488095e-5	2.003771707259588e-5	1.6253335623581825e-5	1.3183644032650314e-5	1.0693681010894345e-5	8.673967910954954e-6	7.035698367580158e-6	5.706835602867677e-6	4.628946261775558e-6	3.754631864458976e-6	3.0454451319674357e-6	2.4701996918488713e-6	2.003598921710023e-6	1.625123691854512e-6	1.3181301329224883e-6	1.0691177770605136e-6	8.671359046946059e-7	7.033020009585309e-7	5.704111522133565e-7	4.6261920983523096e-7	3.751857908539082e-7	3.042658153855178e-7	2.467404145976264e-7	2.0007977388086323e-7	1.6223188001568108e-7	1.3153228010803172e-7	1.066308839764005e-7	8.643259111151638e-8	7.004913124148219e-8	5.676000064292284e-8	NaN	NaN	NaN	NaN	NaN	NaN	NaN	NaN	NaN	NaN	NaN	NaN	NaN	NaN	NaN	NaN	NaN	NaN	NaN	NaN	NaN
0.22091295134371328	0.2048277923974179	0.18795570621278918	0.1706280646085787	0.1532143120846432	0.13609125818305717	0.11961106371871812	0.10407354882523197	0.08970719455973311	0.07666084781243393	0.06500560016365085	0.05474442944182967	0.04582636437253564	0.038162076732157116	0.03163855487045069	0.026131456531045243	0.021514580890094833	0.017666500161547676	0.01447473458022579	0.011837992646296825	0.009667002126157936	0.007884389330303658	0.006423969355617173	0.005229715020339091	0.004254590213651597	0.003459368675351273	0.0028115113830981583	0.0022841421958362997	0.001855139039991008	0.0015063437819506748	0.0012228855624611314	0.0009926078956856144	0.000805587884266678	0.0006537355079404474	0.0005304614537440156	0.00043040294210320884	0.0003491981938077058	0.0002833014135707043	0.00022983134259737387	0.00018644750676957703	0.00015124923834289043	0.00012269337395741213	9.952723628383856e-5	8.073410157460802e-5	6.548885352808924e-5	5.312193821937905e-5	4.3090077739385454e-5	3.4952482800360495e-5	2.835153676707192e-5	2.299711387153914e-5	1.8653850013977566e-5	1.5130811649227179e-5	1.2273111908808188e-5	9.955107551225754e-6	8.074879069401254e-6	6.549752197761481e-6	5.312664519840501e-6	4.309217819031086e-6	3.4952868252437415e-6	2.8350793823112017e-6	2.2995628496286698e-6	1.8651876156743147e-6	1.512851639718693e-6	1.2270605197095285e-6	9.952461711379818e-7	8.072141691579492e-7	6.546954593554662e-7	5.309827290422066e-7	4.306354518724295e-7	3.492406371955873e-7	2.832187643465854e-7	2.2966636856180437e-7	1.8622835663889833e-7	1.5099443762425408e-7	1.2241511415070928e-7	9.923354015850739e-8	8.043024841883842e-8	6.517831721023591e-8	5.280700455264741e-8	4.2772250764220536e-8	NaN	NaN	NaN	NaN	NaN	NaN	NaN	NaN	NaN	NaN	NaN	NaN	NaN	NaN	NaN	NaN	NaN	NaN	NaN	NaN
0.22188709799588943	0.2058608937811012	0.18902888724534453	0.17171917234988385	0.1542996670577089	0.1371476748499506	0.12061778291512311	0.10501375106418312	0.0905688827087622	0.07743705086528392	0.0656939963673564	0.05534657541722236	0.046346737376837165	0.03860710594655983	0.03201576107503577	0.02644876115077981	0.021779799066528934	0.017887002754878364	0.014657249245359789	0.011988510161612554	0.009790756597220632	0.007985886301181105	0.006507041998698401	0.005297594221969045	0.004309979012846978	0.0035045150488858773	0.002848275913085213	0.002314058894381755	0.0018794687357170203	0.001526120166530959	0.0012389543880228903	0.0010056600079424724	0.0008161868444413592	0.000662340549156912	0.0005374464681163036	0.00043607212482155253	0.0003537988935240416	0.0002870346622279988	0.00023286046686357172	0.0001889051594954768	0.00015324313264809537	0.000124310954538959	0.00010083948178352677	8.179861757658059e-5	6.635238716844425e-5	5.3822421672785496e-5	4.3658288262332855e-5	3.541339089476623e-5	2.8725400804404484e-5	2.3300368691711534e-5	1.8899828166235327e-5	1.5330328722797047e-5	1.2434941516592419e-5	1.0086366737937217e-5	8.181341016303158e-6	6.636099925237807e-6	5.382696711612376e-6	4.366015797685606e-6	3.54135000778887e-6	2.8724351632454947e-6	2.3298557376540934e-6	1.8897515399478298e-6	1.532768602784874e-6	1.2432081747439283e-6	1.0083364146592073e-6	8.178244456499796e-7	6.632941539933835e-7	5.37949764897464e-7	4.3627899719275834e-7	3.5381065736042747e-7	2.8691801438490403e-7	2.3265930959389046e-7	1.8864838832436564e-7	1.5294976465462922e-7	1.2399350476285473e-7	1.0050618592499927e-7	8.145489505178043e-8	6.60018040585721e-8	5.346732447055332e-8	4.3300220936379155e-8	3.5053369344408134e-8	NaN	NaN	NaN	NaN	NaN	NaN	NaN	NaN	NaN	NaN	NaN	NaN	NaN	NaN	NaN	NaN	NaN	NaN	NaN
0.2258492977510598	0.21007636086548803	0.19342267751207787	0.1762018985645063	0.1587744030056545	0.14151818076590844	0.12479660846478542	0.10892880845200986	0.09416752314929722	0.08068733685187596	0.06858349000901597	0.05787937092006292	0.048539592573171704	0.04048542652877276	0.03360996830469361	0.027791330099453757	0.022903053869335194	0.0188216220268528	0.015431365206832548	0.012627262825121654	0.01031617124136835	0.008416963477757855	0.0068599745071640005	0.005586049231700234	0.004545403320782293	0.003696436717274398	0.003004586599582473	0.0024412688139333	0.0019829311943295024	0.0016102257067103875	0.001307296368510133	0.001061174347128938	0.0008612690047594848	0.0006989428487283321	0.0005671586234213454	0.0004601876497103055	0.0003733696652346274	0.0003029156497922168	0.0002457463211423356	0.00019936009682165404	0.00016172530920762753	0.00013119232610899566	0.00010642197119929427	8.63272672915779e-5	7.002605314948187e-5	5.680246430832974e-5	4.6075632862669166e-5	3.7374261947554595e-5	3.0315977989458095e-5	2.4590566666636968e-5	1.9946364539356046e-5	1.617921394438796e-5	1.3123499403934457e-5	1.0644873976098728e-5	8.634357396417207e-6	7.003547597517162e-6	5.680735769018771e-6	4.607754599561522e-6	3.737421418108198e-6	3.0314640031596666e-6	2.4588379822036856e-6	1.994361916957933e-6	1.6176101094662422e-6	1.3120144772843369e-6	1.0641360266827201e-6	8.630739023158321e-7	6.9998603617207e-7	5.677003225938492e-7	4.6039922471364973e-7	3.7336394530301864e-7	3.027669134215107e-7	2.4550346233496334e-7	1.9905529722959622e-7	1.6137974897079742e-7	1.3081994395540142e-7	1.0603193980860585e-7	8.59256227034183e-8	6.961676722409692e-8	5.6388150557706116e-8	4.5658010959655766e-8	3.695446340557368e-8	NaN	NaN	NaN	NaN	NaN	NaN	NaN	NaN	NaN	NaN	NaN	NaN	NaN	NaN	NaN	NaN	NaN	NaN	NaN
0.23132612025142243	0.21593913108877416	0.19957321505559267	0.18251920090660695	0.1651234851483433	0.14776133021306184	0.13080512609019962	0.11459316182538666	0.0994043028667776	0.08544227938502769	0.07283076737587131	0.06161803910864671	0.05178839192983482	0.043277070309435714	0.03598577722852693	0.029796722866937395	0.024584094920966453	0.020222608745824832	0.016593312197610722	0.013587091432658053	0.01110641191931547	0.00906580392803513	0.0073915213982994376	0.006020706069622156	0.004900296986207725	0.003985848761973982	0.0032403627986599573	0.0026331926541128545	0.0021390550935468035	0.001737158886151407	0.00141045132593845	0.0011449754944606522	0.0009293277328288271	0.0007542034181325361	0.000612019089346447	0.0004965996660989441	0.0004029205778389749	0.0003268958380881298	0.00026520431970369424	0.00021514763507185652	0.0001745340617629169	0.00014158386539149816	0.0001148521573866592	9.316609401103272e-5	7.557378594687307e-5	6.130275807268927e-5	4.972618956353432e-5	4.033548716732008e-5	3.271801021458345e-5	2.653898403816354e-5	2.1526817114961126e-5	1.746118326764488e-5	1.4163349453811106e-5	1.148832683835967e-5	9.318501983614293e-6	7.558469396014551e-6	6.130839048353706e-6	4.9728350757365455e-6	4.03353644131789e-6	3.2716384711693812e-6	2.6536369793057017e-6	2.1523552325414092e-6	1.7457490453644298e-6	1.41593750231504e-6	1.1484167119992546e-6	9.314220356841857e-7	7.554107560868916e-7	6.126424441036584e-7	4.96838574763146e-7	4.0290642691338083e-7	3.26715126904323e-7	2.6491398884474e-7	2.1478516355395887e-7	1.7412411677449678e-7	1.4114268083298603e-7	1.1439041650307465e-7	9.269082695749141e-8	7.508961878636222e-8	6.081273481425229e-8	4.92323131585511e-8	3.983907552903556e-8	3.2219930497942206e-8	NaN	NaN	NaN	NaN	NaN	NaN	NaN	NaN	NaN	NaN	NaN	NaN	NaN	NaN	NaN	NaN	NaN	NaN
0.23733099237892527	0.2224154776538748	0.20642179647611653	0.18961214636294552	0.17231279793263887	0.15489078745654708	0.1377236335875765	0.12116719717907445	0.10552734963146634	0.09104000423774478	0.07786177195300469	0.06607093960921394	0.05567649759458612	0.046632010725762035	0.03885118948496135	0.03222272854193544	0.026622920168757384	0.021925410516100936	0.018008092724350937	0.014757497539922003	0.012071196971444724	0.009858750134206236	0.00804165711346881	0.006552693012924976	0.005334898657658174	0.004340420867652123	0.0035293288059311295	0.002868483529416425	0.0023305030942643826	0.0018928422613058017	0.001536991025386145	0.001247787357154029	0.001012834763840753	0.0008220131282657766	0.0006670707737282548	0.0005412861472517157	0.0004391884678276217	0.0003563278658294914	0.0002890867716015401	0.00023452549586199848	0.00019025602989404392	0.00015433905701999823	0.00012520000382336484	0.00010156067531829258	8.238362326383544e-5	6.682690374312909e-5	5.420730201857937e-5	4.397045196069578e-5	3.566656533862301e-5	2.8930722941964874e-5	2.346687351677861e-5	1.9034845209272747e-5	1.5439803829168855e-5	1.2523697964077688e-5	1.0158317111730761e-5	8.239659116406863e-6	6.683360238118759e-6	5.4209875612003965e-6	4.397031139608674e-6	3.566463895701271e-6	2.8927621568116863e-6	2.3462999053069565e-6	1.9030462091554518e-6	1.543508604440489e-6	1.2518759987183714e-6	1.0153234261217998e-6	8.234480947712569e-7	6.678119355884591e-7	5.415705417355807e-7	4.391721848225507e-7	3.561136742968228e-7	2.887423252459211e-7	2.3409532691501785e-7	1.8976944859752313e-7	1.538153534331857e-7	1.2465187265507745e-7	1.0099647051445456e-7	8.180884205729802e-8	6.624516342338589e-8	5.362098277537097e-8	4.3381119935933394e-8	3.5075251021692704e-8	NaN	NaN	NaN	NaN	NaN	NaN	NaN	NaN	NaN	NaN	NaN	NaN	NaN	NaN	NaN	NaN	NaN	NaN
0.24342251596735684	0.22903751221301247	0.21348416087375333	0.1969920882030484	0.17986205433074026	0.16244680476266166	0.14512327755452523	0.1282605666412327	0.11218927605645285	0.0971774899347688	0.0834167066827435	0.07101851962715082	0.060020513791947054	0.050398443091989084	0.04208141349316513	0.03496727916785223	0.028936345895719036	0.02386239935478403	0.01962081314991292	0.016093967820583897	0.01317445069540952	0.01076657270848502	0.00878670151790144	0.007162825296143322	0.0058336642932876	0.004747557402206839	0.00386127689114006	0.00313886790656236	0.002550568603499351	0.002071838860855103	0.0016825073726696137	0.0013660357417706454	0.0011088918627417833	0.000900021734718141	0.0007304077226752735	0.0005927013821399803	0.0004809197383233937	0.0003901950191138889	0.000316569066315366	0.00025682486334140423	0.0002083487502040857	0.00016901791446348116	0.00013710863852615026	0.00011122155098847716	9.022078132428687e-5	7.318446511696851e-5	5.9364504272633405e-5	4.815386600288064e-5	3.9060017666770155e-5	3.1683352383779086e-5	2.569967189371584e-5	2.084596635231952e-5	1.690887230823689e-5	1.3715305625830399e-5	1.112486027854638e-5	9.023640616431675e-6	7.319257107179818e-6	5.936766292381884e-6	4.815376945620426e-6	3.905777930923118e-6	3.167970480005264e-6	2.569509710248624e-6	2.084078150404384e-6	1.6903286074396527e-6	1.3709455302413272e-6	1.1118836199325942e-6	9.017502216162927e-7	7.313043490584075e-7	5.930503188086112e-7	4.80908128152008e-7	3.899460844537484e-7	3.161639299128708e-7	2.5631692561074286e-7	2.0777315950578522e-7	1.6839780378986553e-7	1.3645923196237423e-7	1.1055286716604758e-7	8.953941300821924e-8	7.249475053335527e-8	5.8669298019208904e-8	4.745504639296118e-8	3.835882060043222e-8	3.098059105163061e-8	NaN	NaN	NaN	NaN	NaN	NaN	NaN	NaN	NaN	NaN	NaN	NaN	NaN	NaN	NaN	NaN	NaN
0.2493877814986423	0.23557388346912658	0.22051514511350373	0.20440628595421545	0.18751825536298583	0.17018373237662315	0.15277274808875177	0.1356618744409428	0.1192022527842147	0.10369207761131453	0.0893578572204745	0.07634639440325912	0.06472689891125515	0.054500785701823574	0.04561591212479741	0.03798217188176573	0.03148612284508185	0.02600327030656377	0.021407464156269648	0.01757746215715679	0.014401048903536941	0.0117772338102465	0.00961705255340514	0.007843427251664366	0.006390445577157074	0.005202324240778115	0.004232240704471526	0.003441152715500327	0.0027966778210533	0.0022720718165534686	0.0018453229633305212	0.0014983648433384345	0.0012164024710047611	0.000987341888784026	0.0008013115717175269	0.0006502636025556514	0.0005276431061415265	0.0004281154260355178	0.0003473417197764619	0.00028179487941961095	0.00022860885855826413	0.00018545555824871617	0.00015044437231616204	0.00012204031425378873	9.899734950749997e-5	8.030414925751258e-5	6.513997765057553e-5	5.283883681208152e-5	4.286033518597879e-5	3.47660259654263e-5	2.8200193410150516e-5	2.2874254177162423e-5	1.8554095637399214e-5	1.504979959056804e-5	1.220730290257474e-5	9.901630591495839e-6	8.031405264108515e-6	6.514392424788276e-6	5.2838863974354775e-6	4.285778347898334e-6	3.4761777458475724e-6	2.8194828481475535e-6	2.2868154695842905e-6	1.8547512857908844e-6	1.5042898826973117e-6	1.2200192923374065e-6	9.89438296063669e-7	8.024067066710374e-7	6.506994640153732e-7	5.276449408110771e-7	4.278315564362611e-7	3.468697991367211e-7	2.8119919278781935e-7	2.2793172029496643e-7	1.8472481857268873e-7	1.496783602553361e-7	1.212510919909897e-7	9.819285470515315e-8	7.948960519571974e-8	6.431882134097896e-8	5.201332981482487e-8	4.2031965582580335e-8	3.393577288138716e-8	NaN	NaN	NaN	NaN	NaN	NaN	NaN	NaN	NaN	NaN	NaN	NaN	NaN	NaN	NaN	NaN	NaN
0.2550783309937692	0.24185737499673138	0.2273310064349854	0.21165836317457987	0.19507775649477382	0.17789698495521591	0.1604730547846579	0.14318364954967866	0.1263949605583116	0.11043155216592011	0.09555333756268881	0.08194273937326035	0.0697025266464073	0.058862585708592666	0.04939259904084638	0.041217378266912505	0.03423214627564367	0.028315971081881695	0.023342464466178738	0.01918756750002891	0.015734692138224777	0.012877703546425607	0.010522279102361334	0.008586135374404264	0.006998526555836164	0.005699320668190022	0.004637871504750266	0.0037718322059320415	0.0030660017100328585	0.0024912561910559153	0.002023590950197598	0.0016432809814168994	0.0013341579122110234	0.0010829951152826936	0.0008789899207201673	0.000713330909157171	0.0005788384625030073	0.00046966757708730806	0.00038106307456464125	0.00030915857472042394	0.0002508118016320067	0.0002034699154333076	0.00016505956573425754	0.00013389724011914986	0.00010861623482582798	8.810721392836817e-5	7.146986031941288e-5	5.7973569574929385e-5	4.702550908278933e-5	3.814467132811797e-5	3.09408023734355e-5	2.50972934186923e-5	2.0357292638779557e-5	1.651243284056366e-5	1.3393683362290519e-5	1.0863926637517073e-5	8.811934757777348e-6	7.147482321658061e-6	5.7973814242728676e-6	4.702264928219867e-6	3.8139768894008606e-6	3.093455596916647e-6	2.509016274314152e-6	2.0349580156476777e-6	1.6504337560105015e-6	1.3385336221850093e-6	1.0855413787701573e-6	8.803312881017488e-7	7.1387887117869e-7	5.788640618451062e-7	4.69349307042546e-7	3.805184601381329e-7	3.084649867119503e-7	2.500201700696249e-7	2.0261376233709677e-7	1.6416095354366746e-7	1.3297068828429574e-7	1.0767129822444796e-7	8.715018012586641e-8	7.050486669788953e-8	5.700333856721439e-8	4.605183203425678e-8	3.716872691320128e-8	NaN	NaN	NaN	NaN	NaN	NaN	NaN	NaN	NaN	NaN	NaN	NaN	NaN	NaN	NaN	NaN	NaN
0.26530501168366166	0.2532695130482507	0.23985495351732186	0.2251528320352671	0.20933380481371722	0.19264698178784484	0.17540868053857864	0.15798076087095103	0.14074124916065175	0.12405210759169284	0.10822984061278926	0.09352379891342878	0.08010489819231738	0.0680648839190483	0.05742414969497164	0.04814498939253036	0.04014706950765248	0.033322534359499605	0.02754908345480705	0.022700250695711608	0.018652787609555257	0.015291463447571183	0.012511782530747643	0.010221152835179523	0.008338986206885661	0.006796119774507088	0.005533851417675095	0.00450279586800449	0.003661698464591195	0.002976291318880801	0.0024182394948843687	0.0019641996939947313	0.001594997801850529	0.0012949219122606092	0.0010511220578087936	0.0008531053446826391	0.0006923144444334319	0.0005617777084556862	0.00045582005924635235	0.0003698249672304199	0.00030003905345735594	0.00024341205639721137	0.00019746600636705926	0.000160188437037045	0.00012994532276021094	0.00010541016709559642	8.550629169013638e-5	6.935989808763865e-5	5.6261911109050146e-5	4.563697378214202e-5	3.701826191941276e-5	3.0027031578260544e-5	2.435601366414787e-5	1.975593444006748e-5	1.602457509008339e-5	1.2997893114837463e-5	1.0542817674059026e-5	8.551403727044602e-6	6.936088999387092e-6	5.625845922585768e-6	4.563059800992409e-6	3.7009962331489897e-6	3.0017466198982295e-6	2.4345615452484734e-6	1.974498826632672e-6	1.6013268386424372e-6	1.2986349202584609e-6	1.053111769226592e-6	8.539601060781439e-7	6.924218772994132e-7	5.613931245815731e-7	4.551115878670048e-7	3.6890330691140835e-7	2.9897707960522393e-7	2.4225773920659547e-7	1.9625091932889267e-7	1.5893335997110815e-7	1.2866393090872392e-7	1.0411145972778213e-7	8.419619072408323e-8	6.804230028374067e-8	5.493938056033101e-8	4.431119764265551e-8	3.569035030502773e-8	NaN	NaN	NaN	NaN	NaN	NaN	NaN	NaN	NaN	NaN	NaN	NaN	NaN	NaN	NaN	NaN
0.27415300135003917	0.2632694825175737	0.25098563855113926	0.2373334637515396	0.22241815352464983	0.20642463799899924	0.1896151021706702	0.1723158073427174	0.1548937852256162	0.13772655546829035	0.12116998529948114	0.1055299567694756	0.09104239637987785	0.07786392897448222	0.0660728543242645	0.05567817368204523	0.04663346010308526	0.03885242962466061	0.032223780070796376	0.02662380492792086	0.021926150129427436	0.018008707637395586	0.014758006448725313	0.012071616547843403	0.009859094960284396	0.008041939752392277	0.006552924160340909	0.005335087333575235	0.00434057462172153	0.0035294539190018205	0.002868585201420002	0.0023305856134115677	0.00189290915278979	0.0015370451797679253	0.0012478311397332881	0.0010128701068802296	0.0008220416081430325	0.0006670936750787462	0.0005413045160360468	0.00043920315506518003	0.0003563395635286003	0.00028909604220546864	0.00023453279633306397	0.00019026173138072503	0.0001543434608964695	0.00012520335475698993	0.00010156317190686296	8.23854266886649e-5	6.682814480425117e-5	5.420808685201667e-5	4.3970866683028026e-5	3.566667981902311e-5	2.8930593864896938e-5	2.3466546868276475e-5	1.903435829497279e-5	1.5439186912077706e-5	1.252297559359469e-5	1.0157509202039762e-5	8.238781821443509e-6	6.682426661448339e-6	5.420008331930096e-6	4.39601487959912e-6	3.565417598583204e-6	2.8916914954489363e-6	2.3452094812094975e-6	1.9019397547993797e-6	1.5423891473847986e-6	1.2507459947309334e-6	1.0141848671657387e-6	8.223025965985524e-7	6.666608087914578e-7	5.40414849380156e-7	4.3801278919684913e-7	3.549512748310821e-7	2.8757748927071515e-7	2.329285146104183e-7	1.8860103323026852e-7	1.5264563777176164e-7	1.234811022845514e-7	9.982484463658732e-8	8.063652225087175e-8	6.507228074999382e-8	5.244764354315213e-8	4.220741037472333e-8	3.390124107518683e-8	NaN	NaN	NaN	NaN	NaN	NaN	NaN	NaN	NaN	NaN	NaN	NaN	NaN	NaN	NaN
0.28155011458329626	0.271721234485041	0.2605092975125663	0.24789856890045683	0.23393728105623704	0.21874906526420076	0.20253760684915634	0.18558173222841942	0.16821970324633168	0.15082389912140357	0.1337695898538228	0.11740319651125493	0.1020155852008951	0.0878244871086179	0.07496769227767287	0.0635061743531698	0.0534345552872515	0.04469563884934164	0.03719599460632536	0.03082037335336287	0.025443679043500946	0.02094003583717286	0.01718905263269329	0.014079698615505532	0.01151231863075848	0.009399307532199194	0.007664888752095068	0.006244346257231247	0.005082965353578971	0.004134858069912681	0.003361786569716988	0.002732052356417151	0.002219487238391055	0.0018025609591124433	0.0014636071848520493	0.0011881618119666747	0.0009644035025685556	0.0007826846704170842	0.0006351409029605074	0.0005153674029743699	0.00041815206100396705	0.0003392559739307306	0.00027523345256374386	0.0002232847258272158	0.00018113560705795078	0.0001469393216918134	0.00011919650339289379	9.669005435548539e-5	7.84321463084996e-5	6.362112455145057e-5	5.160648111668621e-5	4.186039708025753e-5	3.395462914185674e-5	2.7541741531402128e-5	2.233986940854011e-5	1.8120351284197077e-5	1.4697691569283778e-5	1.1921415119487731e-5	9.669457725172216e-6	7.842803301849253e-6	6.361132876071738e-6	5.159294637074573e-6	4.184440221846741e-6	3.393701561713243e-6	2.7523062996671447e-6	2.2320490148123843e-6	1.810051098228081e-6	1.4677547927088176e-6	1.190107189657071e-6	9.648983189827445e-7	7.822242370820146e-7	6.340515101984302e-7	5.138639463801179e-7	4.1637604422732815e-7	3.373005592766436e-7	2.731599679155833e-7	2.2113353862626672e-7	1.7893328588462674e-7	1.447033519701614e-7	1.169383920723859e-7	9.441737368618558e-8	7.61498790970449e-8	6.133254956382259e-8	4.931375578184175e-8	3.956494095974847e-8	NaN	NaN	NaN	NaN	NaN	NaN	NaN	NaN	NaN	NaN	NaN	NaN	NaN	NaN	NaN
0.28789421529386516	0.2790372786640803	0.26884069471918304	0.25725134121340426	0.24426932279494995	0.22996226776704443	0.21447525675353915	0.19803313083644877	0.1809327044203928	0.16352424529146423	0.1461841086970165	0.12928280450231053	0.11315410139022312	0.09807046629244812	0.08422833325475292	0.07174414427119828	0.06065975269257023	0.05095430862305481	0.042559345121210526	0.035374226350145366	0.029279992902391177	0.02415056880637068	0.019861046908551252	0.016293261874055748	0.01333911167178618	0.010902163211578771	0.008898045610974306	0.007254051347116841	0.005908268326735277	0.004808475243575056	0.003910957453284943	0.003179342978696044	0.002583516615422702	0.0020986415066431416	0.0017042988722518419	0.0013837450494026838	0.0011232784163268319	0.0009117054657020619	0.0007398940734902396	0.0006004020480816101	0.000487169790346204	0.0003952669904531249	0.00032068450949645263	0.00026016381097921986	0.00021105744611893333	0.0001712151223616341	0.00013889078405580763	0.00011266690903060186	9.139288324880562e-5	7.413486963900841e-5	6.013504967290532e-5	4.8778500063851906e-5	3.9566284025335166e-5	3.209359749744248e-5	2.6032024929938787e-5	2.1115134587413968e-5	1.7126786681940143e-5	1.3891644621924402e-5	1.1267475026019395e-5	9.1388998110034e-6	7.412326859421439e-6	6.011837168291817e-6	4.875848157251212e-6	3.954406759485765e-6	3.2069934909839015e-6	2.600741083552317e-6	2.1089894447979723e-6	1.7101134637576068e-6	1.3865721566758643e-6	1.1241373661247707e-6	9.112681129032644e-7	7.386030989828422e-7	5.985490514003104e-7	4.84946808981337e-7	3.92800470831462e-7	3.1805769759242574e-7	2.57431505218787e-7	2.0825571523233445e-7	1.6836770518814537e-7	1.3601330345037197e-7	1.0976964607562482e-7	8.848260343092141e-8	7.121602484839977e-8	5.721056930392612e-8	4.585031164806593e-8	3.663565584891084e-8	NaN	NaN	NaN	NaN	NaN	NaN	NaN	NaN	NaN	NaN	NaN	NaN	NaN	NaN
0.2931683468985207	0.2851674442810223	0.2758850675156212	0.26524096757596777	0.25319756072843635	0.239775398978145	0.22506641306631553	0.2092417136429812	0.1925508322020674	0.1753104134391547	0.15788249625460188	0.14064510680279418	0.12396002776955178	0.10814343619347318	0.09344426105456904	0.0800329636081474	0.06800085763916575	0.05736796781599631	0.04809630306553551	0.04010533331023948	0.03328708697261133	0.027519213942548047	0.02267524819401836	0.01863197527578207	0.015274219149933092	0.012497549310496783	0.010209442060426439	0.008329375890616629	0.006788249978131914	0.0055274181350674885	0.004497544342604426	0.0036574165495521583	0.0029728032406692176	0.002415400208076305	0.0019618899013563993	0.001593119642993804	0.001293395283157854	0.0010498815023248895	0.0008520974508817605	0.000691495677770229	0.0005611126177230346	0.0004552797971517554	0.00036938607434870626	0.0002996824612436346	0.00024312227148499092	0.00019723044429484406	0.000159996878756437	0.00012978947177668418	0.00010528328892258776	8.540292052326206e-5	6.92755983020897e-5	5.6193083422737416e-5	4.558069777839407e-5	3.69721681475172e-5	2.9989197701805363e-5	2.432488015234479e-5	1.973023613539449e-5	1.6003285669764278e-5	1.2980180021483365e-5	1.0528005545129534e-5	8.538944722543073e-6	6.925538727940341e-6	5.616843910529278e-6	4.555313647732375e-6	3.6942687574359496e-6	2.9958454326863036e-6	2.4293305912048256e-6	1.9698115227244667e-6	1.5970805083235786e-6	1.294746278663134e-6	1.049513260936524e-6	8.50596934484532e-7	6.892495949687829e-7	5.583756786890546e-7	4.5221973476189083e-7	3.661133261058702e-7	2.962697306400399e-7	2.3961741552562827e-7	1.9366496195588547e-7	1.5639150080867742e-7	1.2615784117897106e-7	1.0163438369721211e-7	8.174264860571105e-8	6.560784725125005e-8	5.252041127664686e-8	4.190478770679175e-8	NaN	NaN	NaN	NaN	NaN	NaN	NaN	NaN	NaN	NaN	NaN	NaN	NaN	NaN
0.29763258041135443	0.29039069761400416	0.2819334939912878	0.27216157217680614	0.26100843745642266	0.24845598190702242	0.23454948568532807	0.21940926129086671	0.20323565659867188	0.18630458292062704	0.16895225739314748	0.15155023024015574	0.13447430497522636	0.11807270377795759	0.10263905292965739	0.08839436781537452	0.0754797954606089	0.063959365637316	0.053830211974226425	0.04503699954570467	0.0374875159531691	0.03106716790836614	0.025651069973721904	0.02111323458150509	0.017332947357402515	0.01419873265173734	0.01161043623654876	0.00947994638302016	0.007731002343086205	0.006298443507867754	0.00512715840709776	0.004170912282686295	0.0033911689527614643	0.0027559763488126782	0.0022389527902238458	0.0018183896096726593	0.001476472251908739	0.0011986140478495737	0.000972892687756792	0.0007895776517468483	0.0006407365732264773	0.0005199090827195101	0.00042183769520598	0.0003422465044467437	0.0002776596764704776	0.00022525290282626801	0.00018273203712315442	0.00014823407747621586	0.0001202464704495013	9.754140555818081e-5	7.912235446864913e-5	6.418059856095068e-5	5.205989547627963e-5	4.222777190270032e-5	3.425220721714028e-5	2.7782700426891857e-5	2.253489952655272e-5	1.8278125039283706e-5	1.4825244147823585e-5	1.2024453454144598e-5	9.752611198235538e-6	7.909827154134035e-6	6.415073234794107e-6	5.202622399162081e-6	4.2191596666847425e-6	3.4214384607313513e-6	2.774379391609943e-6	2.249527986054462e-6	1.8238036153686437e-6	1.47848465411565e-6	1.1983852726473153e-6	9.711876828822713e-7	7.869004856480665e-7	6.374193085750274e-7	5.161704187510409e-7	4.178216412242158e-7	3.3804787297316854e-7	2.7334088200970436e-7	2.2085502821869697e-7	1.7828212188770154e-7	1.4374991701847762e-7	1.157397757384428e-7	9.301988311368792e-8	7.459107545855307e-8	5.964289989800488e-8	4.751797285200902e-8	NaN	NaN	NaN	NaN	NaN	NaN	NaN	NaN	NaN	NaN	NaN	NaN	NaN	NaN
0.30144199688587575	0.2948729986962551	0.2871581809819232	0.27818525949083783	0.2678662099224073	0.2561520148276259	0.2430482494300842	0.2286291222040216	0.2130468533646395	0.19653316499445317	0.17939053041593192	0.16197275153523102	0.14465698355935028	0.1278116596206645	0.11176596152070287	0.09678602738174528	0.08306117955716767	0.07070088492397723	0.059740865126381264	0.05015539813352213	0.041872540638666696	0.034789499012009	0.028786269064202046	0.023736585411448907	0.01951595175434678	0.016006992701096772	0.013102600754156353	0.010707414648454778	0.008738126503854424	0.007123029557781686	0.005801120978296558	0.004720984744469394	0.0038396059921858927	0.0031212121229725943	0.002536195618799156	0.0020601459111269857	0.0016729997100202192	0.0013583081921081696	0.0011026132127522046	0.0008949216300089116	0.0007262657485186241	0.000589338012299403	0.0004781888644202314	0.0003879778055048222	0.0003147689090320521	0.00025536326373784237	0.00020716194324664028	0.00016805411753188394	0.00013632580907868019	0.00011058556064594095	8.970393014122644e-5	7.276427338316202e-5	5.902273047863732e-5	4.787570894650899e-5	3.883346837801773e-5	3.1498667872453274e-5	2.554894790899254e-5	2.0722790584127334e-5	1.6808042923199072e-5	1.3632602854497218e-5	1.1056861071295857e-5	8.967568258131611e-6	7.272859204060338e-6	5.898215783065157e-6	4.783191794717601e-6	3.878755981219752e-6	3.145136603260185e-6	2.550072935761266e-6	2.0673968881629904e-6	1.6758824378925204e-6	1.3583123210235072e-6	1.100720963822224e-6	8.917803798181541e-7	7.223020379273965e-7	5.848328030809205e-7	4.733271851254728e-7	3.8288148579860557e-7	3.0951815450948794e-7	2.500108709311208e-7	2.017426629577634e-7	1.6259082105563163e-7	1.308335482509661e-7	1.0507424073253985e-7	8.418006930019364e-8	6.723216074357972e-8	5.348518833002059e-8	4.233459434249935e-8	NaN	NaN	NaN	NaN	NaN	NaN	NaN	NaN	NaN	NaN	NaN	NaN	NaN
0.30473791420945995	0.2987699690307277	0.2917265522912677	0.2834872752831522	0.27394853087093735	0.2630370508762752	0.250725242783388	0.23704645928993884	0.2221074552788048	0.2060947677093819	0.18927203166394835	0.17196658456388048	0.15454598127180094	0.1373876195502507	0.1208466214402232	0.1052276295996943	0.0907650364212884	0.07761385579412919	0.0658508882917575	0.05548387755543821	0.04646544397575477	0.038708662071701386	0.032101866201275524	0.02652121085563492	0.02184036848430401	0.01793736855859298	0.01469894346098446	0.012022898145234408	0.009819032020453786	0.008009077202569334	0.006526023351144473	0.005313103754135782	0.00432263408446562	0.0035148291912434	0.0028566742306014798	0.0023208919236382547	0.001885024619169182	0.001530635158568857	0.0012426218022566628	0.0010086377599767037	0.0008186037607246453	0.0006643016113152232	0.0005390371512231799	0.00043736197231006	0.00035484445400312437	0.0002878818961628027	0.00023354671492315703	0.00018946074984665262	0.00015369269174531213	0.00012467447500508116	0.00010113319167174606	8.20356874790931e-5	6.654350510710769e-5	5.397626028857046e-5	4.3781884345171006e-5	3.5512453612502705e-5	2.8804561967341514e-5	2.3363385914805124e-5	1.8949749768753838e-5	1.5369627554949332e-5	1.2465623557439544e-5	1.0110059213440567e-5	8.199363894945466e-6	6.649523923719849e-6	5.392390353875293e-6	4.372683591733851e-6	3.5455634159039916e-6	2.8746577253919696e-6	2.330463451500226e-6	1.889049392815906e-6	1.5310039819407194e-6	1.2405817453667174e-6	1.0050109436077227e-6	8.139319588951347e-7	6.589417423664246e-7	5.332242933994939e-7	4.3125092491889815e-7	3.4853713599623844e-7	2.8144540151747584e-7	2.270252073524742e-7	1.8288329699551427e-7	1.4707842398757272e-7	1.1803598194834651e-7	9.44787580916004e-8	7.537076508783864e-8	5.987168123883962e-8	4.729989542121891e-8	NaN	NaN	NaN	NaN	NaN	NaN	NaN	NaN	NaN	NaN	NaN	NaN	NaN
0.30757171236499287	0.3021346398784374	0.2956904965623196	0.2881145151538971	0.2792924586621113	0.26913277068601826	0.257581114082846	0.24463596419431052	0.23036297808967662	0.21490508417671259	0.19848503338910825	0.1813979019702261	0.16399284715236545	0.14664593211046198	0.12972824512262882	0.11357490150314291	0.09846025652459674	0.08458288604175401	0.07206134730604083	0.06093936428020764	0.05119758215627151	0.042768607981305384	0.035552479086858296	0.029430568926746614	0.024276871494888465	0.019966364107082767	0.016380647932873384	0.013411323019446744	0.010961633155485458	0.008946885793431775	0.007294069830432413	0.00594099686956505	0.004835200585105976	0.003932753210525992	0.0031971000901489474	0.002597971198634079	0.0021103996225613686	0.0017138580866139304	0.0013915129178909591	0.0011295881479894425	0.0009168290762535715	0.0007440533534224902	0.0006037776582474112	0.0004899087718131976	0.00039748894357081375	0.0003224866639072574	0.00026162517639433103	0.00021224220446171011	0.00017217539595295854	0.00013966889199947306	0.00011329720470606535	9.190324954892656e-5	7.45479349598335e-5	6.0469176319484905e-5	4.904858734577371e-5	3.9784420573717044e-5	3.2269590972804885e-5	2.617383207523066e-5	2.1229210314397414e-5	1.7218367395139197e-5	1.3964978142779249e-5	1.1326007164742256e-5	9.185425748988337e-6	7.449113971917665e-6	6.040724670541557e-6	4.898327944283762e-6	3.971688986807114e-6	3.220059775044294e-6	2.6103876581994305e-6	2.1158621693817703e-6	1.714736220977784e-6	1.389369888066213e-6	1.1254547575781993e-6	9.11384751559804e-7	7.377457677663188e-7	5.969017017049798e-7	4.826586499629291e-7	3.8999253097097365e-7	3.1482814704230794e-7	2.5385997296117506e-7	2.0440679088494275e-7	1.6429377944394042e-7	1.3175687205691018e-7	1.053651786710631e-7	8.395805941934883e-8	6.659408297623029e-8	5.250962500930829e-8	NaN	NaN	NaN	NaN	NaN	NaN	NaN	NaN	NaN	NaN	NaN	NaN	NaN
0.3121383940430794	0.3075844471101306	0.3021497898305042	0.29570838606891536	0.2881354547386988	0.2793167175666741	0.2691605423423029	0.2576124767792935	0.24467084155298477	0.23040110633145455	0.21494599459328684	0.19852805787157748	0.18144220612890472	0.16403748976309063	0.1466899429076357	0.1297707077623291	0.11361502698890956	0.09849743519029773	0.08461671211151546	0.07209161672327151	0.06096605164844349	0.05122080508547631	0.04278858698372769	0.03556949933010477	0.029444947712747603	0.024288933103323692	0.019976422020787827	0.01638899351450306	0.013418219309067813	0.01096731242430112	0.008951549652795968	0.007297890937248473	0.0059441215160483014	0.004837751676260058	0.003934833303754936	0.003198794298547558	0.0025993498489937364	0.00211152061908395	0.0017147689694455958	0.0013922526283048607	0.0011301885243400552	0.0009173161103451755	0.0007444482382495954	0.0006040976569225352	0.0004901679350461665	0.0003976987000336968	0.0003226563046546978	0.00026176225146601307	0.00021235284700586637	0.0001722645867349086	0.0001397406750094069	0.00011335486274190709	9.194944709621135e-5	7.458483438852499e-5	6.049853233407636e-5	4.907182372790945e-5	3.980269251690603e-5	3.228383570091238e-5	2.6184809938141947e-5	2.1237538146623218e-5	1.7224545590229418e-5	1.3969412624889316e-5	1.1329027217472836e-5	9.187298481529413e-6	7.450056056025832e-6	6.040911862765657e-6	4.897902811052695e-6	3.970767171353271e-6	3.2187350812685136e-6	2.608736174725797e-6	2.1139456149524075e-6	1.7126046581681382e-6	1.3870639245700375e-6	1.1230073318079673e-6	9.088225810485292e-7	7.350905240413439e-7	5.941709632843633e-7	4.798666753733695e-7	3.871508857751446e-7	3.1194621244576857e-7	2.5094535836286505e-7	2.0146566851208036e-7	1.61331155786325e-7	1.2877680803672574e-7	1.0237096823009563e-7	8.09523743770473e-8	6.35790905288499e-8	4.948708303728902e-8	NaN	NaN	NaN	NaN	NaN	NaN	NaN	NaN	NaN	NaN	NaN	NaN
0.31560192781035484	0.31174067663933747	0.3071084556383844	0.3015837039932263	0.29504018673998156	0.2873536761394458	0.2784114780873253	0.2681248352232249	0.25644363306742596	0.24337198990477632	0.22898236749512071	0.21342509752997055	0.1969300898777853	0.17979833704689974	0.16238272854363703	0.1450602331919385	0.12819985698064865	0.11213201279848675	0.0971245224057975	0.08336859027042431	0.07097552207843712	0.059982650491254064	0.05036552929130745	0.04205312196747849	0.034943194547185634	0.028916010438910587	0.023845348066715157	0.019606598380689812	0.016082174764398632	0.013164705721252017	0.01075854646913594	0.008780108531895259	0.007157421345981871	0.005829242631371255	0.004743944452214317	0.0038583278929951114	0.0031364627760350275	0.0025486081533909444	0.002070241447956609	0.00168120598234049	0.0013649754910102516	0.0011080278860604738	0.000899317409877095	0.0007298331918882867	0.0005922323262004396	0.00048053636475068007	0.00038988122980244104	0.0003163117747081838	0.00025661343549046443	0.00020817454804319203	0.00016887392312907846	0.00013698916260553246	0.00011112196717461941	9.013733715207748e-5	7.311411529394655e-5	5.930477764647337e-5	4.810275747330511e-5	3.9015900392591484e-5	3.164490649273445e-5	2.5665826605085147e-5	2.081585299674731e-5	1.6881786198252296e-5	1.3690675113102825e-5	1.1102221645566763e-5	9.002617703994806e-6	7.299544785404839e-6	5.918117050782333e-6	4.797590014077113e-6	3.888690454172722e-6	3.1514503582082e-6	2.553449791234657e-6	2.0683915184829734e-6	1.6749447617844153e-6	1.355807284912227e-6	1.0969445892912407e-6	8.869727806048589e-7	7.166579786769265e-7	5.78510264052945e-7	4.664543094077477e-7	3.755622144822747e-7	3.018367976036433e-7	2.420358150055163e-7	1.9352937854782794e-7	1.5418430207567777e-7	1.2227029068684622e-7	9.638384762644598e-8	7.538655260737779e-8	5.8354997311153183e-8	NaN	NaN	NaN	NaN	NaN	NaN	NaN	NaN	NaN	NaN	NaN	NaN
0.31829511636655256	0.3149862490073891	0.31100041287294217	0.30622319530370257	0.30053186651263464	0.2937999851535343	0.28590454976704716	0.27673603229618216	0.2662112400510763	0.25428830174282663	0.24098219629543338	0.22637830858190203	0.2106408290513668	0.1940128326734693	0.17680590872998392	0.1593792668126523	0.14211082342947423	0.12536499085042976	0.10946285469731273	0.09465972496828326	0.08113297950063912	0.0689805322499574	0.05822807167193448	0.048841999417750546	0.04074483121442654	0.03383040573385554	0.027977164106841052	0.02305866485140622	0.018951192129143046	0.015538746248084037	0.012715908373477703	0.010389114758811917	0.008476827110527163	0.006908996478526867	0.00562612105648131	0.0045781108215538525	0.003723100969666919	0.003026302504374073	0.002458940083430848	0.0019973012603829296	0.0016219045078621848	0.0013167832360215016	0.001068877346111814	0.0008675211424027977	0.0007040155680051023	0.0005712729788267364	0.00046352352527512876	0.00037607335293367885	0.00030510606371666153	0.00024752008235296124	0.00020079568711667105	0.0001628864596990314	0.00013213077854872104	0.00010717972617969774	8.693841336820277e-5	7.051825414737619e-5	5.719816812505058e-5	4.639305354804458e-5	3.762817734068477e-5	3.051837739252199e-5	2.475117664453172e-5	2.0073075709128517e-5	1.627842735285383e-5	1.3200407613936557e-5	1.0703689148925242e-5	8.67849635221102e-6	7.035781960149593e-6	5.703313777354786e-6	4.622499928209166e-6	3.7458133444217266e-6	3.0347024400408853e-6	2.457896232734659e-6	1.9900294682856697e-6	1.6105273461997433e-6	1.302700839889346e-6	1.053012852471372e-6	8.504829530351942e-7	6.862045266693205e-7	5.529531112713318e-7	4.448687017416348e-7	3.571980533584248e-7	2.860856536251216e-7	2.2840417146291774e-7	1.816169282520898e-7	1.4366634314857719e-7	1.1288344717716133e-7	8.791448701755538e-8	6.766139087167925e-8	5.123347836103383e-8	NaN	NaN	NaN	NaN	NaN	NaN	NaN	NaN	NaN	NaN	NaN
0.32042968696388524	0.3175672261808619	0.31410787449652067	0.30994538353297185	0.3049630726113055	0.29903683000495745	0.2920402787720553	0.2838525906143265	0.27436921371662376	0.263515330874167	0.25126115263257676	0.23763723847711485	0.22274713313369132	0.2067740618404047	0.18997866614190081	0.17268605590820302	0.1552626946483025	0.13808621697305426	0.1215132677340845	0.10585103441304734	0.09133706621485267	0.07812969677112651	0.06630881969293334	0.0558847760109376	0.046812155906057196	0.03900536224072364	0.03235348380665041	0.02673296575116717	0.022017428890265835	0.018084621268239964	0.014820857237377897	0.012123458009718893	0.009901723545530877	0.008076903415800423	0.006581540905506791	0.005358468781072019	0.004359651254834892	0.0035449998888868453	0.002881241460425637	0.002340880753928263	0.00190127772623104	0.001543843515201127	0.0012533508214176827	0.0010173493399898753	0.0008256747276711231	0.0006700390519051751	0.0005436910981361387	0.0004411358584358931	0.0003579037013351155	0.00029036095470830826	0.00023555481988961132	0.00019108662297374446	0.00015500837548605205	0.00012573845625588262	0.00010199294456203911	8.272974186051887e-5	6.710312829120172e-5	5.4426823739290405e-5	4.414397394634081e-5	3.580277135985634e-5	2.9036658095950748e-5	2.354825323545613e-5	1.9096306071880756e-5	1.5485107113525262e-5	1.2555894825363517e-5	1.0179882611517957e-5	8.252600968941193e-6	6.689307038316844e-6	5.421260362609726e-6	4.392701522388208e-6	3.5584010732004525e-6	2.8816711890179074e-6	2.3327526974834154e-6	1.887506657458238e-6	1.5263529934001747e-6	1.2334095469875056e-6	9.957937077154028e-7	8.030559257610263e-7	6.467202048415214e-7	5.199113739341217e-7	4.170527506988099e-7	3.336209035523477e-7	2.659467293841696e-7	2.1105410008407416e-7	1.6652898279589025e-7	1.3041327868171392e-7	1.0111871185052895e-7	7.735698173699692e-8	5.80831073606184e-8	NaN	NaN	NaN	NaN	NaN	NaN	NaN	NaN	NaN	NaN	NaN
0.32214727286792477	0.31964955897539793	0.3166230646077223	0.31296983196976264	0.3085803612539558	0.30333540494112293	0.29710954580833177	0.28977709210706865	0.2812207301339905	0.27134309527535033	0.2600808965907655	0.2474204479848815	0.23341252046184838	0.21818358753855646	0.20194017917694174	0.18496359024334402	0.1675937936782059	0.15020383269537438	0.13316847650142716	0.11683256961408807	0.10148459527007558	0.08733946944196741	0.0745321188620529	0.06312092123022818	0.05309837334855012	0.04440571084212782	0.03694848295590078	0.03061089688907104	0.025267689314639137	0.020793088544652144	0.017066985007234598	0.013978730674685856	0.011429097651387948	0.009330913225709732	0.007608813373049356	0.006198460370607873	0.0050454768445653015	0.004104269439366085	0.0033368536450913673	0.0027117461854452404	0.002202960009879572	0.0017891162011421007	0.0014526741308376057	0.0011792736251541004	0.0009571789545861634	0.0007768128403837535	0.0006303684736258068	0.0005114881616884275	0.00041499825463122515	0.0003366912111407781	0.0002731468901746749	0.00022158631585029084	0.00017975221679233634	0.00014581157036006577	0.00011827618552081578	9.593804273187404e-5	7.781668635656834e-5	6.311644777487444e-5	5.1191678403759084e-5	4.151850347663466e-5	3.3671880606219573e-5	2.7306971490885678e-5	2.2144018906991532e-5	1.7956071398724547e-5	1.4559020753795356e-5	1.1803517379988194e-5	9.568410174538588e-6	7.755423792150313e-6	6.284840155027158e-6	5.091994896380544e-6	4.124435059689777e-6	3.339613319553251e-6	2.703017494827029e-6	2.1866532085856105e-6	1.7678130409866823e-6	1.4280780947273337e-6	1.1525080968391923e-6	9.28984440832825e-7	7.476772918385812e-7	6.006133285718377e-7	4.813251185499003e-7	3.845667109383393e-7	3.060829421254495e-7	2.4242231037771765e-7	1.907851913986423e-7	1.489007204302468e-7	1.1492692696488378e-7	8.736973055938068e-8	6.501723559793142e-8	4.688643558764487e-8	NaN	NaN	NaN	NaN	NaN	NaN	NaN	NaN	NaN	NaN
0.3235481367469866	0.3213515851006958	0.31868428272055854	0.3154562345050292	0.31156544491652727	0.306898819518215	0.3013345057246028	0.29474620060148643	0.2870099438224757	0.2780137655093067	0.26767020090560434	0.25593106756574724	0.24280304722624765	0.22836167221139966	0.2127605908653099	0.19623289190988807	0.17908216081980896	0.161662878793981	0.14435233001202433	0.1275185032689246	0.11148964101835508	0.09653060371689193	0.08282929003369417	0.07049377928869999	0.05955858002508748	0.04999701153203253	0.04173645077450383	0.03467368611904612	0.02868851512002105	0.023654642207114954	0.01944765824218736	0.015950348617905945	0.013055805901539392	0.010668883219810894	0.00870648460190251	0.007097102340302175	0.005779914173146075	0.00470366381566081	0.003825475090654492	0.0031096941086667124	0.002526813848220479	0.0020525080899852412	0.0016667838616763401	0.0013532506455361997	0.001098498435525181	0.0008915736980065983	0.0007235412376379154	0.0005871201068942022	0.00047638249495572795	0.00038650564920725223	0.0003135681092593121	0.00025438274474225776	0.00020636021610085276	0.00016739748989068955	0.0001357869260981442	0.00011014221688691323	8.933810284202231e-5	7.246133632386207e-5	5.8770815009236485e-5	4.766518483254558e-5	3.865652212919372e-5	3.1348960337220396e-5	2.5421336292281846e-5	2.061310280499569e-5	1.6712894482501718e-5	1.3549248220287627e-5	1.0983073086664179e-5	8.901540294731926e-6	7.213125775781386e-6	5.843588140145716e-6	4.7327056734718365e-6	3.831629216519981e-6	3.1007347429587065e-6	2.507881347016383e-6	2.0269981303940342e-6	1.6369379082161516e-6	1.3205473655973159e-6	1.063912800733346e-6	8.557483026611473e-7	6.868994694237501e-7	5.499408493929222e-7	4.3884940747468225e-7	3.4873965950729356e-7	2.756488289908294e-7	2.1636257936646422e-7	1.6827365896357236e-7	1.2926724281356066e-7	9.762792937012439e-8	7.196430235932983e-8	5.114774035831364e-8	NaN	NaN	NaN	NaN	NaN	NaN	NaN	NaN	NaN	NaN
0.32470458816227593	0.3227591491400558	0.3203925716597092	0.3175222837140039	0.31405366954997577	0.3098803189547117	0.3048854195424985	0.29894478511661915	0.29193205618729606	0.2837265543226645	0.27422405163912184	0.2633502634132721	0.25107615663470845	0.23743325387787567	0.22252620825494604	0.20653939026404308	0.1897344788264886	0.17243735840460042	0.1550148757217135	0.13784458983969503	0.12128262477559913	0.105635292231584	0.09113905198256099	0.077951089877458	0.0661502285370004	0.05574590839808993	0.046692035675454026	0.038902551154306915	0.032266280379685736	0.02665956613144514	0.02195604573914292	0.018033563681535254	0.014778578350844696	0.01208857799552665	0.009873035232904314	0.008053366566798106	0.006562269777535499	0.005342716305229518	0.004346792081093883	0.0035345137232712137	0.0028726975229091904	0.0023339237764326516	0.001895615642854586	0.0015392368320182618	0.00124960355912651	0.001014301395523696	0.0008231954835336119	0.0006680220626219555	0.0005420496939387838	0.0004397995220005314	0.00035681509090718544	0.00028947346437162926	0.00023483058404120217	0.00019049488674145726	0.0001545241656985578	0.00012534149866036537	0.00010166678240499649	8.246101887165411e-5	6.68810057260413e-5	5.4242506626467754e-5	4.39903262208434e-5	3.5674003296428964e-5	2.8928072520414537e-5	2.3456039500197418e-5	1.901737283199335e-5	1.5416946613315832e-5	1.2496472768866795e-5	1.0127548801433407e-5	8.206016802297383e-6	6.647386682268187e-6	5.383123031296213e-6	4.357632761292915e-6	3.525821351795197e-6	2.851110422721625e-6	2.3038295799473726e-6	1.8599118952335808e-6	1.4998357063283904e-6	1.2077662366565594e-6	9.708593091177295e-7	7.786965488091017e-7	6.228272466502761e-7	4.963967430215005e-7	3.9384499312825746e-7	3.106620606885052e-7	2.431897890959579e-7	1.8846092932003035e-7	1.4406865062116446e-7	1.0806069603435957e-7	7.885352820107876e-8	5.5162690131860997e-8	NaN	NaN	NaN	NaN	NaN	NaN	NaN	NaN	NaN	NaN
0.3256696910505985	0.3239355466816218	0.3218228658228001	0.3192558810741068	0.3161469968897089	0.3123965675858863	0.3078935708104291	0.30251762164618634	0.2961428464616081	0.2886441453458762	0.279906256827013	0.2698357275778372	0.25837532628647375	0.24551962746594366	0.2313295469254898	0.21594281104549648	0.199577088571346	0.18252319294390715	0.16512751062483522	0.14776530099442603	0.13080895853162705	0.11459678352342044	0.09940765751513206	0.08544532915436268	0.072833492845901	0.06162043726161659	0.05179047295286332	0.043278853952124004	0.035987289301760705	0.0297979922479563	0.024585151224466535	0.020223480669692536	0.016594026462171455	0.013587672193433386	0.011106880528621589	0.009066178934950299	0.007391818698351575	0.006020939138113473	0.004900477148918887	0.00398598547281089	0.0032404639056037676	0.0026332646431644654	0.002139103305953777	0.0017371877077753419	0.001410464349757169	0.0011449756583636634	0.0009293174353951492	0.0007541846152163109	0.0006119933742006551	0.0004965683355484476	0.0004028846867392413	0.0003268562440171979	0.00026516171955625196	0.00021510259496843796	0.00017448704145975924	0.00014153523817880514	0.00011480222629375961	9.311510499376511e-5	7.552193861253243e-5	6.125021439797265e-5	4.967308097819023e-5	4.0281920307984486e-5	3.266407159720561e-5	2.6484743851451767e-5	2.1472332299665036e-5	1.740650001577118e-5	1.4108505236811343e-5	1.1433352052911919e-5	9.263421286999178e-6	7.503302789563928e-6	6.075602756456245e-6	4.91754225894923e-6	3.978197774873711e-6	3.2162626142759618e-6	2.5982309558429487e-6	2.0969247398801573e-6	1.6902987048739338e-6	1.360471062567305e-6	1.0929372136008965e-6	8.759319449809586e-7	6.99912073618388e-7	5.571367925761428e-7	4.413272704082488e-7	3.473905373701528e-7	2.7119551816968483e-7	2.0939136335679002e-7	1.5926009108274786e-7	1.1859705947864131e-7	8.56140135839574e-8	5.8860443370923925e-8	3.715979458297152e-8	NaN	NaN	NaN	NaN	NaN	NaN	NaN	NaN	NaN
0.32717450746889315	0.32577297103654873	0.3240615317127335	0.3219761800926851	0.31944191057178994	0.3163719267345844	0.31266737339036815	0.30821793786838125	0.30290375970229616	0.2965991643343861	0.28917875214354827	0.2805262694170614	0.2705463919922187	0.2591790063861485	0.24641477429244868	0.23230982419009727	0.21699659311740635	0.20068753874408443	0.18366905098211014	0.16628457331569088	0.14890840515200665	0.13191413461187307	0.11564319759521133	0.10037902169346816	0.08633060873906465	0.07362691227620308	0.062320926173758145	0.052400764281245765	0.043804447846943935	0.03643545202116615	0.03017689641705757	0.024903204922842186	0.02048884909099673	0.016814323719885935	0.013769789316113596	0.011256914081696885	0.009189428613053857	0.0074928284057484175	0.006103562513328355	0.004967954171394057	0.004041021336875166	0.0032853047456830233	0.0026697670986993317	0.002168796533158449	0.0017613274800935364	0.0014300795100016532	0.001160907525636906	0.0009422529266385841	0.0007646838836167881	0.0006205127417493647	0.0005034792358530843	0.00040848925653177233	0.00033140011979179403	0.00026884451642648373	0.00021808647186419085	0.00017690369184123592	0.00014349158893117614	0.00011638507907527517	9.439491336647912e-5	7.655587995299956e-5	6.208468699597035e-5	5.034573305166101e-5	4.08232981312412e-5	3.309895788353274e-5	2.6833244366928872e-5	2.1750757914206567e-5	1.7628082599631864e-5	1.4283978634376035e-5	1.1571423518015215e-5	9.371154003392144e-6	7.586426227143039e-6	6.138764464781926e-6	4.964512140271796e-6	4.012033799667345e-6	3.2394452536040624e-6	2.612772233718124e-6	2.1044566956566725e-6	1.6921451522042825e-6	1.357705798187852e-6	1.0864312341697944e-6	8.663917473593988e-7	6.87910722230858e-7	5.431391196445182e-7	4.2571031699414923e-7	3.304601339685199e-7	2.53199733893331e-7	1.9053141508589141e-7	1.3969919227895846e-7	9.846759777486721e-8	6.502337277755401e-8	3.7895725840848454e-8	NaN	NaN	NaN	NaN	NaN	NaN	NaN	NaN	NaN
0.3282787704673925	0.3271237568463319	0.3257109403857258	0.3239858620848804	0.32188409264451856	0.319330168131029	0.3162368110369767	0.3125046898183451	0.308023063418083	0.30267175355508263	0.2963249625382539	0.2888574664887244	0.280153602911506	0.2701191666037093	0.25869577137047295	0.245876427312459	0.23172014001679866	0.21636252978732748	0.20001919571759125	0.18297920070005694	0.16558777461263244	0.14821981193051725	0.1312481987880497	0.11501249655694347	0.09979340381083661	0.08579676172602738	0.07314835444430634	0.061898336351885457	0.052032523042398804	0.043487261102955956	0.036164954658527704	0.02994817140013632	0.024711188867785942	0.020328621779727683	0.016681294914721662	0.013659803277330055	0.01116629321770086	0.009114975369320119	0.007431800789585829	0.006053634771347068	0.004927170706958156	0.004007749207037821	0.0032581880218577777	0.0026476849202654697	0.0021508257030578492	0.0017467098244728157	0.001418193847210378	0.0011512458832812055	0.0009344005498475226	0.000758302551460008	0.000615326923364291	0.0004992646544921572	0.0004050634764294342	0.0003286148201325389	0.000266579164514388	0.00021624315159352308	0.00017540288274143267	0.00014226872515710543	0.00011538774691559294	9.358057055410831e-5	7.589000078458562e-5	6.15392545251832e-5	4.9898013916519916e-5	4.04548473669859e-5	3.2794810766218436e-5	2.6581260281032816e-5	2.1541087740716086e-5	1.745273643306595e-5	1.4136474970311345e-5	1.1446504583489466e-5	9.264554777084633e-6	7.494687034819079e-6	6.059078936975189e-6	4.894603864553177e-6	3.950056255337816e-6	3.1839006363223192e-6	2.5624456055233444e-6	2.0583625679884874e-6	1.649484155089622e-6	1.3178295315364666e-6	1.0488137564275898e-6	8.306064483202893e-7	6.536115633641212e-7	5.100454172187531e-7	3.935943989846892e-7	2.991373280528531e-7	2.2252024631231894e-7	1.6037374327641128e-7	1.0996478161680381e-7	6.907650746763932e-8	3.5910760319299445e-8	9.008995433339273e-9	NaN	NaN	NaN	NaN	NaN	NaN	NaN	NaN
0.3291121946459641	0.3281446158940102	0.32695954193086274	0.32551025644380455	0.32374109749139424	0.32158628842730846	0.31896889871116135	0.3158001175309416	0.31197910454606115	0.30739377669456885	0.30192298523446653	0.2954406068877139	0.28782207313192504	0.2789537300595044	0.26874508680116416	0.2571434202204983	0.24414936921210253	0.2298312073160192	0.2143347183171921	0.19788542462545955	0.180780705366612	0.1633711867376609	0.14603331443678974	0.1291374047257802	0.11301678285712073	0.09794329700873945	0.08411268140046034	0.07164068832188394	0.060568562286225834	0.05087496763927161	0.042491089196740356	0.03531607347115583	0.02923085408491218	0.024109333465334545	0.019826642994967898	0.01626469403985016	0.013315482040779068	0.010882679423076497	0.008882020226486619	0.0072408958780376675	0.005897484296928478	0.004799643967358893	0.003903729628155408	0.003173428761097695	0.00257867654491757	0.002094678441189542	0.0017010509687041978	0.0013810797468889514	0.0011210873389532851	0.0009099001427026354	0.0007384023707796249	0.0005991652092801484	0.00048613999383812206	0.0003944053394547095	0.0003199593829493437	0.0002595495134867871	0.0002105331046626303	0.0001707637859776853	0.00013849868998262347	0.00011232288510284299	9.108786160838821e-5	7.38614912683205e-5	5.988734294582343e-5	4.855161956491889e-5	3.935629840584045e-5	3.1897317206649487e-5	2.5846862355990855e-5	2.0938990529996457e-5	1.6957958211923196e-5	1.3728750307392707e-5	1.1109394257052364e-5	8.984723568507047e-6	7.261317771927427e-6	5.863397106029473e-6	4.729491942248246e-6	3.80974083809104e-6	3.0636986325656585e-6	2.4585583456107112e-6	1.967708788000718e-6	1.5695645166953734e-6	1.2466167245094295e-6	9.846633538801007e-7	7.721845963124262e-7	5.998363261882222e-7	4.6003919974594194e-7	3.4664535430182095e-7	2.5466805357179904e-7	1.8006239193274729e-7	1.1954741509537334e-7	7.046183551863151e-8	3.06469979580876e-8	NaN	NaN	NaN	NaN	NaN	NaN	NaN	NaN	NaN
0.3297562023598133	0.32893427131366404	0.32792657859098817	0.32669271389284227	0.32518426867793837	0.3233436512723034	0.321102932448569	0.3183828517577953	0.3150921824567993	0.31112773744288946	0.30637539472906883	0.30071261372606006	0.29401297354259176	0.28615324383856927	0.27702333223359354	0.2665390696883757	0.2546571521822101	0.24139068508806413	0.22682283987307647	0.21111545193838543	0.1945093810844956	0.17731446022225236	0.15988888650483543	0.14261048410862703	0.12584450957064455	0.10991368128881271	0.09507546094182984	0.08150957850053303	0.06931620720763912	0.05852298560424434	0.04909783676355037	0.040964338865182165	0.034016969079017675	0.028134455435379877	0.023190377447992308	0.019060856847075005	0.015629618256562887	0.012790908457254021	0.010450809885681605	0.008527437188121297	0.006950417062191625	0.005659954528756145	0.004605700905249226	0.0037455672622208223	0.003044573058408675	0.0024737809880628747	0.0020093427928392464	0.0016316638102901162	0.001324683697467316	0.0010752649873495813	0.0008726783499768637	0.0007081725302501866	0.0005746171587831731	0.0004662074750859836	0.00037822113889600313	0.0003068185351126218	0.0002488791830194719	0.00020186797769481502	0.0001637259911394418	0.00013278143378342888	0.00010767712669909118	8.731147043257613e-5	7.079043013739598e-5	5.738850171363769e-5	4.6516992599905176e-5	3.769825539230104e-5	3.05447629514965e-5	2.4742119128664586e-5	2.003526741504282e-5	1.6217297226870565e-5	1.3120359648566164e-5	1.06082958259185e-5	8.570655597762477e-6	6.917844487411089e-6	5.577186398475811e-6	4.4897293674735514e-6	3.6076542305861226e-6	2.892172462885431e-6	2.311820886103073e-6	1.8410783450851467e-6	1.4592435800659856e-6	1.1495249873285961e-6	8.983022651257524e-7	6.94527491600499e-7	5.292393072514503e-7	3.951688445550878e-7	2.8642007954488747e-7	1.9821055131398644e-7	1.2666104910443897e-7	6.862501937272609e-8	2.155019151647931e-8	NaN	NaN	NaN	NaN	NaN	NaN	NaN	NaN	NaN
0.33026389944203766	0.3295572880685598	0.3286902952642762	0.327627684385956	0.32632706696529024	0.3247377488130171	0.3227995436218789	0.3204416455624329	0.3175817071045121	0.314125340471291	0.3099663495501924	0.3049880962601389	0.29906649307422245	0.29207515767317127	0.28389321374227455	0.27441600535699406	0.2635685439415249	0.2513207963612716	0.2377030115959205	0.22281837671972926	0.20684974706367332	0.19005742868773448	0.17276628044747303	0.15534264096740158	0.13816416807812845	0.1215876738348292	0.1059206279119893	0.0914009311460338	0.07818728805655373	0.06635993864464519	0.05592951546060052	0.04685083027064964	0.039038435791122005	0.03238150632832154	0.026756520444275303	0.022037093842085322	0.01810094353072184	0.014834337368593277	0.012134542589108125	0.009910803322772733	0.008084315140438982	0.006587571336671254	0.0053633597980755985	0.004363605338554222	0.0035481855114157675	0.0028837981138359805	0.0023429234817234647	0.0019029011077830108	0.0015451251069531142	0.0012543540891920123	0.0010181261320812425	0.0008262673440758369	0.0006704819648658445	0.0005440123757321478	0.0004413583378796167	0.00035804595297427526	0.00029043807209852356	0.00023557906602623223	0.0001910679580225465	0.00015495488718573285	0.00012565671057653344	0.00010188827115397651	8.260646626206172e-5	6.696476072186883e-5	5.427621252709028e-5	4.398343016919591e-5	3.563417007239348e-5	2.886152052080605e-5	2.3367813485897766e-5	1.891156530860096e-5	1.5296877496586702e-5	1.236483518057671e-5	9.986527370804321e-6	8.057383651508234e-6	6.492579301408007e-6	5.2233074570794295e-6	4.193754831119585e-6	3.3586482826687443e-6	2.681264540592184e-6	2.1318156808599407e-6	1.686139440271306e-6	1.3246368255841457e-6	1.0314103334467649e-6	7.935649063298415e-7	6.006408981152158e-7	4.4415412301809124e-7	3.1722276720191556e-7	2.1426476009858246e-7	1.3075229954256452e-7	6.301273729322734e-8	8.067069665526619e-9	NaN	NaN	NaN	NaN	NaN	NaN	NaN	NaN	NaN
0.3306710730446288	0.3300572668989514	0.3293036672501051	0.32837931760849176	0.32724685392614716	0.3258614050433555	0.32416942137392163	0.32210749493746493	0.3196012776338808	0.316564664764111	0.31289948842909066	0.30849605782317235	0.30323498024668133	0.2969907752378131	0.2896378148414443	0.28105902715301023	0.2711575172503449	0.2598707289665027	0.24718598493294525	0.23315530280099492	0.21790654800517076	0.20164763907983746	0.1846610704301963	0.1672876397128805	0.14990070015313534	0.1328747613071557	0.11655388454412323	0.10122538009795587	0.08710278465549308	0.07431962678614386	0.06293302011586116	0.05293442935931817	0.04426433077519244	0.03682778145259968	0.030508728316040696	0.02518183036389447	0.020721369623174696	0.017007375849719335	0.013929388994291917	0.011388390273167088	0.009297418215200326	0.0075813100708764574	0.006175912532599035	0.005027012557840736	0.0040891602511747855	0.003324494413559144	0.0027016365017563655	0.0021946875951665184	0.0017823423945321503	0.0014471214116899289	0.0011747150164727511	0.0009534291092369541	0.0007737205981582087	0.0006278106824377529	0.0005093645716869658	0.0004132273142832532	0.0003352066160054721	0.0002718947561971427	0.00022052286848949827	0.00017884190469020833	0.00014502552742210787	0.00011759097828066683	9.533465088480082e-5	7.727967358846337e-5	6.263328771380685e-5	5.075220690231978e-5	4.1114473698502806e-5	3.329660172000285e-5	2.6955015325003804e-5	2.1810981825064578e-5	1.7638381028690343e-5	1.4253779140524763e-5	1.150837370927535e-5	9.281457501215548e-6	7.475115250447355e-6	6.00992097932225e-6	4.821447271335525e-6	3.857433380048677e-6	3.075487895743438e-6	2.4412251106623474e-6	1.9267532378752777e-6	1.5094480737721886e-6	1.1709582218308972e-6	8.963981620534601e-7	6.736937004347675e-7	4.93051026875989e-7	3.4652604118132737e-7	2.2767501318266893e-7	1.312712178477387e-7	5.3075086287314494e-8	NaN	NaN	NaN	NaN	NaN	NaN	NaN	NaN	NaN	NaN
0.33100252997793433	0.3304644809618512	0.3298035517471012	0.3289923571234344	0.3279977542745053	0.3267798078157766	0.3252906592956706	0.3234733435292755	0.32126062891828305	0.3185740082967227	0.3153230332649273	0.3114052685372631	0.30670723853043275	0.3011068320753799	0.2944776944227282	0.2866961220325209	0.2776508206658142	0.2672555204491952	0.2554638154161009	0.24228473455506103	0.22779661073649765	0.21215610440611102	0.19559917601163668	0.17843173509009058	0.16100966549921217	0.14371048981130427	0.1269012284695291	0.11090811933662376	0.09599331572308693	0.08234171259356543	0.0700584711906236	0.05917555602648946	0.04966428152698652	0.04145060779919794	0.03443045613201938	0.028483217351348844	0.02348254038187316	0.019304205166890805	0.015831339108347886	0.012957457882245076	0.010587866740276099	0.008639915843649535	0.007042516082454475	0.005735224617298798	0.004667120612018794	0.003795619005546484	0.0030853150045173127	0.002506912411226217	0.0020362619191248528	0.0016535180148935557	0.0013424124340243508	0.0010896360953336567	0.0008843184989300901	0.0007175925770176206	0.0005822331565288778	0.00047235800706503034	0.0003831815723793417	0.00031081271154534504	0.0002520889851190654	0.00020444114565858405	0.000165782499595375	0.00013441868872570234	0.00010897419696496688	8.83325305822832e-5	7.158756006257958e-5	5.800396208503751e-5	4.698507358158266e-5	3.804677818469228e-5	3.079629905191739e-5	2.4914980175132407e-5	2.0144308647811077e-5	1.627456957512905e-5	1.313563890437898e-5	1.0589512035609408e-5	8.524241461167394e-6	6.8490180254388135e-6	5.490180279663639e-6	4.38797695221454e-6	3.493940497332056e-6	2.768756442199012e-6	2.180534979348402e-6	1.7034088905749417e-6	1.3163962064947293e-6	1.0024776264225734e-6	7.478481534600791e-7	5.413100517659804e-7	3.737804417466564e-7	2.3789188629655344e-7	1.276684080374967e-7	3.826269300072045e-8	NaN	NaN	NaN	NaN	NaN	NaN	NaN	NaN	NaN	NaN
0.3312758922575713	0.3308004640601691	0.3302162088643582	0.3294987461561288	0.3286185042232623	0.32753975275868846	0.3262195263020573	0.3246064657269359	0.3226396325050836	0.32024739074316294	0.3173465079804612	0.3138416992142361	0.3096259280485214	0.3045818761252536	0.29858507785883215	0.2915092566692527	0.28323433718912416	0.2736573762368006	0.26270618767392895	0.2503547073066877	0.236638224144752	0.22166571058580034	0.2056259820629596	0.18878472229192012	0.17147077965569318	0.15405243053586903	0.13690687772497467	0.12038816661130249	0.10479916784643875	0.09037209103458599	0.07725966534790507	0.0655365706806777	0.05520877598887765	0.04622756069881829	0.03850509922690953	0.03192921874133654	0.026375883032535713	0.02171880670854448	0.017836217172556672	0.014615136863497462	0.011953704627837097	0.009762063630761618	0.007962277516554948	0.006487642247796809	0.0052816657092262425	0.0042969043767448895	0.0034937807928832076	0.002839456985679096	0.0023068048186908863	0.0018734914290243839	0.0015211834304953756	0.0012348649595740108	0.0010022600158540217	0.0008133475005113056	0.0006599569042752442	0.0005354330745732702	0.0004343594620341097	0.000352330431850112	0.0002857644568726585	0.000231751190056835	0.0001879264936576737	0.00015237045999427393	0.0001235242895323508	0.00010012260215426468	8.113835744693087e-5	6.57380623560226e-5	5.324536266109442e-5	4.31114608024837e-5	3.489108788443375e-5	2.822299211159006e-5	2.281409806468961e-5	1.84266483927504e-5	1.4867767851398196e-5	1.1980994297772118e-5	9.639406537855001e-6	7.740048346999053e-6	6.1994044599326354e-6	4.949730242744287e-6	3.936074073942154e-6	3.1138617751433873e-6	2.446937050684473e-6	1.9059718845696582e-6	1.4671770702041944e-6	1.111256219311273e-6	8.225572855266139e-7	5.883843121897104e-7	3.984391521006067e-7	2.443686175848905e-7	1.1939715230604607e-7	1.802887501839936e-8	NaN	NaN	NaN	NaN	NaN	NaN	NaN	NaN	NaN	NaN
0.331503951308294	0.3310808640877777	0.33056074646181854	0.32992176603789847	0.3291373931181306	0.32817549987757155	0.3269973434215808	0.32555644883161405	0.3237974300311259	0.32165481898295706	0.31905202051355597	0.31590057358415413	0.31209998073795797	0.30753846182886124	0.3020950836368684	0.295643787939247	0.2880598435947802	0.2792291213924257	0.26906026279445966	0.25749923111044304	0.24454490516859037	0.23026343079604475	0.21479827071526889	0.19837269557298515	0.18128221479056225	0.1638762636691895	0.14653098062698547	0.12961731301596086	0.11347004402970054	0.09836306157712014	0.08449441037462835	0.07198212236695456	0.060869456390312326	0.05113668542415408	0.042716148747563625	0.03550771549080207	0.029392675540959378	0.024245004777404905	0.019939708636469485	0.01635844585521431	0.013392890172720003	0.010946365424136259	0.008934258817898704	0.007283634566154888	0.005932372847360445	0.004828068164422379	0.003926845672073816	0.003192196083804161	0.002593887829788548	0.002106986304211066	0.0017109911853810645	0.0013890911631288423	0.0011275287411735896	0.0009150644235268315	0.0007425283407551642	0.0006024473916541746	0.000488736711450015	0.0003964453684197057	0.0003215474119890978	0.00026077061336559655	0.0002114563807025527	0.00017144535869108784	0.00013898412460565697	0.00011264917007826301	9.128501854341324e-5	7.395388421377966e-5	5.989474262751803e-5	4.8490068086102326e-5	3.923881160299794e-5	3.173445498980513e-5	2.5647191749201278e-5	2.0709461534137668e-5	1.6704208860474222e-5	1.3455354226288419e-5	1.0820061546885284e-5	8.682463798110268e-6	6.94857222160422e-6	5.542146056558218e-6	4.40134171507013e-6	3.4759944060069915e-6	2.725412900643231e-6	2.1165906177004335e-6	1.622754459927993e-6	1.2221876521916827e-6	8.972748574910374e-7	6.337276071293389e-7	4.1995600087907414e-7	2.465590589003761e-7	1.0591132078773969e-7	NaN	NaN	NaN	NaN	NaN	NaN	NaN	NaN	NaN	NaN	NaN
0.33169617050976036	0.3313172681010227	0.3308513292918665	0.3302786987973573	0.32957545559474194	0.3287125756164563	0.327654975734037	0.32636044701284106	0.32477850232122357	0.32284918982819566	0.32050196280373644	0.31765475048378067	0.31421344652620453	0.31007211967599607	0.3051143483851605	0.29921616937002227	0.2922511759039754	0.2840982526606259	0.2746522220141079	0.2638372342273526	0.25162202941303546	0.23803529100908025	0.22317840013810805	0.20723234112381522	0.190455719343403	0.17317211647472847	0.15574722913430303	0.13855882115251938	0.12196453972062993	0.10627327380193931	0.09172469821389212	0.07847939239202296	0.0666193502415626	0.05615668257810107	0.0470473265687533	0.03920659754320041	0.03252410648024501	0.026876504315251452	0.022137383418051968	0.01818430558722575	0.014903304653635303	0.012191375485661515	0.009957480142231126	0.008122541145597467	0.006618798877600763	0.005388814078361188	0.0043843120995536505	0.0035649982803196527	0.002897423643338854	0.0023539446838959626	0.0019117972257898556	0.0015522891406282212	0.001260107646283064	0.001022731955410916	0.0008299397940839362	0.0006733957364676193	0.000546309711179836	0.0004431549717759738	0.0003594359970115282	0.0002914980186034569	0.00023637106270700046	0.00019164248227464335	0.00015535292721952546	0.0001259115424551931	0.00010202690538376931	8.265082457974651e-5	6.693263287186353e-5	5.418203381388806e-5	4.383891312928002e-5	3.544881748483588e-5	2.864304194862539e-5	2.312246342379223e-5	1.8644417648099152e-5	1.5012048273695667e-5	1.2065663332567869e-5	9.675721405800079e-6	7.73714065104518e-6	6.164681469680676e-6	4.889200449876755e-6	3.8546113006232174e-6	3.015419427035098e-6	2.334721921643151e-6	1.7825851464877605e-6	1.3347286417805658e-6	9.71457539062616e-7	6.767965661112214e-7	4.37787583663617e-7	2.4391977740189015e-7	8.666745700203463e-8	NaN	NaN	NaN	NaN	NaN	NaN	NaN	NaN	NaN	NaN	NaN
0.3318596691710421	0.33151839958958956	0.3310986313437933	0.33058258226580317	0.32994858266835914	0.3291702975090792	0.32821583010522676	0.32704670942685443	0.32561677642622255	0.3238710062268155	0.321744335199857	0.3191606081479843	0.316031823672054	0.31225793607636104	0.3077275661893995	0.30232006930400074	0.2959094810124459	0.28837086831740233	0.27958949283565093	0.26947287415784743	0.257965268957164	0.24506326089304806	0.23083021179232546	0.21540653640741256	0.1990125354105217	0.1819412364509415	0.16454047373493297	0.1471859400550379	0.1302493719405826	0.11406743695482598	0.09891668504081805	0.08499819300053571	0.07243299657491296	0.06126701806124236	0.05148266475029292	0.043013813641546786	0.035761301788332985	0.029606901962987427	0.024424697356453532	0.02008953507818294	0.01648274609264948	0.013495583349129493	0.011030912981581851	0.009003665787200773	0.007340474747979711	0.005978827250873875	0.00486596928137925	0.003957722717283753	0.003217318231293916	0.0026143038112116015	0.0021235596324092605	0.0017244308362437115	0.0013999778890213578	0.001136337373520149	0.000922182605143543	0.0007482721486302795	0.0006070742941669083	0.0004924562676895079	0.0003994280322284271	0.00032393175626446215	0.0002626692448381105	0.00021296077387566114	0.00017262980074652339	0.00013990893103512622	0.00011336330339714728	9.1828219274838e-5	7.435840391829005e-5	6.01867525959516e-5	4.869080393564143e-5	3.936550298603363e-5	3.1801080559837626e-5	2.5665092096724204e-5	2.0687836726265934e-5	1.6650522253159614e-5	1.337566016843756e-5	1.0719271296288137e-5	8.564561283153178e-6	6.816789097720179e-6	5.3991037298321734e-6	4.24916656165211e-6	3.3164112430848066e-6	2.5598208121538794e-6	1.9461244645106475e-6	1.4483347763281223e-6	1.044561120908088e-6	7.17047141813932e-7	4.5138998311493465e-7	2.3590696024134778e-7	6.112183223757856e-8	NaN	NaN	NaN	NaN	NaN	NaN	NaN	NaN	NaN	NaN	NaN
0.331999886845901	0.331690928020113	0.3313108196944287	0.33084340177271176	0.3302689592335718	0.3295634993600642	0.3286979126090353	0.3276370148008996	0.32633847881561084	0.3247516812062965	0.32281651575915715	0.32046226512391535	0.3176066762442587	0.31415545735201433	0.3100025025954484	0.30503124753219407	0.2991176466026859	0.2921353085053768	0.2839632744544045	0.2744967093287247	0.2636603293069802	0.25142368116261976	0.23781647828106386	0.22294129046950242	0.206980334225809	0.19019333573390163	0.1729047193807592	0.1554806068203557	0.13829869460217084	0.12171608234333707	0.10604072626482565	0.09151113416982902	0.07828665127623234	0.06644811633256271	0.056006666072132644	0.046917495711947914	0.03909541746960054	0.032429753904104706	0.02679704169669809	0.022070887983109928	0.0181289563114924	0.014857434287020407	0.012153495897192744	0.009926288787746831	0.008096915181552774	0.006597781940609148	0.005371599344675802	0.0043702240724562275	0.003553474858358597	0.0028879993750277593	0.0023462356695822003	0.0019054878365319986	0.001547120544242448	0.0012558680278897958	0.001019248268000106	0.0008270708552661703	0.0006710264878517035	0.0005443464681264081	0.0004415215080620953	0.0003580703277382844	0.00029034976342903296	0.00023539928905284393	0.0001908139439776467	0.0001546406279923977	0.00012529356548385498	0.00010148546056241164	8.217147344327506e-5	6.650365843214046e-5	5.379392843804961e-5	4.348396249909372e-5	3.5120762710000316e-5	2.8336805217790822e-5	2.2833925288224106e-5	1.8370236248869102e-5	1.4749512631832944e-5	1.181257429589261e-5	9.430295046822682e-6	7.497929887383341e-6	5.930512473065006e-6	4.659121055731854e-6	3.6278491550380673e-6	2.791348034236332e-6	2.112833101261321e-6	1.5624666909595392e-6	1.1160461923699214e-6	7.5393988414742e-7	4.602237156469214e-7	2.2198109566872987e-7	2.8734911245590993e-8	NaN	NaN	NaN	NaN	NaN	NaN	NaN	NaN	NaN	NaN	NaN
0.3321210358284324	0.3318400208982339	0.33149422640521725	0.33106890543368367	0.3305460496767751	0.3299037173113015	0.32911524774694456	0.32814835777217827	0.32696412179091655	0.3255158527012587	0.3237479219309443	0.3215945901440924	0.3189789673159455	0.31581228484476154	0.31199374369707294	0.3074112971865518	0.30194382224758565	0.2954652029187951	0.2878508502718033	0.2789870519824736	0.26878321114533116	0.25718644457302264	0.24419717715659997	0.22988342421115604	0.21439068837450762	0.19794421994519584	0.18084117289997814	0.16343203109497562	0.14609320526591305	0.1291950903998765	0.1130711903326348	0.09799360176354624	0.0841583395959133	0.07168143246211639	0.06060436859778987	0.05090600661325719	0.042517670416212586	0.035338593267144086	0.029249751207711915	0.024125054919050835	0.01983961999158698	0.01627532675889725	0.013324131355410058	0.010889663720550771	0.008887615683252564	0.007245338884175034	0.0059009750632619444	0.0048023506426067755	0.0039057924863561814	0.003174964192209505	0.002579780702791573	0.0020954304842208784	0.0017015158799071886	0.0013813107507020443	0.0011211279485266322	0.0009097858787141229	0.0007381621944482123	0.0005988227105641658	0.000485714372374851	0.00039391221160175224	0.0003194114439272147	0.0002589570794392592	0.00020990455562545893	0.0001701059273536692	0.00013781704717624299	0.00011162194345103197	9.037126161762163e-5	7.313218738713156e-5	5.91477326199424e-5	4.780364809558357e-5	3.860154412061085e-5	3.113706062111014e-5	2.5082142323644143e-5	2.0170649820545184e-5	1.6186680503185303e-5	1.2955090205038362e-5	1.0333801654050651e-5	8.207563410083728e-6	6.4828860916503365e-6	5.083934035882178e-6	3.949192267285184e-6	3.028762558817136e-6	2.2821699109184686e-6	1.676583139568689e-6	1.185371422321942e-6	7.869333906045641e-7	4.637473192618883e-7	2.0160067238474336e-7	NaN	NaN	NaN	NaN	NaN	NaN	NaN	NaN	NaN	NaN	NaN	NaN
0.33222641788814644	0.3319697306042075	0.3316538199389106	0.33126517709019254	0.33078729188205536	0.3302000270378803	0.3294788832473722	0.32859414727547565	0.32750992166760623	0.3261830457202494	0.32456193548183043	0.322585398352103	0.3201815184707291	0.3172667655026412	0.3137455533422646	0.3095105650184095	0.30444425735128244	0.2984220441155809	0.2913176938575101	0.2830114134304806	0.27340085146954124	0.26241478186038475	0.25002849215377454	0.2362789793624172	0.2212771666458593	0.2052138676098375	0.18835655518753186	0.171035388262331	0.15361925620507744	0.13648516928596824	0.11998620924507397	0.10442367852697412	0.09002786516875211	0.07694949418488203	0.06526139054745868	0.05496797503736646	0.04601936055104759	0.03832694129678137	0.03177810752366397	0.02624866193958715	0.021612360536114834	0.01774760717069923	0.0145416802975247	0.011893012312544195	0.009712047955465992	0.00792114132489372	0.006453856489134331	0.005253941525927981	0.004274163439692878	0.0034751262858760553	0.002824146623881867	0.002294226591882086	0.0018631423087989468	0.0015126510034575188	0.0012278117915053557	0.000996410474176197	0.000808476734971397	0.0006558816886003283	0.0005320042314846192	0.0004314556218527488	0.0003498529056071932	0.0002836330351975402	0.0002299007074196428	0.00018630402296344564	0.00015093302478759224	0.0001222370002214741	9.895713892260036e-5	8.00717361886045e-5	6.475163137785187e-5	5.2323987355070486e-5	4.224286130658818e-5	3.406530117929325e-5	2.7431935276274988e-5	2.2051213734220158e-5	1.76866169896409e-5	1.4146274043992714e-5	1.1274537485930772e-5	8.945147078439705e-6	7.055682787345837e-6	5.523064312660904e-6	4.27989986360922e-6	3.271524039978545e-6	2.453594839011148e-6	1.7901442982209117e-6	1.2519971699655683e-6	8.154881663950734e-7	4.6142141593083136e-7	1.742264059699454e-7	NaN	NaN	NaN	NaN	NaN	NaN	NaN	NaN	NaN	NaN	NaN	NaN
0.33231865143499856	0.3320832720987395	0.3317935439831447	0.3314370486989764	0.3309985976570639	0.33045964876204026	0.3297976181926168	0.3289850779034578	0.32798883429423886	0.32676889236975293	0.32527732459910624	0.3234570870747381	0.3212408604623284	0.3185500427486257	0.31529408736032644	0.3113704639181281	0.3066656146476391	0.30105737301561536	0.2944193740372346	0.2866279711552625	0.27757201818035065	0.2671655059652426	0.2553624151815785	0.24217228461607673	0.22767405415807945	0.21202503567465414	0.19546180896019197	0.17829078273022697	0.1608681394693134	0.14357144813911238	0.12676751515180232	0.11078214165711588	0.09587689420824153	0.08223601876333361	0.06996404755761053	0.05909239785864568	0.049591953702919585	0.041388371741536874	0.03437738817940338	0.028438307672981018	0.02344476830639275	0.019272591540213692	0.0158049789506497	0.012935537632888102	0.010569670344484609	0.008624823350778818	0.007029997645793366	0.005724832017092522	0.004658477766087543	0.00378841241653355	0.003079284713693423	0.002501843764208511	0.0020319782731569036	0.0016498744067263333	0.001339290162409123	0.001086938137742539	0.0008819656674843396	0.0007155203161227798	0.0005803888892487555	0.0004706989454513728	0.00038167291668918496	0.0003094261732421363	0.00025080157803930884	0.00020323419836080513	0.00016464084954088861	0.00013333002555038597	0.00010792852774073757	8.732174472582615e-5	7.060507553107318e-5	5.704443780949844e-5	4.6044175827389854e-5	3.7120990785723366e-5	2.9882769318603806e-5	2.4011393795803787e-5	1.924878814496603e-5	1.53855918925671e-5	1.2251968528245104e-5	9.71014672618912e-6	7.648368220702253e-6	5.975977373334534e-6	4.61943726913433e-6	3.5190976571230504e-6	2.6265729373974545e-6	1.9026151091704773e-6	1.3153882846065162e-6	8.390689827694895e-7	4.52710711840052e-7	1.39322948682784e-7	NaN	NaN	NaN	NaN	NaN	NaN	NaN	NaN	NaN	NaN	NaN	NaN
0.3323998336416408	0.3321832212523112	0.33191655963492805	0.3315883954103073	0.3311847112691162	0.33068838141638135	0.33007852656008774	0.32932975796084596	0.32841130366848237	0.3272860171226629	0.32590928051074575	0.32422783493387397	0.3221785993491481	0.3196875835713348	0.3166690601823306	0.3130252372874671	0.3086467660850503	0.30341451415223575	0.297203115004532	0.2898868277223855	0.28134814926877827	0.27148934603851455	0.26024654883391063	0.24760527663184337	0.2336153167702853	0.2184020429897526	0.2021708863571857	0.18520219036099714	0.16783527128937156	0.15044292183626223	0.1334001113759342	0.11705229984321774	0.10168889616719497	0.08752590729526889	0.07469936768522982	0.06326865789856523	0.05322709459033777	0.044516517403137425	0.03704286771716617	0.030690560737457236	0.025334395971682147	0.02084855998760923	0.017112833234958488	0.01401641885514275	0.011459923165268403	0.009356005847319	0.0076291430947576224	0.006214850733715454	0.005058620853709343	0.004114746118437134	0.003345144030745453	0.0027182480795578446	0.0022080011678548895	0.0017929658616889284	0.0014555529312135379	0.0011813620226299043	0.0009586243112248408	0.0007777353392285598	0.0006308660303621377	0.0005116404836177418	0.00041487018274437916	0.0003363354638932174	0.000272606310815306	0.00022089570968092045	0.00017893985091959477	0.0001449003964540403	0.00011728483576245342	9.488164037889328e-5	7.670750501214264e-5	6.196444732230483e-5	5.0004940497715695e-5	4.0303585295868626e-5	3.2434102130591475e-5	2.6050648742653225e-5	2.0872653286152272e-5	1.6672503354934508e-5	1.3265554497700664e-5	1.0502022082087749e-5	8.26040207811392e-6	6.442132835632609e-6	4.9672640233224285e-6	3.770942871375859e-6	2.800563593889576e-6	2.0134548943337364e-6	1.3750040304807486e-6	8.571350543941474e-7	4.370743796171805e-7	9.634943784713464e-8	NaN	NaN	NaN	NaN	NaN	NaN	NaN	NaN	NaN	NaN	NaN	NaN
0.3324716596356875	0.3322716607570772	0.3320254237280776	0.3317223530700132	0.33134947406336307	0.33089092359001787	0.33032734500232414	0.32963517578981144	0.3287858194557153	0.3277446985711104	0.32647019597181304	0.32491250756142587	0.3230124558043507	0.32070035079704806	0.31789503886367154	0.31450334902234983	0.31042023465307733	0.30553000459910695	0.2997091278278064	0.2928311465001974	0.28477419294114314	0.27543140929178445	0.2647241458814378	0.25261712952979143	0.23913389548416533	0.22436985558999614	0.20849977391200109	0.19177655892007622	0.17451946099584517	0.15709192585916076	0.13987194166715927	0.12321981523514546	0.10744906761517979	0.09280522574102368	0.07945509771319138	0.06748653673423993	0.05691661728798758	0.04770507551214245	0.03976981824808532	0.0330019568496225	0.02727875361242699	0.022473750977374755	0.018464012911020303	0.015134805757777805	0.012382223775339351	0.010114292219848489	0.008251024297701512	0.006723816566559924	0.005474470899814346	0.004454045613358276	0.003621669700622607	0.0029434026926184686	0.002391186202269581	0.001941908625276684	0.0015765887223371437	0.0012796743319947285	0.0010384472559664512	0.0008425229405235308	0.0006834329019128172	0.0005542781962066087	0.00044944314212050184	0.00036435966777208906	0.00029531388430171417	0.00023928768356688035	0.00019382925677184068	0.00015694741040360544	0.00012702540871724222	0.00010275080260958536	8.305832308020356e-5	6.708343610870622e-5	5.412458774140262e-5	4.3612526019331014e-5	3.5085381559939704e-5	2.8168431285139585e-5	2.255766877787532e-5	1.8006467569074336e-5	1.4314756656222039e-5	1.132023604823061e-5	8.89124853769904e-6	6.920995876919923e-6	5.322846090518533e-6	4.026526269937479e-6	2.9750338907144217e-6	2.1221311307635655e-6	1.4303122004849311e-6	8.691544274536399e-7	4.1398066898662365e-7	4.4774287028260477e-8	NaN	NaN	NaN	NaN	NaN	NaN	NaN	NaN	NaN	NaN	NaN	NaN
