2.4947680753709717e-16	2.090408658589562e-16	1.7624202689180235e-16	1.496378773914377e-16	1.2805843150475384e-16	1.1055467763470685e-16	9.635684321615733e-17	8.484054198882499e-17	7.54993150066746e-17	6.792235780404788e-17	6.17764542134234e-17	5.679132232800683e-17	5.2747728160192733e-17	4.9467844263477346e-17	4.6807429313440867e-17	4.4649484724772484e-17	4.289910933776779e-17	4.147932589591286e-17	4.0327695773179616e-17	3.9393573074964576e-17	3.8635877354701904e-17	3.802128699563945e-17	3.75227738070978e-17	3.7118414390316383e-17	3.6790426000644845e-17	3.65243845056412e-17	3.630859004677436e-17	3.6133552508073895e-17	3.59915741638884e-17	3.5876411151615076e-17	3.578299888179357e-17	3.57072293097673e-17	3.564577027386106e-17	3.5595918955006895e-17	3.555548301332875e-17	3.55226841743616e-17	3.5496080024861236e-17	3.547450057897455e-17	3.5456996825104504e-17	3.544279899068595e-17	3.543128268945862e-17	3.542194146247647e-17	3.541436450527384e-17	3.540821860168322e-17	3.5403233469797805e-17	3.5399189875629987e-17	3.539590999173327e-17	3.539324957678324e-17	3.539109163219457e-17	3.5389341256807563e-17	3.538792147336571e-17	3.5386769843242975e-17	3.538583572054476e-17	3.53850780248245e-17	3.5384463434465436e-17	3.538396492127689e-17	3.538356056186011e-17	3.538323257347044e-17	3.538296653197544e-17	3.538275073751657e-17	3.538257569997787e-17	3.5382433721633684e-17	3.538231855862141e-17	3.538222514635159e-17	3.538214937677956e-17	3.5382087917743654e-17	3.53820380664248e-17	3.538199763048313e-17	3.538196483164416e-17	3.5381938227494655e-17	3.538191664804877e-17	3.53818991442949e-17	3.538188494646048e-17	3.538187343015925e-17	3.5381864088932275e-17	3.538185651197507e-17	3.538185036607148e-17	NaN	NaN	NaN	NaN	NaN	NaN	NaN	NaN	NaN	NaN	NaN	NaN	NaN	NaN	NaN	NaN	NaN	NaN	NaN	NaN	NaN	NaN	NaN
4.732828729273429e-16	4.077222837246817e-16	3.545440685376657e-16	3.1140957867310854e-16	2.7642186407358105e-16	2.480422500630338e-16	2.250226701731678e-16	2.0635077921267138e-16	1.912054327854695e-16	1.7892057535537558e-16	1.6895594874197066e-16	1.6087333287853047e-16	1.5431727395826434e-16	1.4899945243956276e-16	1.4468600345310702e-16	1.4118723199315427e-16	1.3834927059209955e-16	1.3604731260311297e-16	1.3418012350706333e-16	1.3266558886434314e-16	1.3143710312133375e-16	1.3044064045999326e-16	1.2963237887364923e-16	1.2897677298162262e-16	1.2844499082975246e-16	1.280136459311069e-16	1.2766376878511163e-16	1.2737997264500616e-16	1.271497768461075e-16	1.2696305793650254e-16	1.268116044722305e-16	1.2668875589792957e-16	1.2658910963179551e-16	1.2650828347316112e-16	1.2644272288395846e-16	1.2638954466877143e-16	1.2634641017890688e-16	1.2631142246430736e-16	1.2628304285029681e-16	1.2626002327040693e-16	1.2624135137944644e-16	1.2622620603301925e-16	1.2621392117558916e-16	1.2620395654897573e-16	1.261958739331123e-16	1.2618931787419204e-16	1.2618400005267333e-16	1.261796866036869e-16	1.2617618783222693e-16	1.2617334987082588e-16	1.261710479128369e-16	1.2616918072374084e-16	1.2616766618909813e-16	1.2616643770335512e-16	1.2616544124069378e-16	1.2616463297910742e-16	1.261639773732154e-16	1.2616344559106353e-16	1.2616301424616488e-16	1.2616266436901888e-16	1.2616238057287878e-16	1.2616215037707987e-16	1.2616196365817028e-16	1.26161812204706e-16	1.261616893561317e-16	1.2616158970986556e-16	1.2616150888370693e-16	1.2616144332311773e-16	1.2616139014490254e-16	1.2616134701041268e-16	1.2616131202269808e-16	1.2616128364308406e-16	1.2616126062350418e-16	1.2616124195161322e-16	1.2616122680626678e-16	1.2616121452140937e-16	1.2616120455678276e-16	1.2616119647416688e-16	1.2616118991810798e-16	NaN	NaN	NaN	NaN	NaN	NaN	NaN	NaN	NaN	NaN	NaN	NaN	NaN	NaN	NaN	NaN	NaN	NaN	NaN	NaN	NaN
7.597750961369203e-16	6.624052955239091e-16	5.834256482588514e-16	5.193628213572686e-16	4.673994873498517e-16	4.252504250658137e-16	3.910620211583554e-16	3.633307526935256e-16	3.408370658647964e-16	3.225917429798862e-16	3.0779239907022293e-16	2.9578819494963547e-16	2.8605121488833433e-16	2.7815325016182855e-16	2.717469674716702e-16	2.6655063407092853e-16	2.6233572784252476e-16	2.5891688745177895e-16	2.56143760605296e-16	2.5389439192242303e-16	2.52069859633932e-16	2.505899252429657e-16	2.4938950483090696e-16	2.4841580682477684e-16	2.476260103521263e-16	2.469853820831104e-16	2.4646574874303625e-16	2.4604425812019586e-16	2.457023740811213e-16	2.45425061396473e-16	2.452001245281857e-16	2.450176712993366e-16	2.4486967786023997e-16	2.447496358190341e-16	2.446522660184211e-16	2.44573286371156e-16	2.4450922354425447e-16	2.4445726021024704e-16	2.44415111147963e-16	2.4438092274405554e-16	2.443531914755907e-16	2.44330697788762e-16	2.4431245246587705e-16	2.442976531219674e-16	2.4428564891784684e-16	2.4427591193778553e-16	2.44268013973059e-16	2.4426160769036886e-16	2.442564113569681e-16	2.442521964507397e-16	2.4424877761034897e-16	2.442460044835025e-16	2.442437551148196e-16	2.4424193058253113e-16	2.4424045064814017e-16	2.442392502277281e-16	2.4423827652972196e-16	2.442374867332493e-16	2.4423684610498027e-16	2.442363264716402e-16	2.442359049810174e-16	2.442355630969783e-16	2.4423528578429366e-16	2.4423506084742535e-16	2.442348783941965e-16	2.4423473040075743e-16	2.442346103587162e-16	2.442345129889156e-16	2.442344340092683e-16	2.4423436994644145e-16	2.4423431798310743e-16	2.4423427583404513e-16	2.4423424164564126e-16	2.442342139143728e-16	2.4423419142068594e-16	2.4423417317536306e-16	2.4423415837601916e-16	2.4423414637181503e-16	2.4423413663483497e-16	NaN	NaN	NaN	NaN	NaN	NaN	NaN	NaN	NaN	NaN	NaN	NaN	NaN	NaN	NaN	NaN	NaN	NaN	NaN	NaN	NaN
1.0810272158494634e-15	9.457140265070578e-16	8.359573268189498e-16	7.469302838162006e-16	6.747177044626315e-16	6.161438549781047e-16	5.686327997831699e-16	5.300951181112082e-16	4.988360163599215e-16	4.734807951866609e-16	4.529143935715378e-16	4.3623235114310847e-16	4.2270103220886793e-16	4.117253622400571e-16	4.0282265793978214e-16	3.956014000044252e-16	3.8974401505597256e-16	3.8499290953647913e-16	3.81139141369283e-16	3.780132311941543e-16	3.7547770907682824e-16	3.7342106891531593e-16	3.71752864672473e-16	3.703997327790489e-16	3.6930216578216783e-16	3.6841189535214037e-16	3.6768976955860467e-16	3.671040310637594e-16	3.6662892051181005e-16	3.662435436950904e-16	3.6593095267757756e-16	3.65677400465845e-16	3.654717364496937e-16	3.653049160254094e-16	3.65169602836067e-16	3.650598461363789e-16	3.6497081909337616e-16	3.648986065140226e-16	3.6484003266453807e-16	3.6479252160934315e-16	3.647539839276712e-16	3.647227248259199e-16	3.6469736960474664e-16	3.646768032031315e-16	3.646601211607031e-16	3.6464658984176884e-16	3.6463561417180003e-16	3.6462671146749977e-16	3.646194902095644e-16	3.6461363282461593e-16	3.6460888171909646e-16	3.6460502795092924e-16	3.646019020407541e-16	3.645993665186368e-16	3.645973098784753e-16	3.6459564167423243e-16	3.64594288542339e-16	3.6459319097534214e-16	3.645923007049121e-16	3.6459157857911856e-16	3.645909928406237e-16	3.645905177300718e-16	3.6459013235325506e-16	3.6458981976223753e-16	3.645895662100258e-16	3.6458936054600967e-16	3.6458919372558537e-16	3.6458905841239603e-16	3.6458894865569633e-16	3.6458885962865333e-16	3.6458878741607397e-16	3.645887288422245e-16	3.645886813311693e-16	3.6458864279348764e-16	3.645886115343859e-16	3.645885861791647e-16	3.6458856561276313e-16	3.645885489307207e-16	3.6458853539940175e-16	3.645885244237318e-16	NaN	NaN	NaN	NaN	NaN	NaN	NaN	NaN	NaN	NaN	NaN	NaN	NaN	NaN	NaN	NaN	NaN	NaN	NaN	NaN
1.4247687458612035e-15	1.2456426935143102e-15	1.1003480298580975e-15	9.824950486173256e-16	8.869008620324569e-16	8.093614700492081e-16	7.464668786109075e-16	6.954511364053814e-16	6.540706950468606e-16	6.205057432692797e-16	5.932801760485147e-16	5.71196679090015e-16	5.532840738553256e-16	5.387546074897045e-16	5.269693093656271e-16	5.174098907071403e-16	5.096559515088154e-16	5.033664923649854e-16	4.982649181444328e-16	4.941268740085807e-16	4.907703788308226e-16	4.880478221087461e-16	4.858394724128962e-16	4.840482118894272e-16	4.825952652528651e-16	4.814167354404574e-16	4.804607935746087e-16	4.796853996547762e-16	4.790564537403932e-16	4.78546296318338e-16	4.781324919047527e-16	4.777968423869769e-16	4.775245867147693e-16	4.773037517451843e-16	4.771246256928373e-16	4.769793310291811e-16	4.768614780479404e-16	4.767658838613555e-16	4.766883444693723e-16	4.76625449877934e-16	4.765744341357285e-16	4.765330536943699e-16	4.764994887425923e-16	4.764722631753716e-16	4.76450179678413e-16	4.764322670731784e-16	4.764177376068127e-16	4.764059523086887e-16	4.763963928900303e-16	4.763886389508318e-16	4.76382349491688e-16	4.763772479174675e-16	4.763731098733316e-16	4.763697533781539e-16	4.763670308214318e-16	4.763648224717359e-16	4.763630312112125e-16	4.763615782645759e-16	4.763603997347635e-16	4.763594437928977e-16	4.763586683989778e-16	4.763580394530635e-16	4.763575292956414e-16	4.763571154912279e-16	4.7635677984171e-16	4.763565075860379e-16	4.763562867510683e-16	4.763561076250159e-16	4.763559623303523e-16	4.76355844477371e-16	4.763557488831845e-16	4.763556713437924e-16	4.763556084492009e-16	4.763555574334587e-16	4.763555160530174e-16	4.763554824880657e-16	4.763554552624984e-16	4.763554331790015e-16	4.763554152663963e-16	4.7635540073692985e-16	4.763553889516318e-16	NaN	NaN	NaN	NaN	NaN	NaN	NaN	NaN	NaN	NaN	NaN	NaN	NaN	NaN	NaN	NaN	NaN	NaN	NaN
1.7870621632957282e-15	1.5583755571922877e-15	1.372880800393129e-15	1.2224202842034968e-15	1.1003771207055553e-15	1.0013841481052683e-15	9.21087895997656e-16	8.559571303163109e-16	8.03127558239233e-16	7.602758635500893e-16	7.25517532836138e-16	6.973239791672681e-16	6.744553185569239e-16	6.559058428770081e-16	6.408597912580448e-16	6.286554749082507e-16	6.18756177648222e-16	6.107265524374609e-16	6.042134758693264e-16	5.989305186616185e-16	5.946453491927042e-16	5.911695161213091e-16	5.883501607544221e-16	5.860632946933876e-16	5.842083471253961e-16	5.827037419634997e-16	5.814833103285203e-16	5.804933806025174e-16	5.796904180814414e-16	5.790391104246279e-16	5.78510814703857e-16	5.780822977569656e-16	5.777347144498261e-16	5.774527789131375e-16	5.77224092307034e-16	5.770385975502348e-16	5.768881370340451e-16	5.767660938705472e-16	5.766671008979469e-16	5.765868046458394e-16	5.76521673880158e-16	5.764688443080809e-16	5.764259926133918e-16	5.763912342826778e-16	5.7636304072900895e-16	5.763401720683986e-16	5.763216225927187e-16	5.763065765410997e-16	5.762943722247499e-16	5.762844729274899e-16	5.762764433022792e-16	5.762699302257111e-16	5.762646472685033e-16	5.762603620990344e-16	5.76256886265963e-16	5.762540669105961e-16	5.762517800445351e-16	5.76249925096967e-16	5.762484204918052e-16	5.762472000601702e-16	5.762462101304442e-16	5.762454071679232e-16	5.762447558602663e-16	5.762442275645456e-16	5.762437990475986e-16	5.762434514642915e-16	5.762431695287548e-16	5.762429408421487e-16	5.762427553473919e-16	5.762426048868758e-16	5.762424828437122e-16	5.762423838507396e-16	5.762423035544875e-16	5.762422384237219e-16	5.762421855941498e-16	5.762421427424551e-16	5.762421079841244e-16	5.762420797905707e-16	5.762420569219101e-16	5.762420383724344e-16	5.762420233263828e-16	NaN	NaN	NaN	NaN	NaN	NaN	NaN	NaN	NaN	NaN	NaN	NaN	NaN	NaN	NaN	NaN	NaN	NaN	NaN
2.1702926014693926e-15	1.885829926992357e-15	1.6550934815151425e-15	1.4679360368017499e-15	1.3161268631829014e-15	1.1929897620639486e-15	1.0931094629322978e-15	1.0120934729181202e-15	9.463789056306714e-16	8.930757940718182e-16	8.498399969094104e-16	8.147701088372119e-16	7.863238413895085e-16	7.63250196841787e-16	7.445344523704478e-16	7.2935353500856295e-16	7.170398248966676e-16	7.070517949835025e-16	6.989501959820849e-16	6.9237873925334e-16	6.870484280974545e-16	6.827248483812139e-16	6.79217859573994e-16	6.763732328292236e-16	6.740658683744516e-16	6.721942939273176e-16	6.706762021911292e-16	6.694448311799395e-16	6.684460281886231e-16	6.676358682884814e-16	6.669787226156069e-16	6.664456915000182e-16	6.660133335283941e-16	6.656626346476722e-16	6.653781719731951e-16	6.65147435527718e-16	6.649602780830045e-16	6.648084689093857e-16	6.646853318082668e-16	6.645854515091351e-16	6.64504435519121e-16	6.644387209518335e-16	6.643854178402746e-16	6.643421820431122e-16	6.643071121550401e-16	6.642786658875923e-16	6.642555922430446e-16	6.642368764985733e-16	6.642216955812114e-16	6.642093818710995e-16	6.641993938411863e-16	6.641912922421849e-16	6.641847207854562e-16	6.641793904743002e-16	6.64175066894584e-16	6.641715599057768e-16	6.641687152790321e-16	6.641664079145773e-16	6.641645363401301e-16	6.641630182483939e-16	6.641617868773828e-16	6.641607880743915e-16	6.641599779144913e-16	6.641593207688184e-16	6.641587877377029e-16	6.641583553797312e-16	6.641580046808504e-16	6.64157720218176e-16	6.641574894817306e-16	6.641573023242858e-16	6.641571505151122e-16	6.64157027378011e-16	6.64156927497712e-16	6.641568464817219e-16	6.641567807671546e-16	6.641567274640431e-16	6.641566842282459e-16	6.641566491583578e-16	6.641566207120904e-16	6.641565976384458e-16	6.641565789227013e-16	6.64156563741784e-16	NaN	NaN	NaN	NaN	NaN	NaN	NaN	NaN	NaN	NaN	NaN	NaN	NaN	NaN	NaN	NaN	NaN	NaN
2.573454881562571e-15	2.227393339486544e-15	1.9466921533580563e-15	1.7190067670500054e-15	1.5343241304952848e-15	1.3845223500742245e-15	1.2630135074675149e-15	1.164453939015642e-15	1.084509234375001e-15	1.019663619682602e-15	9.670653423640883e-16	9.244012579846162e-16	8.897951037770132e-16	8.617249851641645e-16	8.389564465333593e-16	8.204881828778873e-16	8.055080048357813e-16	7.933571205751104e-16	7.835011637299232e-16	7.755066932658591e-16	7.690221317966191e-16	7.637623040647678e-16	7.594958956268206e-16	7.560352802060602e-16	7.532282683447754e-16	7.509514144816949e-16	7.491045881161476e-16	7.476065703119371e-16	7.4639148188587e-16	7.454058862013512e-16	7.446064391549448e-16	7.439579830080208e-16	7.434320002348357e-16	7.43005359391041e-16	7.42659297848965e-16	7.423785966628365e-16	7.421509112765284e-16	7.419662286399737e-16	7.418164268595527e-16	7.416949180169459e-16	7.41596358448494e-16	7.415164137438534e-16	7.41451568129161e-16	7.413989698518425e-16	7.41356305767463e-16	7.413216996132554e-16	7.412936294946426e-16	7.412708609560118e-16	7.412523926923563e-16	7.412374125143142e-16	7.412252616300535e-16	7.412154056732084e-16	7.412074112027443e-16	7.41200926641275e-16	7.411956668135432e-16	7.411914004051053e-16	7.411879397896845e-16	7.411851327778232e-16	7.411828559239602e-16	7.411810090975946e-16	7.411795110797904e-16	7.411782959913643e-16	7.411773103956797e-16	7.411765109486333e-16	7.411758624924864e-16	7.411753365097132e-16	7.411749098688695e-16	7.411745638073273e-16	7.411742831061413e-16	7.41174055420755e-16	7.411738707381184e-16	7.41173720936338e-16	7.411735994274954e-16	7.411735008679269e-16	7.411734209232223e-16	7.411733560776076e-16	7.411733034793303e-16	7.411732608152459e-16	7.411732262090916e-16	7.411731981389731e-16	7.411731753704345e-16	7.411731569021707e-16	NaN	NaN	NaN	NaN	NaN	NaN	NaN	NaN	NaN	NaN	NaN	NaN	NaN	NaN	NaN	NaN	NaN	NaN
2.998060263431822e-15	2.5845527261023665e-15	2.2491440138105277e-15	1.9770836663551497e-15	1.7564071306987379e-15	1.577409588995962e-15	1.432219164285277e-15	1.3144507344669929e-15	1.2189251301476907e-15	1.1414413673544883e-15	1.0785918984673272e-15	1.0276127565541933e-15	9.862620028212478e-16	9.527211315920641e-16	9.255150968465262e-16	9.03447443280885e-16	8.855476891106074e-16	8.71028646639539e-16	8.592518036577106e-16	8.496992432257804e-16	8.419508669464601e-16	8.35665920057744e-16	8.305680058664306e-16	8.26432930493136e-16	8.230788433702177e-16	8.203582398956638e-16	8.181514745390998e-16	8.16361499122072e-16	8.149095948749651e-16	8.137319105767823e-16	8.127766545335893e-16	8.120018169056573e-16	8.113733222167857e-16	8.108635307976542e-16	8.104500232603248e-16	8.10114614548033e-16	8.098425542005777e-16	8.096218776649212e-16	8.094428801232184e-16	8.092976896985078e-16	8.091799212686894e-16	8.090843956643701e-16	8.090069119015769e-16	8.089440624326898e-16	8.088930832907767e-16	8.088517325370437e-16	8.088181916658146e-16	8.087909856310691e-16	8.087689179775033e-16	8.087510182233332e-16	8.087364991808621e-16	8.087247223378802e-16	8.087151697774483e-16	8.08707421401169e-16	8.087011364542802e-16	8.086960385400889e-16	8.086919034647155e-16	8.086885493775927e-16	8.086858287741181e-16	8.086836220087616e-16	8.086818320333446e-16	8.086803801290974e-16	8.086792024447992e-16	8.08678247188756e-16	8.086774723511282e-16	8.086768438564392e-16	8.086763340650202e-16	8.086759205574828e-16	8.086755851487705e-16	8.08675313088423e-16	8.086750924118874e-16	8.086749134143457e-16	8.08674768223921e-16	8.086746504554912e-16	8.086745549298868e-16	8.086744774461241e-16	8.086744145966552e-16	8.086743636175132e-16	8.086743222667595e-16	8.086742887258883e-16	8.086742615198535e-16	8.086742394522e-16	8.086742215524457e-16	NaN	NaN	NaN	NaN	NaN	NaN	NaN	NaN	NaN	NaN	NaN	NaN	NaN	NaN	NaN	NaN	NaN
3.4467274940792253e-15	2.9596877019683296e-15	2.564634710765781e-15	2.244195049805708e-15	1.984276561393198e-15	1.7734486619495588e-15	1.602439652720194e-15	1.4637289729914592e-15	1.3512164641036885e-15	1.2599540992953188e-15	1.1859283815084746e-15	1.1258838395402286e-15	1.0771798603291387e-15	1.0376745612088841e-15	1.0056305951128766e-15	9.796387462716257e-16	9.58555956327262e-16	9.414550554043256e-16	9.27583987431452e-16	9.16332736542675e-16	9.072065000618379e-16	8.998039282831535e-16	8.937994740863288e-16	8.8892907616522e-16	8.849785462531945e-16	8.817741496435937e-16	8.791749647594687e-16	8.770666857650323e-16	8.753565956727386e-16	8.739694888754512e-16	8.728443637865736e-16	8.719317401384898e-16	8.711914829606214e-16	8.705910375409389e-16	8.701039977488281e-16	8.697089447576255e-16	8.693885050966654e-16	8.691285866082529e-16	8.689177587088093e-16	8.687467496995799e-16	8.686080390198512e-16	8.684955265109634e-16	8.68404264146155e-16	8.683302384283682e-16	8.682701938863999e-16	8.682214899071888e-16	8.681819846080685e-16	8.681499406419726e-16	8.681239487931313e-16	8.681028660031869e-16	8.68085765102264e-16	8.6807189403429115e-16	8.680606427834024e-16	8.680515165469215e-16	8.680441139751428e-16	8.68038109520946e-16	8.680332391230249e-16	8.680292885931129e-16	8.680260841965033e-16	8.680234850116191e-16	8.680213767326247e-16	8.680196666425325e-16	8.680182795357351e-16	8.680171544106462e-16	8.680162417869982e-16	8.680155015298203e-16	8.680149010844006e-16	8.680144140446086e-16	8.680140189916173e-16	8.680136985519564e-16	8.680134386334679e-16	8.680132278055685e-16	8.680130567965592e-16	8.680129180858795e-16	8.680128055733707e-16	8.680127143110058e-16	8.680126402852881e-16	8.680125802407461e-16	8.680125315367669e-16	8.680124920314677e-16	8.680124599875017e-16	8.680124339956528e-16	8.680124129128629e-16	NaN	NaN	NaN	NaN	NaN	NaN	NaN	NaN	NaN	NaN	NaN	NaN	NaN	NaN	NaN	NaN	NaN
3.920493147002686e-15	3.3538670265909872e-15	2.8942591107943095e-15	2.521456960216635e-15	2.2190656420983826e-15	1.9737867210095355e-15	1.7748334259715393e-15	1.6134562744790259e-15	1.4825582915184303e-15	1.3763829018509079e-15	1.2902607698204715e-15	1.2204044533172448e-15	1.163741841276075e-15	1.117781049696407e-15	1.0805008346386393e-15	1.0502617028268141e-15	1.0257338107179296e-15	1.0058384812141302e-15	9.897007660648788e-16	9.766109677688193e-16	9.65993428802067e-16	9.573812155990233e-16	9.503955839487007e-16	9.447293227445836e-16	9.401332435866168e-16	9.3640522208084e-16	9.333813088996575e-16	9.309285196887691e-16	9.289389867383892e-16	9.27325215223464e-16	9.26016235393858e-16	9.249544814971828e-16	9.240932601768784e-16	9.233946970118461e-16	9.228280708914345e-16	9.223684629756379e-16	9.219956608250601e-16	9.216932695069418e-16	9.21447990585853e-16	9.21249037290815e-16	9.210876601393225e-16	9.20956762156362e-16	9.208505867666945e-16	9.20764464634664e-16	9.206946083181607e-16	9.206379457061195e-16	9.205919849145398e-16	9.205547046994821e-16	9.205244655676702e-16	9.204999376755615e-16	9.204800423460577e-16	9.204639046309084e-16	9.204508148326122e-16	9.204401972936456e-16	9.204315850804425e-16	9.204245994487922e-16	9.20418933187588e-16	9.2041433710843e-16	9.204106090869243e-16	9.204075851737432e-16	9.204051323845323e-16	9.204031428515818e-16	9.20401529080067e-16	9.204002201002373e-16	9.203991583463407e-16	9.203982971250203e-16	9.203975985618553e-16	9.20397031935735e-16	9.203965723278192e-16	9.203961995256686e-16	9.203958971343504e-16	9.203956518554294e-16	9.203954529021342e-16	9.203952915249829e-16	9.203951606269999e-16	9.203950544516102e-16	9.203949683294782e-16	9.203948984731617e-16	9.203948418105496e-16	9.20394795849758e-16	9.20394758569543e-16	9.20394728330411e-16	9.203947038025191e-16	NaN	NaN	NaN	NaN	NaN	NaN	NaN	NaN	NaN	NaN	NaN	NaN	NaN	NaN	NaN	NaN	NaN
4.9403982508845465e-15	4.1977387550574895e-15	3.5953447412134366e-15	3.1067243843013762e-15	2.7103893482585438e-15	2.38890978120206e-15	2.1281477928936235e-15	1.9166357046786326e-15	1.7450717288427458e-15	1.6059108985894009e-15	1.4930332587326227e-15	1.4014747249380149e-15	1.3272087753553092e-15	1.2669693739709042e-15	1.218107338279698e-15	1.1784738346754146e-15	1.1463258779697663e-15	1.1202496791389229e-15	1.0990984703174238e-15	1.0819420727338351e-15	1.0680259897085006e-15	1.0567382257228226e-15	1.047582372343362e-15	1.0401557773850913e-15	1.0341318372466508e-15	1.0292456336775302e-15	1.0252822833171019e-15	1.022067487646537e-15	1.0194598677634527e-15	1.0173447468813027e-15	1.0156291071229439e-15	1.0142374988204105e-15	1.0131087224218427e-15	1.0121931370838966e-15	1.0114504775880696e-15	1.0108480835742254e-15	1.0103594632173134e-15	1.0099631281812705e-15	1.009641648614214e-15	1.0093808866259057e-15	1.0091693745376907e-15	1.0089978105618548e-15	1.0088586497316016e-15	1.0087457720917446e-15	1.00865421355795e-15	1.0085799476083673e-15	1.008519708206983e-15	1.0084708461712918e-15	1.0084312126676875e-15	1.0083990647109818e-15	1.008372988512151e-15	1.0083518373033295e-15	1.008334680905746e-15	1.0083207648227205e-15	1.008309477058735e-15	1.0083003212053554e-15	1.0082928946103971e-15	1.0082868706702587e-15	1.0082819844666895e-15	1.0082780211163291e-15	1.0082748063206585e-15	1.0082721987007756e-15	1.0082700835798933e-15	1.008268367940135e-15	1.0082669763318326e-15	1.008265847555434e-15	1.008264931970096e-15	1.0082641893106002e-15	1.0082635869165864e-15	1.0082630982962294e-15	1.0082627019611933e-15	1.0082623804816263e-15	1.008262119719638e-15	1.0082619082075498e-15	1.008261736643574e-15	1.0082615974827437e-15	1.0082614846051038e-15	1.00826139304657e-15	1.0082613187806205e-15	1.008261258541219e-15	1.0082612096791834e-15	1.0082611700456797e-15	1.008261137897723e-15	1.0082611118215241e-15	NaN	NaN	NaN	NaN	NaN	NaN	NaN	NaN	NaN	NaN	NaN	NaN	NaN	NaN	NaN	NaN
6.075774481900448e-15	5.1319809960205265e-15	4.36644100172485e-15	3.745487910149066e-15	3.2418137130977758e-15	2.8332680431962336e-15	2.5018840545534637e-15	2.233088284535256e-15	2.015059748287634e-15	1.8382100805452405e-15	1.694761862624473e-15	1.5784065904471009e-15	1.4840272418591084e-15	1.4074732424295409e-15	1.3453779332719623e-15	1.2950105135668332e-15	1.254155946576679e-15	1.2210175477124023e-15	1.1941379707105815e-15	1.1723351170858194e-15	1.1546501503115799e-15	1.1403053285195032e-15	1.128669801301766e-15	1.1192318664429667e-15	1.11157646650001e-15	1.105366935584252e-15	1.1003301936137391e-15	1.0962447369147238e-15	1.0929308970282961e-15	1.090242939328114e-15	1.0880626539656378e-15	1.086294157288214e-15	1.084859675109006e-15	1.0836961223872325e-15	1.0827523289013525e-15	1.0819867889070567e-15	1.081365835815481e-15	1.0808621616184298e-15	1.0804536159485281e-15	1.0801222319598854e-15	1.0798534361898673e-15	1.0796354076536196e-15	1.0794585579858772e-15	1.0793151097679564e-15	1.0791987544957791e-15	1.0791043751471911e-15	1.0790278211477616e-15	1.078965725838604e-15	1.0789153584188987e-15	1.0788745038519087e-15	1.0788413654530443e-15	1.0788144858760425e-15	1.0787926830224178e-15	1.0787749980556435e-15	1.0787606532338515e-15	1.0787490177066336e-15	1.078739579771775e-15	1.078731924371832e-15	1.0787257148409162e-15	1.0787206780989458e-15	1.0787165926422467e-15	1.0787132788023602e-15	1.07871059084466e-15	1.0787084105592977e-15	1.0787066420626202e-15	1.078705207580441e-15	1.0787040440277193e-15	1.0787031002342333e-15	1.078702334694239e-15	1.0787017137411474e-15	1.0787012100669504e-15	1.0787008015212804e-15	1.0787004701372918e-15	1.0787002013415218e-15	1.0786999833129856e-15	1.0786998064633178e-15	1.0786996630151e-15	1.0786995466598277e-15	1.0786994522804792e-15	1.0786993757264798e-15	1.0786993136311706e-15	1.078699263263751e-15	1.0786992224091839e-15	1.078699189270785e-15	1.0786991623912081e-15	NaN	NaN	NaN	NaN	NaN	NaN	NaN	NaN	NaN	NaN	NaN	NaN	NaN	NaN	NaN
7.313765863850163e-15	6.147012432523285e-15	5.2006227524443936e-15	4.432976904991216e-15	3.8103156909942684e-15	3.3052559831844078e-15	2.8955864827901963e-15	2.563290920586246e-15	2.2937557451480297e-15	2.0751274543677855e-15	1.8977913072330765e-15	1.7539484908786582e-15	1.63727314774597e-15	1.5426341797380812e-15	1.4658695949927632e-15	1.4036034735930685e-15	1.3530975028120823e-15	1.3121305527726617e-15	1.2789009965522666e-15	1.251947479008445e-15	1.2300846499304203e-15	1.2123510352169494e-15	1.1979667535815076e-15	1.186299219268239e-15	1.1768353224674499e-15	1.1691588639929181e-15	1.1629322518529486e-15	1.1578816547748501e-15	1.153784959770908e-15	1.1504620041488686e-15	1.1477666523944864e-15	1.145580369486684e-15	1.1438070080153369e-15	1.1423685798517927e-15	1.1412018264204657e-15	1.1402554367403868e-15	1.1394877908929337e-15	1.1388651296789368e-15	1.138360069971127e-15	1.1379504004707326e-15	1.1376181049085287e-15	1.1373485697330904e-15	1.1371299414423103e-15	1.1369526052951756e-15	1.1368087624788211e-15	1.1366920871356884e-15	1.1365974481676805e-15	1.1365206835829353e-15	1.1364584174615356e-15	1.1364079114907545e-15	1.136366944540715e-15	1.1363337149844947e-15	1.1363067614669509e-15	1.1362848986378728e-15	1.1362671650231593e-15	1.1362527807415239e-15	1.1362411132072107e-15	1.13623164931041e-15	1.1362239728519353e-15	1.1362177462397955e-15	1.1362126956427172e-15	1.1362085989477134e-15	1.1362052759920912e-15	1.1362025806403369e-15	1.1362003943574291e-15	1.1361986209959579e-15	1.1361971825677942e-15	1.136196015814363e-15	1.1361950694246829e-15	1.1361943017788354e-15	1.1361936791176214e-15	1.1361931740579136e-15	1.1361927643884132e-15	1.136192432092851e-15	1.1361921625576756e-15	1.1361919439293847e-15	1.1361917665932376e-15	1.1361916227504213e-15	1.1361915060750781e-15	1.1361914114361102e-15	1.1361913346715254e-15	1.136191272405404e-15	1.1361912218994331e-15	1.1361911809324831e-15	1.136191147702927e-15	NaN	NaN	NaN	NaN	NaN	NaN	NaN	NaN	NaN	NaN	NaN	NaN	NaN	NaN	NaN
8.684721162134116e-15	7.268043183431326e-15	6.118931997604676e-15	5.1868524867753826e-15	4.430814058794372e-15	3.817567980597206e-15	3.3201451797106176e-15	2.9166702099737496e-15	2.5893992225682404e-15	2.3239396346606483e-15	2.1086171785800753e-15	1.9339624958917638e-15	1.7922946980214845e-15	1.67738357943882e-15	1.58417562835589e-15	1.508571785557789e-15	1.4472471777380724e-15	1.397504897649414e-15	1.3571574006757274e-15	1.3244303019351764e-15	1.297884343144417e-15	1.2763520975363597e-15	1.2588866292675285e-15	1.2447198494805006e-15	1.233228737622234e-15	1.223907942513941e-15	1.216347558234131e-15	1.2102150974521594e-15	1.2052408694432934e-15	1.2012061197459248e-15	1.1979334098718696e-15	1.1952788139927936e-15	1.193125589431988e-15	1.1913790426051049e-15	1.1899623646264023e-15	1.1888132534405755e-15	1.1878811739297462e-15	1.1871251355017651e-15	1.186511889423568e-15	1.1860144666226815e-15	1.1856109916529446e-15	1.185283720665539e-15	1.1850182610776313e-15	1.1848029386215509e-15	1.1846282839388626e-15	1.1844866161409923e-15	1.1843717050224096e-15	1.1842784970713267e-15	1.1842028932285285e-15	1.184141568620709e-15	1.1840918263406201e-15	1.1840514788436466e-15	1.184018751744906e-15	1.1839922057861152e-15	1.1839706735405072e-15	1.1839532080722384e-15	1.1839390412924514e-15	1.183927550180593e-15	1.1839182293854849e-15	1.1839106690012049e-15	1.183904536540423e-15	1.183899562312414e-15	1.1838955275627166e-15	1.1838922548528427e-15	1.1838896002569636e-15	1.1838874470324028e-15	1.1838857004855758e-15	1.1838842838075971e-15	1.1838831346964113e-15	1.1838822026169005e-15	1.1838814465784726e-15	1.1838808333323943e-15	1.1838803359095935e-15	1.1838799324346238e-15	1.1838796051636365e-15	1.1838793397040485e-15	1.1838791243815924e-15	1.1838789497269098e-15	1.183878808059112e-15	1.1838786931479933e-15	1.1838785999400421e-15	1.1838785243361993e-15	1.1838784630115914e-15	1.1838784132693115e-15	1.1838783729218145e-15	1.1838783401947158e-15	NaN	NaN	NaN	NaN	NaN	NaN	NaN	NaN	NaN	NaN	NaN	NaN	NaN	NaN
1.0158090678355349e-14	8.470716150523593e-15	7.102034647910064e-15	5.991854883608675e-15	5.091353849064988e-15	4.360929696788596e-15	3.768460147323788e-15	3.287889829448812e-15	2.898084428258019e-15	2.5819012493438237e-15	2.3254353247494272e-15	2.11740790626393e-15	1.948670453480754e-15	1.8118023032194017e-15	1.700784326789262e-15	1.6107342233348938e-15	1.5376918081072545e-15	1.4784448531607743e-15	1.4303878213732766e-15	1.3914072812541973e-15	1.3597889633627777e-15	1.334142370903338e-15	1.3133396290547883e-15	1.2964658837764707e-15	1.2827790687503355e-15	1.2716772711073216e-15	1.2626722607618847e-15	1.2553680192391209e-15	1.2494433237444727e-15	1.244637620565723e-15	1.240739566553815e-15	1.237577734764673e-15	1.235013075518729e-15	1.2329328013338742e-15	1.2312454268060423e-15	1.2298767453034288e-15	1.2287665655391275e-15	1.2278660645045838e-15	1.2271356403523073e-15	1.2265431708028425e-15	1.2260626004849676e-15	1.2256727950837768e-15	1.2253566119048625e-15	1.2251001459802682e-15	1.2248921185617828e-15	1.2247233811089995e-15	1.2245865129587383e-15	1.224475494982308e-15	1.2243854448788536e-15	1.224312402463626e-15	1.2242531555086795e-15	1.2242050984768921e-15	1.224166117936773e-15	1.2241344996188816e-15	1.2241088530264222e-15	1.2240880502845736e-15	1.2240711765392952e-15	1.2240574897242691e-15	1.224046387926626e-15	1.2240373829162807e-15	1.2240300786747577e-15	1.2240241539792633e-15	1.2240193482760844e-15	1.2240154502220726e-15	1.2240122883902835e-15	1.2240097237310376e-15	1.2240076434568528e-15	1.224005956082325e-15	1.2240045874008222e-15	1.224003477221058e-15	1.2240025767200233e-15	1.2240018462958711e-15	1.2240012538263216e-15	1.2240007732560037e-15	1.2240003834506025e-15	1.2240000672674236e-15	1.223999810801499e-15	1.2239996027740805e-15	1.2239994340366278e-15	1.2239992971684776e-15	1.223999186150501e-15	1.2239990961003976e-15	1.2239990230579824e-15	1.2239989638110274e-15	1.2239989157539956e-15	1.2239988767734555e-15	NaN	NaN	NaN	NaN	NaN	NaN	NaN	NaN	NaN	NaN	NaN	NaN	NaN	NaN
1.1747433818433827e-14	9.766336536963656e-15	8.159407453169565e-15	6.855977730411552e-15	5.798725696514877e-15	4.941155975906178e-15	4.245554735968758e-15	3.681331124319987e-15	3.2236719574521633e-15	2.852450497212148e-15	2.5513413257607044e-15	2.3071023933629e-15	2.108992665215883e-15	1.9482997568364743e-15	1.8179567845606726e-15	1.7122315811710052e-15	1.626474609110135e-15	1.5569144851163935e-15	1.5004921239515168e-15	1.4547262072647342e-15	1.4176040612407325e-15	1.3874931440955881e-15	1.3630692508558078e-15	1.343258278041106e-15	1.327188987203165e-15	1.314154689975585e-15	1.3035821696366181e-15	1.2950064724305313e-15	1.288050460031157e-15	1.2824082239146694e-15	1.2778316322459911e-15	1.2741194176435908e-15	1.2711083259290764e-15	1.2686659366050985e-15	1.2666848393236283e-15	1.2650779102398342e-15	1.2637744805170762e-15	1.2627172284831795e-15	1.2618596587625707e-15	1.2611640575226334e-15	1.2605998339109847e-15	1.2601421747441168e-15	1.2597709532838767e-15	1.2594698441124253e-15	1.2592256051800277e-15	1.2590274954518806e-15	1.258866802543501e-15	1.2587364595712252e-15	1.2586307343678356e-15	1.2585449773957747e-15	1.2584754172717809e-15	1.2584189949106162e-15	1.2583732289939294e-15	1.2583361068479053e-15	1.25830599593076e-15	1.2582815720375206e-15	1.2582617610647058e-15	1.2582456917738678e-15	1.2582326574766401e-15	1.2582220849563012e-15	1.2582135092590953e-15	1.2582065532466957e-15	1.2582009110105794e-15	1.2581963344189105e-15	1.2581926222043083e-15	1.2581896111125938e-15	1.2581871687232698e-15	1.2581851876259883e-15	1.2581835806969046e-15	1.2581822772671818e-15	1.2581812200151477e-15	1.2581803624454272e-15	1.2581796668441873e-15	1.2581791026205756e-15	1.2581786449614086e-15	1.2581782737399485e-15	1.2581779726307772e-15	1.2581777283918446e-15	1.2581775302821165e-15	1.2581773695892081e-15	1.2581772392462359e-15	1.2581771335210325e-15	1.2581770477640605e-15	1.2581769782039365e-15	1.2581769217815753e-15	1.2581768760156585e-15	NaN	NaN	NaN	NaN	NaN	NaN	NaN	NaN	NaN	NaN	NaN	NaN	NaN	NaN
1.3458340040991403e-14	1.1159664998280238e-14	9.295138801170401e-15	7.782764117879574e-15	6.556030384556591e-15	5.560988832288586e-15	4.753879951327169e-15	4.099209054175209e-15	3.56818530547451e-15	3.1374555710218576e-15	2.7880774036694573e-15	2.5046860005251254e-15	2.274818496254008e-15	2.0883658765430253e-15	1.9371284082139415e-15	1.8144550348816433e-15	1.7149508796548428e-15	1.634239991558702e-15	1.5687729018435061e-15	1.515670526973436e-15	1.4725975535281705e-15	1.4376597367929306e-15	1.4093205964784974e-15	1.3863338460513856e-15	1.3676885840802874e-15	1.352564837247379e-15	1.3402974999141492e-15	1.330347084391469e-15	1.3222759955818551e-15	1.3157292866103356e-15	1.3104190491233285e-15	1.306111751778802e-15	1.302617970105278e-15	1.2997840560738346e-15	1.2974853810311234e-15	1.2956208548340136e-15	1.2941084801507228e-15	1.2928817464174e-15	1.2918867048651318e-15	1.2910795959841704e-15	1.2904249250870185e-15	1.2898939013383177e-15	1.2894631716038651e-15	1.2891137934365127e-15	1.2888304020333683e-15	1.2886005345290973e-15	1.2884140819093862e-15	1.2882628444410572e-15	1.2881401710677248e-15	1.288040666912498e-15	1.2879599560244019e-15	1.2878944889346868e-15	1.2878413865598166e-15	1.2877983135863714e-15	1.287763375769636e-15	1.2877350366293216e-15	1.2877120498788947e-15	1.2876934046169236e-15	1.2876782808700907e-15	1.2876660135327574e-15	1.2876560631172348e-15	1.2876479920284252e-15	1.2876414453194535e-15	1.2876361350819667e-15	1.287631827784622e-15	1.2876283340029485e-15	1.287625500088917e-15	1.2876232014138742e-15	1.2876213368876773e-15	1.2876198245129938e-15	1.2876185977792606e-15	1.2876176027377085e-15	1.2876167956288274e-15	1.2876161409579303e-15	1.2876156099341816e-15	1.287615179204447e-15	1.2876148298262798e-15	1.2876145464348765e-15	1.2876143165673724e-15	1.2876141301147525e-15	1.2876139788772842e-15	1.287613856203911e-15	1.2876137566997556e-15	1.2876136759888677e-15	1.287613610521778e-15	1.287613557419403e-15	1.2876135143464297e-15	NaN	NaN	NaN	NaN	NaN	NaN	NaN	NaN	NaN	NaN	NaN	NaN	NaN
1.530796104916973e-14	1.2664784547606605e-14	1.052082259596992e-14	8.781788956957377e-15	7.371205156573924e-15	6.227037146670417e-15	5.298967198234396e-15	4.54618104992855e-15	3.935572996046261e-15	3.440289978013846e-15	3.0385506521211897e-15	2.7126874989489895e-15	2.4483698487926768e-15	2.2339736536290087e-15	2.0600702897277538e-15	1.919011909689408e-15	1.804595108699058e-15	1.7117881138554566e-15	1.6365094990248718e-15	1.575448693636643e-15	1.5259203918334014e-15	1.4857464592441355e-15	1.4531601439269158e-15	1.4267283789112845e-15	1.4052887593949177e-15	1.3878984230047921e-15	1.3737925850009576e-15	1.3623509049019225e-15	1.3530702054175623e-15	1.3455423439345039e-15	1.3394362633956812e-15	1.334483433215357e-15	1.3304660399564304e-15	1.3272074084247083e-15	1.324564231923145e-15	1.3224202699715086e-15	1.3206812363324959e-15	1.3192706525321125e-15	1.3181264845222089e-15	1.317198414573773e-15	1.316445628425467e-15	1.3158350203715849e-15	1.3153397373535525e-15	1.3149379980276598e-15	1.3146121348744876e-15	1.3143478172243311e-15	1.3141334210291676e-15	1.3139595176652662e-15	1.3138184592852281e-15	1.3137040424842377e-15	1.3136112354893942e-15	1.3135359568745634e-15	1.3134748960691753e-15	1.313425367767372e-15	1.3133851938347827e-15	1.3133526075194654e-15	1.3133261757544499e-15	1.3133047361349336e-15	1.3132873457985434e-15	1.3132732399605395e-15	1.3132617982804406e-15	1.3132525175809562e-15	1.313244989719473e-15	1.3132388836389343e-15	1.313233930808754e-15	1.313229913415495e-15	1.3132266547839634e-15	1.3132240116074616e-15	1.31322186764551e-15	1.313220128611871e-15	1.3132187180280707e-15	1.3132175738600608e-15	1.3132166457901123e-15	1.313215893003964e-15	1.3132152823959101e-15	1.3132147871128922e-15	1.3132143853735662e-15	1.3132140595104132e-15	1.3132137951927629e-15	1.3132135807965677e-15	1.313213406893204e-15	1.3132132658348238e-15	1.313213151418023e-15	1.3132130586110279e-15	1.3132129833324133e-15	1.3132129222716078e-15	1.313212872743306e-15	NaN	NaN	NaN	NaN	NaN	NaN	NaN	NaN	NaN	NaN	NaN	NaN	NaN
1.7282385443800356e-14	1.4270541933930926e-14	1.1827542805562005e-14	9.845950892949643e-15	8.238620598586251e-15	6.9348654415658446e-15	5.87734943790553e-15	5.019565603283161e-15	4.323790688867952e-15	3.7594262044957226e-15	3.301652771418682e-15	2.9303386263334535e-15	2.6291542753465105e-15	2.384854362509619e-15	2.1866951712483817e-15	2.025962141812043e-15	1.895586626110002e-15	1.7898350257439716e-15	1.7040566422817346e-15	1.634479150840214e-15	1.5780427024029904e-15	1.5322653590952866e-15	1.4951339445867639e-15	1.4650155094880694e-15	1.4405855182043802e-15	1.4207695990782563e-15	1.4046962961346226e-15	1.3916587445644187e-15	1.3810835845278156e-15	1.3725057461815916e-15	1.3655479970374398e-15	1.3599043521937173e-15	1.355326617862947e-15	1.3516134764120946e-15	1.3486016329022252e-15	1.3461586337738564e-15	1.344177041861244e-15	1.3425697115668806e-15	1.3412659564098602e-15	1.3402084404061999e-15	1.3393506565715776e-15	1.3386548816571622e-15	1.3380905171727899e-15	1.337632743739713e-15	1.3372614295946278e-15	1.3369602452436408e-15	1.3367159453308038e-15	1.3365177861395426e-15	1.3363570531101062e-15	1.3362266775944044e-15	1.3361209259940382e-15	1.336035147610576e-15	1.3359655701191345e-15	1.3359091336706974e-15	1.3358633563273896e-15	1.3358262249128811e-15	1.3357961064777822e-15	1.3357716764864988e-15	1.3357518605673725e-15	1.335735787264429e-15	1.3357227497128588e-15	1.3357121745528221e-15	1.335703596714476e-15	1.3356966389653318e-15	1.335690995320488e-15	1.3356864175861573e-15	1.3356827044447064e-15	1.3356796926011966e-15	1.3356772496020681e-15	1.3356752680101557e-15	1.3356736606798612e-15	1.335672356924704e-15	1.3356712994087005e-15	1.3356704416248659e-15	1.3356697458499514e-15	1.3356691814854671e-15	1.335668723712034e-15	1.3356683523978888e-15	1.335668051213538e-15	1.335667806913625e-15	1.3356676087544339e-15	1.3356674480214045e-15	1.3356673176458887e-15	1.3356672118942883e-15	1.3356671261159049e-15	1.3356670565384135e-15	1.335667000101965e-15	NaN	NaN	NaN	NaN	NaN	NaN	NaN	NaN	NaN	NaN	NaN	NaN	NaN
2.1595956636459422e-14	1.7776496655309784e-14	1.46784149076319e-14	1.2165465285783572e-14	1.0127134371281112e-14	8.473781323176429e-15	7.1326956916786e-15	6.044899789241669e-15	5.162554995168383e-15	4.4468579293087624e-15	3.866333973684307e-15	3.3954530952653277e-15	3.0135070971503623e-15	2.703698922382575e-15	2.4524039601977412e-15	2.2485708687474956e-15	2.083235563937027e-15	1.9491270007872456e-15	1.8403474105435525e-15	1.7521129311362236e-15	1.6805432245502614e-15	1.6224908289878156e-15	1.5754027411459177e-15	1.5372081413344213e-15	1.5062273238576423e-15	1.4810978276391591e-15	1.4607145184941345e-15	1.4441809880130877e-15	1.4307701316981096e-15	1.4198921726737402e-15	1.4110687247330074e-15	1.403911754074411e-15	1.3981065145181665e-15	1.3933977057339768e-15	1.3895782457528272e-15	1.3864801640051493e-15	1.3839672143833009e-15	1.3819288834687985e-15	1.3802755304206936e-15	1.378934444789196e-15	1.377846648886759e-15	1.3769643040926857e-15	1.3762486070268261e-15	1.3756680830712016e-15	1.3751972021927825e-15	1.3748152561946677e-15	1.3745054480199e-15	1.374254153057715e-15	1.3740503199662648e-15	1.3738849846614545e-15	1.3737508760983045e-15	1.3736420965080608e-15	1.3735538620286535e-15	1.3734822923220677e-15	1.3734242399265051e-15	1.3733771518386632e-15	1.3733389572388517e-15	1.3733079764213749e-15	1.3732828469251564e-15	1.3732624636160115e-15	1.3732459300855304e-15	1.3732325192292154e-15	1.373221641270191e-15	1.3732128178222504e-15	1.3732056608515916e-15	1.3731998556120355e-15	1.3731951468032512e-15	1.3731913273432702e-15	1.3731882292615225e-15	1.3731857163119006e-15	1.3731836779809861e-15	1.373182024627938e-15	1.3731806835423064e-15	1.373179595746404e-15	1.37317871340161e-15	1.373177997704544e-15	1.3731774171805885e-15	1.37317694629971e-15	1.373176564353712e-15	1.373176254545537e-15	1.373176003250575e-15	1.3731757994174835e-15	1.3731756340821788e-15	1.3731754999736157e-15	1.3731753911940254e-15	1.373175302959546e-15	1.3731752313898394e-15	1.3731751733374437e-15	NaN	NaN	NaN	NaN	NaN	NaN	NaN	NaN	NaN	NaN	NaN	NaN
2.6379363913465658e-14	2.1662142163263564e-14	1.7835858166002942e-14	1.4732241248467647e-14	1.2214801879694322e-14	1.0172829193038543e-14	8.516522191261579e-15	7.173040516867467e-15	6.0833011101654524e-15	5.199379879862988e-15	4.482404117975106e-15	3.9008429725789196e-15	3.4291207975587085e-15	3.046492397832647e-15	2.736130706079116e-15	2.484386769201783e-15	2.280189500536206e-15	2.114558800358511e-15	1.9802106329191e-15	1.8712366922488987e-15	1.782844569218651e-15	1.7111469930298628e-15	1.6529908784902444e-15	1.6058186609882234e-15	1.5675558210156171e-15	1.536519651840264e-15	1.5113452581525308e-15	1.490925531285973e-15	1.4743624612682035e-15	1.4609276445242623e-15	1.4500302504572423e-15	1.4411910381542176e-15	1.4340212805353387e-15	1.4282056690813768e-15	1.4234884473311748e-15	1.419662163333914e-15	1.4165585464163788e-15	1.4140411070476054e-15	1.4119991343609497e-15	1.4103428273591728e-15	1.4089993456847785e-15	1.4079096062780767e-15	1.4070256850477741e-15	1.4063087092858862e-15	1.4057271481404902e-15	1.4052554259654698e-15	1.4048727975657438e-15	1.4045624358739903e-15	1.404310691937113e-15	1.4041064946684474e-15	1.4039408639682697e-15	1.4038065158008304e-15	1.40369754186016e-15	1.4036091497371298e-15	1.4035374521609409e-15	1.4034792960464013e-15	1.4034321238288993e-15	1.4033938609889269e-15	1.4033628248197515e-15	1.4033376504260636e-15	1.4033172306991972e-15	1.4033006676291793e-15	1.4032872328124355e-15	1.4032763354183685e-15	1.4032674962060655e-15	1.4032603264484466e-15	1.4032545108369925e-15	1.4032497936152424e-15	1.403245967331245e-15	1.4032428637143275e-15	1.4032403462749588e-15	1.403238304302272e-15	1.4032366479952703e-15	1.4032353045135958e-15	1.4032342147741891e-15	1.403233330852959e-15	1.403232613877197e-15	1.4032320323160516e-15	1.4032315605938766e-15	1.4032311779654768e-15	1.4032308676037853e-15	1.4032306158598481e-15	1.4032304116625796e-15	1.4032302460318794e-15	1.403230111683712e-15	1.4032300027097713e-15	1.4032299143176483e-15	1.403229842620072e-15	NaN	NaN	NaN	NaN	NaN	NaN	NaN	NaN	NaN	NaN	NaN	NaN
3.16489540278884e-14	2.5941115710142188e-14	2.1311312073455484e-14	1.7555935603236686e-14	1.4509833967020077e-14	1.2039047016165866e-14	1.0034915544015158e-14	8.409302717997808e-15	7.090718035887988e-15	6.021173347221691e-15	5.153632675337101e-15	4.4499436894075095e-15	3.8791598576328885e-15	3.416179493964218e-15	3.0406418469423374e-15	2.7360316833206758e-15	2.4889529882352556e-15	2.288539841020186e-15	2.1259785584184516e-15	1.994120090207469e-15	1.887165621340839e-15	1.8004115541523797e-15	1.7300426555594208e-15	1.6729642723819587e-15	1.6266662360150916e-15	1.5891124713129034e-15	1.5586514549507373e-15	1.5339435854421952e-15	1.5139022707206883e-15	1.4976461424605148e-15	1.4844602956394167e-15	1.4737648487527537e-15	1.4650894420339079e-15	1.4580525521746119e-15	1.4523447138568656e-15	1.4477149102201789e-15	1.4439595337499601e-15	1.4409134321137435e-15	1.4384426451628894e-15	1.4364385136907386e-15	1.4348129008647213e-15	1.4334943161826115e-15	1.4324247714939452e-15	1.4315572308220606e-15	1.4308535418361309e-15	1.4302827580043564e-15	1.4298197776406877e-15	1.4294442399936659e-15	1.4291396298300441e-15	1.4288925511349588e-15	1.4286921379877436e-15	1.4285295767051418e-15	1.4283977182369309e-15	1.4282907637680644e-15	1.4282040097008759e-15	1.428133640802283e-15	1.4280765624191054e-15	1.4280302643827386e-15	1.4279927106180363e-15	1.4279622496016742e-15	1.4279375417321657e-15	1.427917500417444e-15	1.427901244289184e-15	1.427888058442363e-15	1.4278773629954762e-15	1.4278686875887574e-15	1.427861650698898e-15	1.4278559428605803e-15	1.4278513130569436e-15	1.4278475576804734e-15	1.4278445115788372e-15	1.4278420407918864e-15	1.427840036660414e-15	1.4278384110475882e-15	1.427837092462906e-15	1.4278360229182174e-15	1.4278351553775455e-15	1.4278344516885595e-15	1.4278338809047279e-15	1.4278334179243641e-15	1.427833042386717e-15	1.4278327377765534e-15	1.4278324906978584e-15	1.4278322902847113e-15	1.4278321277234287e-15	1.4278319958649604e-15	1.4278318889104916e-15	1.4278318021564243e-15	1.4278317317875257e-15	NaN	NaN	NaN	NaN	NaN	NaN	NaN	NaN	NaN	NaN	NaN
3.7413963043317717e-14	3.062116372302422e-14	2.5111314766966926e-14	2.064210640571449e-14	1.701699371467958e-14	1.4076553045894194e-14	1.1691470963334498e-14	9.756857352206275e-15	8.187632606554812e-15	6.914786034918796e-15	5.882340937799872e-15	5.04489288842906e-15	4.36561295639971e-15	3.814628060793982e-15	3.3677072246687354e-15	3.005195955565244e-15	2.7111518886867063e-15	2.4726436804307398e-15	2.2791823193179174e-15	2.12225984475277e-15	1.9949751875891677e-15	1.8917306778772754e-15	1.8079858729401942e-15	1.7400578797372593e-15	1.6849593901766865e-15	1.6402673065641617e-15	1.6040161796538128e-15	1.5746117729659589e-15	1.5507609521403623e-15	1.53141481602908e-15	1.5157225685725653e-15	1.502994102856205e-15	1.4926696518850158e-15	1.4842951713913076e-15	1.4775023720710141e-15	1.471992523114957e-15	1.4675233147537044e-15	1.4638982020626694e-15	1.460957761393884e-15	1.4585726793113245e-15	1.4566380657001962e-15	1.4550688409545448e-15	1.4537959943829088e-15	1.45276354928579e-15	1.451926101236419e-15	1.4512468213043896e-15	1.450695836408784e-15	1.4502489155726586e-15	1.4498864043035552e-15	1.4495923602366767e-15	1.4493538520284206e-15	1.4491603906673079e-15	1.4490034681927428e-15	1.448876183535579e-15	1.4487729390258672e-15	1.44868919422093e-15	1.4486212662277271e-15	1.4485661677381667e-15	1.448521475654554e-15	1.4484852245276438e-15	1.4484558201209559e-15	1.4484319693001303e-15	1.448412623164019e-15	1.4483969309165625e-15	1.4483842024508462e-15	1.448373877999875e-15	1.4483655035193812e-15	1.448358710720061e-15	1.448353200871105e-15	1.4483487316627437e-15	1.4483451065500526e-15	1.4483421661093838e-15	1.4483397810273012e-15	1.4483378464136902e-15	1.4483362771889445e-15	1.448335004342373e-15	1.4483339718972756e-15	1.4483331344492264e-15	1.4483324551692942e-15	1.4483319041843987e-15	1.4483314572635626e-15	1.4483310947522935e-15	1.4483308007082266e-15	1.4483305622000184e-15	1.4483303687386573e-15	1.4483302118161826e-15	1.4483300845315255e-15	1.4483299812870157e-15	1.4483298975422108e-15	NaN	NaN	NaN	NaN	NaN	NaN	NaN	NaN	NaN	NaN	NaN
4.3675331666514086e-14	3.570322690866959e-14	2.9236806953296756e-14	2.39916943626602e-14	1.9737221829431708e-14	1.6286287988982174e-14	1.3487129155978075e-14	1.1216645126251192e-14	9.37498552892411e-15	7.881158649712389e-15	6.6694696121214205e-15	5.686631276401504e-15	4.889420800617056e-15	4.242778805079774e-15	3.718267546016114e-15	3.2928202926932643e-15	2.9477269086483113e-15	2.6678110253479047e-15	2.440762622375216e-15	2.2565966626425076e-15	2.1072139747213347e-15	1.9860450709622384e-15	1.887761237390247e-15	1.8080401898118015e-15	1.7433759902580734e-15	1.6909248643517074e-15	1.6483801390194224e-15	1.6138708006149271e-15	1.5858792122848865e-15	1.5631743719876176e-15	1.5447577760143468e-15	1.5298195072222296e-15	1.5177026168463198e-15	1.5078742334891206e-15	1.4999021287312762e-15	1.4934357087759033e-15	1.4881905961852668e-15	1.4839361236520382e-15	1.4804851898115887e-15	1.4776860309785846e-15	1.4754155469488578e-15	1.4735738873515307e-15	1.4720800604723189e-15	1.470868371434728e-15	1.469885533099008e-15	1.4690883226232237e-15	1.4684416806276863e-15	1.4679171693686227e-15	1.4674917221152997e-15	1.4671466287312549e-15	1.4668667128479544e-15	1.4666396644449817e-15	1.466455498485249e-15	1.4663061157973278e-15	1.4661849468935689e-15	1.466086663059997e-15	1.4660069420124184e-15	1.4659422778128647e-15	1.4658898266869582e-15	1.465847281961626e-15	1.4658127726232216e-15	1.4657847810348915e-15	1.4657620761945942e-15	1.4657436595986208e-15	1.4657287213298289e-15	1.4657166044394529e-15	1.4657067760560957e-15	1.4656988039513378e-15	1.4656923375313824e-15	1.4656870924187918e-15	1.4656828379462587e-15	1.4656793870124182e-15	1.4656765878535852e-15	1.4656743173695554e-15	1.465672475709958e-15	1.4656709818830789e-15	1.4656697701940413e-15	1.4656687873557055e-15	1.4656679901452299e-15	1.4656673435032343e-15	1.4656668189919752e-15	1.4656663935447219e-15	1.4656660484513378e-15	1.4656657685354545e-15	1.4656655414870515e-15	1.4656653573210917e-15	1.4656652079384038e-15	1.4656650867695001e-15	1.4656649884856666e-15	1.465664908764619e-15	NaN	NaN	NaN	NaN	NaN	NaN	NaN	NaN	NaN	NaN
5.0433735254644845e-14	4.118798062424533e-14	3.3688463989611754e-14	2.760537483124035e-14	2.2671193668442808e-14	1.8668927202596007e-14	1.542256547911197e-14	1.2789341397298549e-14	1.0653452160161815e-14	8.920966548768343e-15	7.515694055467579e-15	6.3758342104906345e-15	5.45125874745068e-15	4.701307083987324e-15	4.092998168150179e-15	3.5995800518704255e-15	3.199353405285746e-15	2.8747172329373453e-15	2.6113948247560025e-15	2.3978059010423288e-15	2.2245573399029805e-15	2.084030090572904e-15	1.97004410607521e-15	1.8775865597712142e-15	1.8025913934248788e-15	1.7417605018411643e-15	1.692418690213189e-15	1.652396025554721e-15	1.619932408319881e-15	1.5936001675017466e-15	1.5722412751303792e-15	1.5549164190164446e-15	1.5408636940834368e-15	1.5294650956336674e-15	1.5202193410032678e-15	1.5127198243686343e-15	1.5066367352102627e-15	1.5017025540474653e-15	1.4977002875816185e-15	1.4944539258581345e-15	1.491820701776321e-15	1.4896848125391844e-15	1.4879523269277909e-15	1.48654705443449e-15	1.4854071945895132e-15	1.4844826191264732e-15	1.4837326674630098e-15	1.4831243585471728e-15	1.482630940430893e-15	1.4822307137843082e-15	1.4819060776119598e-15	1.4816427552037784e-15	1.481429166280065e-15	1.4812559177189255e-15	1.4811153904695954e-15	1.4810014044850976e-15	1.4809089469387937e-15	1.4808339517724473e-15	1.4807731208808636e-15	1.4807237790692357e-15	1.4806837564045772e-15	1.4806512927873425e-15	1.4806249605465243e-15	1.480603601654153e-15	1.480586276798039e-15	1.4805722240731059e-15	1.4805608254746562e-15	1.4805515797200258e-15	1.480544080203391e-15	1.4805379971142328e-15	1.48053306293307e-15	1.480529060666604e-15	1.4805258143048806e-15	1.4805231810807989e-15	1.4805210451915617e-15	1.4805193127059503e-15	1.480517907433457e-15	1.480516767573612e-15	1.480515842998149e-15	1.4805150930464855e-15	1.4805144847375697e-15	1.4805139913194534e-15	1.4805135910928069e-15	1.4805132664566345e-15	1.4805130031342263e-15	1.4805127895453025e-15	1.4805126162967414e-15	1.480512475769492e-15	1.4805123617835077e-15	1.4805122693259612e-15	NaN	NaN	NaN	NaN	NaN	NaN	NaN	NaN	NaN	NaN
5.76896705418709e-14	4.707592160391227e-14	3.846678261007269e-14	3.1483644545615717e-14	2.5819405965873638e-14	2.1224967420896448e-14	1.7498276666896903e-14	1.447544289950905e-14	1.2023529234428614e-14	1.0034706466247328e-14	8.421511001998998e-15	7.112998424857098e-15	6.051623531061232e-15	5.190709631677278e-15	4.492395825231576e-15	3.925971967257369e-15	3.46652811275965e-15	3.0938590373597002e-15	2.791575660620914e-15	2.5463842941128697e-15	2.34750201729474e-15	2.1861824708699072e-15	2.0553312131557173e-15	1.9491937237761306e-15	1.863102333837735e-15	1.793270953193165e-15	1.7366285673957444e-15	1.6906841819459725e-15	1.6534172744059775e-15	1.6231889367320988e-15	1.5986698000812945e-15	1.5787815723994815e-15	1.5626496177569982e-15	1.5495644919855793e-15	1.5389507430476207e-15	1.5303416040537811e-15	1.5233584659893241e-15	1.517694227409582e-15	1.5130997888646048e-15	1.5093730981106053e-15	1.5063502643432174e-15	1.503898350678137e-15	1.5019095279099557e-15	1.5002963324457073e-15	1.4989878198685654e-15	1.4979264449747696e-15	1.4970655310753855e-15	1.4963672172689399e-15	1.4958007934109658e-15	1.4953413495564678e-15	1.494968680481068e-15	1.4946663971043292e-15	1.4944212057378213e-15	1.494222323461003e-15	1.4940610039145782e-15	1.493930152656864e-15	1.4938240151674846e-15	1.4937379237775461e-15	1.4936680923969014e-15	1.493611450011104e-15	1.4935655056256542e-15	1.4935282387181144e-15	1.4934980103804403e-15	1.4934734912437894e-15	1.4934536030161079e-15	1.4934374710614653e-15	1.4934243859356937e-15	1.493413772186756e-15	1.4934051630477622e-15	1.4933981799096976e-15	1.4933925156711178e-15	1.493387921232573e-15	1.4933841945418188e-15	1.4933811717080515e-15	1.4933787197943862e-15	1.4933767309716183e-15	1.493375117776154e-15	1.4933738092635768e-15	1.4933727478886832e-15	1.4933718869747836e-15	1.493371188660977e-15	1.4933706222371191e-15	1.4933701627932646e-15	1.4933697901241893e-15	1.4933694878408125e-15	1.493369242649446e-15	1.4933690437671692e-15	1.4933688824476226e-15	1.4933687515963652e-15	1.4933686454588756e-15	NaN	NaN	NaN	NaN	NaN	NaN	NaN	NaN	NaN	NaN
6.544351072447031e-14	5.336742304394848e-14	4.3572136010957686e-14	3.5626876702064423e-14	2.918223191800233e-14	2.395478184016161e-14	1.9714635915611024e-14	1.6275322829160834e-14	1.3485589948002651e-14	1.1222751598427507e-14	9.38729364799385e-15	7.898497115779065e-15	6.690888347726881e-15	5.711359644427802e-15	4.91683371353847e-15	4.2723692351322626e-15	3.749624227348192e-15	3.325609634893137e-15	2.981678326248118e-15	2.7027050381323002e-15	2.476421203174784e-15	2.2928754081314188e-15	2.14399575490994e-15	2.0232348781047213e-15	1.9252820077748135e-15	1.8458294146858807e-15	1.7813829668452597e-15	1.7291084660668524e-15	1.6867070068213472e-15	1.6523138759568452e-15	1.6244165471452634e-15	1.6017881636495118e-15	1.5834335841451753e-15	1.5685456188230272e-15	1.5564695311425056e-15	1.5466742441095148e-15	1.5387289848006216e-15	1.5322843400165595e-15	1.5270568899387187e-15	1.522816744014168e-15	1.519377430927718e-15	1.5165876980465596e-15	1.5143248596969848e-15	1.512489401746551e-15	1.511000605214336e-15	1.509792996446284e-15	1.5088134677429849e-15	1.5080189418120957e-15	1.5073744773336894e-15	1.5068517323259052e-15	1.5064277177334503e-15	1.5060837864248054e-15	1.5058048131366893e-15	1.505578529301732e-15	1.5053949835066884e-15	1.5052461038534669e-15	1.5051253429766618e-15	1.5050273901063317e-15	1.5049479375132431e-15	1.5048834910654023e-15	1.5048312165646238e-15	1.5047888151053784e-15	1.504754421974514e-15	1.5047265246457022e-15	1.5047038962622065e-15	1.5046855416827023e-15	1.5046706537173803e-15	1.5046585776296995e-15	1.5046487823426667e-15	1.5046408370833578e-15	1.5046343924385735e-15	1.504629164988496e-15	1.5046249248425713e-15	1.5046214855294847e-15	1.5046186957966038e-15	1.5046164329582543e-15	1.5046145975003035e-15	1.5046131087037714e-15	1.5046119010950035e-15	1.5046109215663e-15	1.5046101270403692e-15	1.5046094825758907e-15	1.5046089598308832e-15	1.5046085358162905e-15	1.504608191884982e-15	1.5046079129116937e-15	1.5046076866278589e-15	1.5046075030820636e-15	1.5046073542024106e-15	1.5046072334415338e-15	1.5046071354886634e-15	NaN	NaN	NaN	NaN	NaN	NaN	NaN	NaN	NaN
8.244598644927514e-14	6.716218797861469e-14	5.4765027827485714e-14	4.470930901466766e-14	3.6552805459839075e-14	2.993681395507194e-14	2.457037926931259e-14	2.0217498644274064e-14	1.668674296655824e-14	1.3822838180377197e-14	1.1499836711859605e-14	9.615578600775263e-15	8.087198753709217e-15	6.847482738596322e-15	5.841910857314513e-15	5.026260501831656e-15	4.364661351354942e-15	3.828017882779013e-15	3.3927298202751604e-15	3.0396542525035767e-15	2.7532637738854707e-15	2.5209636270337126e-15	2.332537815925278e-15	2.1796998312186737e-15	2.055728229707384e-15	1.955171041579203e-15	1.8736060060309174e-15	1.8074460909832454e-15	1.7537817441256528e-15	1.7102529378752676e-15	1.6749453810981093e-15	1.6463063332362987e-15	1.6230763185511229e-15	1.6042337374402794e-15	1.588949938969619e-15	1.57655277881849e-15	1.566497060005672e-15	1.5583405564508433e-15	1.551724564946076e-15	1.5463581302603169e-15	1.5420052496352783e-15	1.5384744939575624e-15	1.5356105891713815e-15	1.5332875877028638e-15	1.5314033295917795e-15	1.5298749497447134e-15	1.5286352337296006e-15	1.5276296618483188e-15	1.526814011492836e-15	1.5261524123423593e-15	1.5256157688737832e-15	1.5251804808112793e-15	1.5248274052435078e-15	1.5245410147648898e-15	1.524308714618038e-15	1.5241202888069295e-15	1.5239674508222229e-15	1.5238434792207116e-15	1.5237429220325834e-15	1.5236613569970352e-15	1.5235951970819876e-15	1.5235415327351299e-15	1.5234980039288795e-15	1.5234626963721023e-15	1.5234340573242405e-15	1.5234108273095555e-15	1.5233919847284446e-15	1.5233767009299738e-15	1.5233643037698227e-15	1.5233542480510099e-15	1.523346091547455e-15	1.5233394755559502e-15	1.5233341091212647e-15	1.5233297562406395e-15	1.5233262254849618e-15	1.5233233615801756e-15	1.523321038578707e-15	1.523319154320596e-15	1.5233176259407489e-15	1.5233163862247339e-15	1.5233153806528525e-15	1.523314565002497e-15	1.5233139034033467e-15	1.523313366759878e-15	1.5233129314718156e-15	1.5233125783962478e-15	1.523312292005769e-15	1.5233120597056223e-15	1.5233118712798112e-15	1.5233117184418265e-15	1.5233115944702249e-15	NaN	NaN	NaN	NaN	NaN	NaN	NaN	NaN	NaN
1.0144278380765827e-13	8.257389680684288e-14	6.726876081779474e-14	5.485429314764903e-14	4.4784535672552014e-14	3.66166449259259e-14	2.9991416918815614e-14	2.4617490221237197e-14	2.0258532594427536e-14	1.672284767321637e-14	1.3854944625663783e-14	1.152870004407818e-14	9.64181134399664e-15	8.111297745091832e-15	6.869850978077251e-15	5.862875230567551e-15	5.046086155904942e-15	4.383563355193918e-15	3.846170685436075e-15	3.410274922755108e-15	3.0567064306339888e-15	2.7699161258787305e-15	2.5372916677201706e-15	2.3486027977120172e-15	2.195551437821536e-15	2.071406761120078e-15	1.970709186369108e-15	1.889030278902847e-15	1.8227779988317447e-15	1.7690387318559604e-15	1.7254491555878637e-15	1.690092306375752e-15	1.661413275900226e-15	1.6381508300843701e-15	1.6192819430835545e-15	1.6039768070945064e-15	1.5915623394243608e-15	1.5814925819492638e-15	1.5733246912026378e-15	1.5666994631955273e-15	1.5613255364979491e-15	1.5569665788711392e-15	1.5534308939499282e-15	1.5505629909023756e-15	1.54823674632079e-15	1.5463498576207083e-15	1.5448193440218036e-15	1.543577897254789e-15	1.5425709215072793e-15	1.5417541324326166e-15	1.5410916096319057e-15	1.5405542169621477e-15	1.5401183211994667e-15	1.5397647527073457e-15	1.5394779624025906e-15	1.539245337944432e-15	1.5390566490744236e-15	1.5389035977145334e-15	1.5387794530378318e-15	1.5386787554630809e-15	1.5385970765556147e-15	1.5385308242755433e-15	1.5384770850085677e-15	1.5384334954322995e-15	1.5383981385830873e-15	1.538369459552612e-15	1.538346197106796e-15	1.5383273282197953e-15	1.5383120230838063e-15	1.5382996086161363e-15	1.5382895388586611e-15	1.5382813709679146e-15	1.5382747457399073e-15	1.5382693718132096e-15	1.5382650128555828e-15	1.5382614771706616e-15	1.5382586092676142e-15	1.5382562830230327e-15	1.5382543961343324e-15	1.5382528656207337e-15	1.5382516241739666e-15	1.5382506171982189e-15	1.5382498004091444e-15	1.5382491378863437e-15	1.5382486004936738e-15	1.5382481645979113e-15	1.538247811029419e-15	1.5382475242391142e-15	1.538247291614656e-15	1.5382471029257863e-15	1.5382469498744262e-15	1.5382468257297495e-15	NaN	NaN	NaN	NaN	NaN	NaN	NaN	NaN
1.2243493425345616e-13	9.960358098246957e-14	8.108436643572138e-14	6.606286055484504e-14	5.387845400997765e-14	4.399530620656005e-14	3.597878031795659e-14	2.94763290138867e-14	2.420199028544701e-14	1.99238115307815e-14	1.6453648843242876e-14	1.363889289952429e-14	1.1355757572425629e-14	9.503836117750809e-15	8.001685529663169e-15	6.7832448751764296e-15	5.794930094834671e-15	4.993277505974334e-15	4.343032375567344e-15	3.815598502723375e-15	3.38778062725682e-15	3.0407643585029587e-15	2.7592887641311006e-15	2.5309752314212343e-15	2.345783085953752e-15	2.195568027144988e-15	2.0737239616963142e-15	1.9748924836621384e-15	1.8947272247761047e-15	1.8297027117354057e-15	1.7769593244510085e-15	1.7341775369043534e-15	1.699475910028967e-15	1.6713283505917812e-15	1.6484969973207949e-15	1.6299777827740464e-15	1.6149562768931703e-15	1.6027718703483029e-15	1.5928887225448854e-15	1.5848721966562818e-15	1.5783697453522119e-15	1.5730954066237723e-15	1.5688172278691067e-15	1.565347065181568e-15	1.5625323092378493e-15	1.560249173910751e-15	1.5583972524560762e-15	1.5568951018679885e-15	1.5556766612135015e-15	1.5546883464331598e-15	1.5538866938442993e-15	1.5532364487138927e-15	1.5527090148410486e-15	1.552281196965582e-15	1.551934180696828e-15	1.5516527051024563e-15	1.5514243915697463e-15	1.5512391994242787e-15	1.5510889843654702e-15	1.5509671403000213e-15	1.5508683088219875e-15	1.5507881435631013e-15	1.5507231190500607e-15	1.550670375662776e-15	1.5506275938752297e-15	1.5505928922483542e-15	1.550564744688917e-15	1.550541913335646e-15	1.5505233941210993e-15	1.5505083726152182e-15	1.5504961882086733e-15	1.55048630506087e-15	1.5504782885349814e-15	1.5504717860836774e-15	1.5504665117449488e-15	1.5504622335661944e-15	1.5504587634035066e-15	1.550455948647563e-15	1.550453665512236e-15	1.550451813590781e-15	1.5504503114401931e-15	1.5504490929995386e-15	1.5504481046847583e-15	1.5504473030321694e-15	1.5504466527870393e-15	1.5504461253531664e-15	1.5504456975352906e-15	1.5504453505190222e-15	1.5504450690434275e-15	1.550444840729895e-15	1.5504446555377495e-15	NaN	NaN	NaN	NaN	NaN	NaN	NaN	NaN	NaN
1.454231258796526e-13	1.1825192859847848e-13	9.621253277424918e-14	7.833569932923934e-14	6.38352485650996e-14	5.207348588995799e-14	4.253315755971917e-14	3.4794703115206245e-14	2.851780413260032e-14	2.342641784605624e-14	1.9296637457580516e-14	1.5946845260097255e-14	1.322972553197983e-14	1.1025785949556907e-14	9.238102605055912e-15	7.788057528641941e-15	6.611881261127783e-15	5.65784842810391e-15	4.884002983652618e-15	4.256313085392025e-15	3.747174456737614e-15	3.3341964178900427e-15	2.999217198141716e-15	2.727505225329974e-15	2.5071112670876813e-15	2.3283429326375822e-15	2.183338424996185e-15	2.065720798244769e-15	1.970317514942382e-15	1.892932970497252e-15	1.830163980671193e-15	1.779250117805752e-15	1.737952313920995e-15	1.7044543919461622e-15	1.677283194664988e-15	1.6552437988407588e-15	1.6373669653957488e-15	1.6228665146316092e-15	1.6111047519564676e-15	1.6015644236262288e-15	1.5938259691817158e-15	1.58754907019911e-15	1.582457683912566e-15	1.57832790352409e-15	1.5749781113266068e-15	1.5722609915984894e-15	1.5700570520160666e-15	1.5682693686715656e-15	1.5668193235951515e-15	1.5656431473276374e-15	1.5646891144946136e-15	1.5639152690501622e-15	1.5632875791519016e-15	1.5627784405232473e-15	1.5623654624843997e-15	1.5620304832646513e-15	1.5617587712918396e-15	1.5615383773335973e-15	1.5613596089991472e-15	1.561214604491506e-15	1.5610969868647544e-15	1.561001583581452e-15	1.5609241990370069e-15	1.5608614300471808e-15	1.5608105161843154e-15	1.5607692183804306e-15	1.5607357204584558e-15	1.5607085492611747e-15	1.5606865098653505e-15	1.5606686330319055e-15	1.5606541325811413e-15	1.560642370818466e-15	1.5606328304901358e-15	1.5606250920356914e-15	1.5606188151367087e-15	1.5606137237504223e-15	1.5606095939700338e-15	1.5606062441778362e-15	1.5606035270581082e-15	1.5606013231185256e-15	1.5605995354351813e-15	1.5605980853901048e-15	1.5605969092138373e-15	1.5605959551810042e-15	1.5605951813355599e-15	1.5605945536456615e-15	1.560594044507033e-15	1.560593631528994e-15	1.5605932965497742e-15	1.5605930248378016e-15	1.5605928044438433e-15	NaN	NaN	NaN	NaN	NaN	NaN	NaN	NaN	NaN
1.7040783407135316e-13	1.3851941503997516e-13	1.1265373521848387e-13	9.167328485593755e-14	7.465539472302357e-14	6.085165936122547e-14	4.965502402920905e-14	4.0573087910301514e-14	3.320644952099319e-14	2.723114200414633e-14	2.2384385853782455e-14	1.8453032510902792e-14	1.526419060776499e-14	1.2677622625615858e-14	1.0579577589361221e-14	8.877788576069825e-15	7.497415039890012e-15	6.3777515066883845e-15	5.46955789479763e-15	4.732894055866797e-15	4.1353633041821055e-15	3.65068768914572e-15	3.2575523548577532e-15	2.9386681645439733e-15	2.68001136632906e-15	2.470206862703596e-15	2.3000279613744564e-15	2.1619906077564754e-15	2.0500242544363125e-15	1.959204893247237e-15	1.8855385093541538e-15	1.8257854341856846e-15	1.7773178726820457e-15	1.7380043392532493e-15	1.7061159202218714e-15	1.68025024040038e-15	1.6592697900378336e-15	1.6422518999049196e-15	1.6284481645431215e-15	1.6172515292111053e-15	1.6081695930921976e-15	1.6008029547028893e-15	1.5948276471860426e-15	1.5899808910356786e-15	1.5860495376927989e-15	1.5828606957896611e-15	1.580274127807512e-15	1.5781760827712574e-15	1.5764742937579659e-15	1.575093920221786e-15	1.5739742566885846e-15	1.5730660630766939e-15	1.572329399237763e-15	1.5717318684860782e-15	1.5712471928710419e-15	1.570854057536754e-15	1.5705351733464402e-15	1.5702765165482253e-15	1.5700667120445998e-15	1.5698965331432707e-15	1.5697584957896527e-15	1.5696465294363325e-15	1.5695557100751433e-15	1.5694820436912502e-15	1.5694222906160818e-15	1.5693738230545783e-15	1.5693345095211494e-15	1.569302621102118e-15	1.5692767554222965e-15	1.569255774971934e-15	1.569238757081801e-15	1.5692249533464393e-15	1.5692137567111072e-15	1.5692046747749884e-15	1.569197308136599e-15	1.5691913328290821e-15	1.5691864860729319e-15	1.5691825547195889e-15	1.5691793658776858e-15	1.5691767793097037e-15	1.5691746812646674e-15	1.569172979475654e-15	1.5691715991021179e-15	1.5691704794385848e-15	1.5691695712449729e-15	1.5691688345811338e-15	1.5691682370503822e-15	1.5691677523747672e-15	1.5691673592394329e-15	1.5691670403552426e-15	1.5691667816984444e-15	NaN	NaN	NaN	NaN	NaN	NaN	NaN	NaN	NaN
1.9738939805989365e-13	1.6040637953829553e-13	1.3040831299976124e-13	1.0607595636627561e-13	8.633923171508543e-14	7.033016585169825e-14	5.734471895776207e-14	4.681182263050838e-14	3.8268265681961443e-14	3.133832323638756e-14	2.5717233263184492e-14	2.1157793883276708e-14	1.7459492031116895e-14	1.4459685377263472e-14	1.202644971391489e-14	1.0052777248795877e-14	8.451870662457163e-15	7.153325973063556e-15	6.100036340338186e-15	5.245680645483491e-15	4.552686400926099e-15	3.990577403605793e-15	3.5346334656150143e-15	3.164803280399032e-15	2.8648226150136905e-15	2.6214990486788326e-15	2.424131802166931e-15	2.2640411435330593e-15	2.1341866745936994e-15	2.028857711321162e-15	1.9434221418356927e-15	1.874122717379953e-15	1.8179118176479225e-15	1.772317423848845e-15	1.7353344053272469e-15	1.7053363387887124e-15	1.6810039821552267e-15	1.6612672575040366e-15	1.6452581916406494e-15	1.6322727447467132e-15	1.6217398484194594e-15	1.6131962914709125e-15	1.606266349025339e-15	1.6006452590521357e-15	1.5960858196722277e-15	1.592387517820068e-15	1.5893877111662145e-15	1.586954475502866e-15	1.584980803037747e-15	1.5833798964514083e-15	1.5820813517620147e-15	1.5810280621292893e-15	1.5801737064344346e-15	1.5794807121898771e-15	1.578918603192557e-15	1.5784626592545662e-15	1.5780928290693503e-15	1.577792848403965e-15	1.5775495248376302e-15	1.577352157591118e-15	1.5771920669324843e-15	1.5770622124635448e-15	1.5769568835002725e-15	1.5768714479307867e-15	1.5768021485063312e-15	1.576745937606599e-15	1.5767003432127998e-15	1.5766633601942783e-15	1.57663336212774e-15	1.5766090297711065e-15	1.5765892930464554e-15	1.5765732839805918e-15	1.5765602985336978e-15	1.5765497656373708e-15	1.5765412220804222e-15	1.5765342921379764e-15	1.5765286710480031e-15	1.5765241116086233e-15	1.5765204133067714e-15	1.5765174135001174e-15	1.5765149802644541e-15	1.576513006591989e-15	1.5765114056854024e-15	1.5765101071407133e-15	1.5765090538510803e-15	1.5765081994953858e-15	1.5765075065011409e-15	1.5765069443921438e-15	1.5765064884482056e-15	1.5765061186180206e-15	NaN	NaN	NaN	NaN	NaN	NaN	NaN	NaN	NaN	NaN
2.2636806611148483e-13	1.8391307035965028e-13	1.49476514384292e-13	1.2154396212646413e-13	9.888700780749587e-14	8.050925362758712e-14	6.560249061158894e-14	5.3511155542037496e-14	4.370350088171575e-14	3.5748209808990635e-14	2.929542795199731e-14	2.4061377643429704e-14	1.9815878068246236e-14	1.6372222470710422e-14	1.3578967244927612e-14	1.131327181303079e-14	9.475496395039913e-15	7.984820093440113e-15	6.7756865864849684e-15	5.794921120452792e-15	4.999392013180275e-15	4.354113827480944e-15	3.830708796624183e-15	3.4061588391058363e-15	3.061793279352254e-15	2.7824677567739735e-15	2.555898213584291e-15	2.372120671785204e-15	2.2230530416252234e-15	2.1021396909297088e-15	2.0040631443264914e-15	1.9245102335992396e-15	1.8599824150293064e-15	1.8076419119436306e-15	1.765186916191796e-15	1.7307503602164373e-15	1.7028178079586097e-15	1.6801608536396412e-15	1.6617830994597326e-15	1.6468763364437345e-15	1.634785001374183e-15	1.6249773467138614e-15	1.617022055641136e-15	1.6105692737841427e-15	1.605335223475575e-15	1.6010897239003916e-15	1.5976460683028558e-15	1.5948528130770732e-15	1.5925871176451763e-15	1.5907493422271853e-15	1.5892586659255854e-15	1.5880495324186305e-15	1.5870687669525982e-15	1.5862732378453257e-15	1.5856279596596263e-15	1.5851045546287696e-15	1.5846800046712512e-15	1.5843356391114977e-15	1.5840563135889194e-15	1.58382974404573e-15	1.583645966503931e-15	1.5834968988737709e-15	1.5833759855230752e-15	1.5832779089764719e-15	1.5831983560657448e-15	1.583133828247175e-15	1.5830814877440892e-15	1.5830390327483373e-15	1.583004596192362e-15	1.5829766636401041e-15	1.582954006685785e-15	1.582935628931605e-15	1.5829207221685892e-15	1.5829086308335197e-15	1.5828988231788593e-15	1.5828908678877865e-15	1.5828844151059296e-15	1.5828791810556213e-15	1.5828749355560459e-15	1.5828714919004485e-15	1.5828686986452228e-15	1.5828664329497906e-15	1.5828645951743728e-15	1.5828631044980712e-15	1.582861895364564e-15	1.5828609145990982e-15	1.5828601190699908e-15	1.582859473791805e-15	1.5828589503867742e-15	1.5828585258368167e-15	NaN	NaN	NaN	NaN	NaN	NaN	NaN	NaN	NaN	NaN
2.573440245501611e-13	2.0903967382807377e-13	1.6985852569611055e-13	1.3807748846053745e-13	1.122989093242891e-13	9.138910901292624e-14	7.442852531472391e-14	6.067127296892313e-14	4.9512341444290416e-14	4.046098804598983e-14	3.311915624425521e-14	2.716397011539606e-14	2.2333535043187328e-14	1.841542022999102e-14	1.523731650643369e-14	1.2659458592808859e-14	1.0568478561672576e-14	8.87242019185236e-15	7.496694957272283e-15	6.3808018048090084e-15	5.475666464978944e-15	4.741483284805484e-15	4.145964671919569e-15	3.662921164698696e-15	3.271109683379064e-15	2.953299311023332e-15	2.6955135196608486e-15	2.48641551654722e-15	2.316809679565198e-15	2.1792371561071903e-15	2.067647840860863e-15	1.977134306877857e-15	1.90371598886051e-15	1.844164127571919e-15	1.7958597768498315e-15	1.7566786287178681e-15	1.7248975914822954e-15	1.6991190123460468e-15	1.678209212034684e-15	1.6612486283364819e-15	1.6474913759906811e-15	1.6363324444660483e-15	1.6272810910677478e-15	1.6199392592660132e-15	1.6139840731371538e-15	1.609153638064945e-15	1.605235523251749e-15	1.6020574195281917e-15	1.5994795616145665e-15	1.5973885815834304e-15	1.5956925232136103e-15	1.5943167979790303e-15	1.5932009048265667e-15	1.592295769486737e-15	1.5915615863065634e-15	1.5909660676936774e-15	1.5904830241864564e-15	1.590091212705137e-15	1.5897734023327812e-15	1.5895156165414187e-15	1.589306518538305e-15	1.589136912701323e-15	1.588999340177865e-15	1.5888877508626187e-15	1.5887972373286356e-15	1.5887238190106182e-15	1.5886642671493297e-15	1.5886159627986076e-15	1.5885767816504757e-15	1.5885450006132402e-15	1.588519222034104e-15	1.5884983122337926e-15	1.5884813516500942e-15	1.5884675943977485e-15	1.588456435466224e-15	1.5884473841128254e-15	1.5884400422810239e-15	1.5884340870948948e-15	1.5884292566598227e-15	1.5884253385450097e-15	1.588422160441286e-15	1.5884195825833723e-15	1.5884174916033412e-15	1.5884157955449714e-15	1.5884144198197367e-15	1.5884133039265843e-15	1.5884123987912447e-15	1.5884116646080645e-15	1.5884110690894517e-15	1.5884105860459444e-15	NaN	NaN	NaN	NaN	NaN	NaN	NaN	NaN	NaN	NaN
2.903174154215976e-13	2.35786331989241e-13	1.9155448898089202e-13	1.556766774141709e-13	1.2657507831114052e-13	1.029698740533911e-13	8.382296511284232e-14	6.829231695684071e-14	5.569492941536075e-14	4.547679999306048e-14	3.71885601856335e-14	3.0465713344851104e-14	2.5012605001615467e-14	2.058942070078057e-14	1.7001639544108433e-14	1.4091479633805399e-14	1.1730959208030453e-14	9.816268313975598e-15	8.263203498375431e-15	7.003464744227439e-15	5.981651801997406e-15	5.1528278212547095e-15	4.48054313717647e-15	3.935232302852905e-15	3.4929138727694144e-15	3.1341357571022016e-15	2.843119766071898e-15	2.6070677234944033e-15	2.4155986340889172e-15	2.2602921525289006e-15	2.1343182771141013e-15	2.032136982891098e-15	1.9492545848168287e-15	1.8820261164090044e-15	1.8274950329766482e-15	1.783263189968299e-15	1.747385378401578e-15	1.7182837792985473e-15	1.694678575040798e-15	1.6755316661002495e-15	1.6600010179442478e-15	1.647403630402768e-15	1.6371855009804674e-15	1.6288972611730407e-15	1.6221744143322581e-15	1.6167213059890227e-15	1.6122981216881877e-15	1.6087103405315155e-15	1.6058001806212123e-15	1.6034396601954375e-15	1.6015249693013827e-15	1.5999719044857825e-15	1.5987121657316345e-15	1.5976903527894043e-15	1.5968615288086617e-15	1.5961892441245834e-15	1.59564393329026e-15	1.5952016148601764e-15	1.594842836744509e-15	1.5945518207534788e-15	1.5943157687109013e-15	1.5941242996214958e-15	1.5939689931399357e-15	1.593843019264521e-15	1.593740837970298e-15	1.5936579555722238e-15	1.5935907271038161e-15	1.5935361960203834e-15	1.5934919641773753e-15	1.5934560863658085e-15	1.5934269847667055e-15	1.5934033795624476e-15	1.5933842326535071e-15	1.5933687020053514e-15	1.5933561046178097e-15	1.5933458864883874e-15	1.5933375982485801e-15	1.5933308754017393e-15	1.593325422293396e-15	1.593320999109095e-15	1.5933174113279386e-15	1.5933145011680283e-15	1.5933121406476026e-15	1.5933102259567082e-15	1.5933086728918928e-15	1.5933074131531385e-15	1.5933063913401963e-15	1.5933055625162157e-15	1.5933048902315314e-15	NaN	NaN	NaN	NaN	NaN	NaN	NaN	NaN	NaN	NaN	NaN
3.252883487016817e-13	2.641531548190399e-13	2.14564514214524e-13	1.743416389632518e-13	1.4171562474393742e-13	1.1525165872486882e-13	9.378591998183146e-14	7.63743974816774e-14	6.225137477081412e-14	5.0795755626089905e-14	4.150374975201956e-14	3.3966717307682206e-14	2.7853197919418008e-14	2.2894333858966422e-14	1.8872046333839183e-14	1.5609444911907756e-14	1.2963048310000894e-14	1.0816474435697179e-14	9.075322185681774e-15	7.663019914595444e-15	6.517458000123016e-15	5.588257412715977e-15	4.834554168282244e-15	4.223202229455824e-15	3.727315823410666e-15	3.325087070897943e-15	2.9988269287047993e-15	2.7341872685141135e-15	2.5195298810837424e-15	2.3454146560822007e-15	2.204184428973568e-15	2.0896282375263254e-15	1.9967081787856216e-15	1.921337854342248e-15	1.860202660459606e-15	1.8106140198550903e-15	1.770391144603818e-15	1.7377651303845037e-15	1.711301164365435e-15	1.6898354256223977e-15	1.6724239031222438e-15	1.6583008804113803e-15	1.6468452612666562e-15	1.6375532553925859e-15	1.6300162229482484e-15	1.6239027035599842e-15	1.6189438394995328e-15	1.6149215519744056e-15	1.611658950552474e-15	1.6090125539505673e-15	1.6068659800762635e-15	1.6051248278262479e-15	1.6037125255551618e-15	1.6025669636406894e-15	1.6016377630532823e-15	1.6008840598088485e-15	1.600272707870022e-15	1.599776821463977e-15	1.5993745927114642e-15	1.5990483325692712e-15	1.5987836929090804e-15	1.59856903552165e-15	1.5983949202966486e-15	1.5982536900695397e-15	1.5981391338780928e-15	1.598046213819352e-15	1.5979708434949087e-15	1.597909708301026e-15	1.5978601196604213e-15	1.5978198967851702e-15	1.597787270770951e-15	1.5977608068049319e-15	1.5977393410661888e-15	1.5977219295436884e-15	1.5977078065209775e-15	1.597696350901833e-15	1.597687058895959e-15	1.5976795218635147e-15	1.597673408344126e-15	1.5976684494800658e-15	1.5976644271925407e-15	1.5976611645911186e-15	1.597658518194517e-15	1.5976563716206424e-15	1.5976546304683927e-15	1.5976532181661213e-15	1.5976520726042068e-15	1.5976511434036197e-15	1.597650389700375e-15	NaN	NaN	NaN	NaN	NaN	NaN	NaN	NaN	NaN	NaN	NaN
3.6225691220375473e-13	2.9414023013081123e-13	2.3888868921034763e-13	1.9407246092112146e-13	1.5772063643602121e-13	1.282345508407009e-13	1.043174777350327e-13	8.49176023567746e-14	6.918176532399172e-14	5.641794275841941e-14	4.6064812756754575e-14	3.766706981723055e-14	3.0855401609936184e-14	2.5330247517889832e-14	2.0848624688967196e-14	1.7213442240457178e-14	1.426483368092515e-14	1.187312637035836e-14	9.933138832532548e-15	8.359555129254256e-15	7.08317287269702e-15	6.047859872530538e-15	5.208085578578136e-15	4.526918757848698e-15	3.974403348644063e-15	3.5262410657517987e-15	3.162722820900797e-15	2.8678619649475945e-15	2.628691233890915e-15	2.4346924801083336e-15	2.277334109780505e-15	2.149695884124781e-15	2.046164584108133e-15	1.9621871547128923e-15	1.894070472639949e-15	1.8388189317194852e-15	1.794002703430259e-15	1.7576508789451588e-15	1.7281647933498387e-15	1.7042477202441706e-15	1.6848478448659123e-15	1.6691120078331297e-15	1.6563481852675573e-15	1.6459950552658923e-15	1.6375973123263683e-15	1.6307856441190741e-15	1.6252604900270278e-15	1.620778867198105e-15	1.6171436847495949e-15	1.6141950761900631e-15	1.6118033688794961e-15	1.6098633813416704e-15	1.6082897976383922e-15	1.607013415381835e-15	1.6059781023816682e-15	1.6051383280877158e-15	1.6044571612669865e-15	1.603904645857782e-15	1.6034564835748897e-15	1.6030929653300385e-15	1.6027981044740852e-15	1.6025589337430286e-15	1.602364934989246e-15	1.6022075766189182e-15	1.6020799383932625e-15	1.6019764070932459e-15	1.6018924296638506e-15	1.601824312981778e-15	1.6017690614408574e-15	1.601724245212568e-15	1.6016878933880828e-15	1.6016584073024877e-15	1.6016344902293821e-15	1.6016150903540036e-15	1.601599354516971e-15	1.6015865906944053e-15	1.6015762375644036e-15	1.6015678398214643e-15	1.601561028153257e-15	1.6015555029991647e-15	1.6015510213763359e-15	1.6015473861938876e-15	1.601544437585328e-15	1.6015420458780172e-15	1.6015401058904796e-15	1.6015385323067763e-15	1.6015372559245198e-15	1.6015362206115193e-15	1.6015353808372256e-15	NaN	NaN	NaN	NaN	NaN	NaN	NaN	NaN	NaN	NaN	NaN
4.012231751030886e-13	3.25747627099827e-13	2.645270831436345e-13	2.1486921246305157e-13	1.7459018256266358e-13	1.419186195761591e-13	1.154177075477179e-13	9.392200075740421e-14	7.648617025016562e-14	6.234343056532093e-14	5.087181837511058e-14	4.156684004876817e-14	3.401928524844202e-14	2.7897230852822785e-14	2.2931443784764466e-14	1.8903540794725664e-14	1.563638449607522e-14	1.2986293293231129e-14	1.0836722614199764e-14	9.093139563475893e-15	7.67886559499142e-15	6.531704375970388e-15	5.601206543336147e-15	4.846451063303532e-15	4.2342456237416064e-15	3.737666916935774e-15	3.3348766179318943e-15	3.00816098806685e-15	2.7431518677824407e-15	2.5281947998793044e-15	2.3538364948069175e-15	2.21240909795847e-15	2.0976929760563666e-15	2.0046431927929423e-15	1.9291676447896808e-15	1.8679471008334884e-15	1.8182892301529056e-15	1.7780102002525174e-15	1.7453386372660127e-15	1.718837725237572e-15	1.6973420184472584e-15	1.6799061879400195e-15	1.6657634482551748e-15	1.6542918360649646e-15	1.6449868577386222e-15	1.637439302938296e-15	1.6313172485426769e-15	1.6263514614746183e-15	1.6223235584845797e-15	1.619056402185929e-15	1.6164063109830852e-15	1.614256740304054e-15	1.61251315725333e-15	1.6110988832848455e-15	1.6099517220658245e-15	1.6090212242331902e-15	1.6082664687531575e-15	1.6076542633135957e-15	1.6071576846067898e-15	1.6067548943077858e-15	1.6064281786779207e-15	1.6061631695576363e-15	1.6059482124897333e-15	1.6057738541846607e-15	1.6056324267878124e-15	1.6055177106659103e-15	1.605424660882647e-15	1.6053491853346436e-15	1.6052879647906877e-15	1.605238306920007e-15	1.6051980278901064e-15	1.60516535632712e-15	1.6051388554150916e-15	1.6051173597083013e-15	1.605099923877794e-15	1.6050857811381091e-15	1.605074309525919e-15	1.6050650045475926e-15	1.6050574569927922e-15	1.6050513349383967e-15	1.6050463691513286e-15	1.6050423412483386e-15	1.60503907409204e-15	1.605036424000837e-15	1.605034274430158e-15	1.6050325308471071e-15	1.6050311165731387e-15	1.60502996941192e-15	1.6050290389140874e-15	NaN	NaN	NaN	NaN	NaN	NaN	NaN	NaN	NaN	NaN	NaN
4.421871932758364e-13	3.5897540160224044e-13	2.914797518905383e-13	2.367319494651957e-13	1.923243190000178e-13	1.563039208073966e-13	1.2708666529604022e-13	1.0338764855971936e-13	8.416464542548873e-14	6.857227492294749e-14	5.592482248324061e-14	4.566608387844809e-14	3.734490471108849e-14	3.059533973991829e-14	2.512055949738401e-14	2.0679796450866226e-14	1.7077756631604107e-14	1.4156031080468506e-14	1.1786129406836419e-14	9.86382909341336e-15	8.304592043159224e-15	7.039846799188534e-15	6.0139729387092804e-15	5.181855021973325e-15	4.506898524856303e-15	3.959420500602873e-15	3.5153441959510946e-15	3.1551402140248825e-15	2.862967658911322e-15	2.6259774915481133e-15	2.433747460205807e-15	2.277823755180394e-15	2.151349230783325e-15	2.0487618447353997e-15	1.965550053061804e-15	1.8980544033501015e-15	1.843306600924759e-15	1.798898970459581e-15	1.76287857226696e-15	1.733661316755604e-15	1.7099623000192832e-15	1.6907392968850522e-15	1.6751469263825113e-15	1.6624994739428043e-15	1.6522407353380116e-15	1.643919556170652e-15	1.6371699911994817e-15	1.6316952109569476e-15	1.6272544479104299e-15	1.6236524080911679e-15	1.620730682540032e-15	1.6183607808664e-15	1.616438480552977e-15	1.6148792435027227e-15	1.6136144982587522e-15	1.612588624398273e-15	1.611756506481537e-15	1.6110815499844199e-15	1.6105340719601665e-15	1.6100899956555147e-15	1.6097297916735884e-15	1.6094376191184748e-15	1.6092006289511117e-15	1.6090083989197694e-15	1.6088524752147442e-15	1.6087260006903467e-15	1.6086234133042988e-15	1.6085402015126253e-15	1.6084727058629138e-15	1.6084179580604882e-15	1.6083735504300234e-15	1.6083375300318306e-15	1.6083083127763192e-15	1.608284613759583e-15	1.6082653907564486e-15	1.6082497983859461e-15	1.6082371509335064e-15	1.6082268921949016e-15	1.6082185710157343e-15	1.6082118214507632e-15	1.6082063466705207e-15	1.608201905907474e-15	1.6081983038676547e-15	1.6081953821421037e-15	1.6081930122404301e-15	1.6081910899401164e-15	1.6081895307030663e-15	1.6081882659578224e-15	NaN	NaN	NaN	NaN	NaN	NaN	NaN	NaN	NaN	NaN	NaN	NaN
4.851490132618051e-13	3.9382360017785887e-13	3.1974674199086584e-13	2.5966071846736044e-13	2.109230922878909e-13	1.713905010742205e-13	1.3932439751980674e-13	1.133145923035272e-13	9.221723738976843e-14	7.510452237110636e-14	6.122387162095188e-14	4.9964847846077536e-14	4.0832306537682907e-14	3.342462071898363e-14	2.7416018366633063e-14	2.2542255748686115e-14	1.8588996627319074e-14	1.538238627187772e-14	1.2781405750249766e-14	1.0671670258873886e-14	8.960398757007669e-15	7.57233368199222e-15	6.4464313045047885e-15	5.533177173665325e-15	4.792408591795396e-15	4.191548356560338e-15	3.704172094765644e-15	3.308846182628941e-15	2.9881851470848066e-15	2.7280870949220103e-15	2.517113545784422e-15	2.345986395597801e-15	2.207179888096256e-15	2.0945896503475126e-15	2.0032642372635663e-15	1.929187379076573e-15	1.869101355553068e-15	1.8203637293735983e-15	1.780831138159928e-15	1.7487650346055146e-15	1.7227552293892348e-15	1.7016578744754758e-15	1.6845451594568139e-15	1.6706645087066596e-15	1.6594054849317851e-15	1.6502729436233905e-15	1.642865257804691e-15	1.6368566554523405e-15	1.6319828928343938e-15	1.6280296337130265e-15	1.6248230233575854e-15	1.6222220428359571e-15	1.6201123073445816e-15	1.618401035842715e-15	1.6170129707676998e-15	1.6158870683902122e-15	1.6149738142593728e-15	1.614233045677503e-15	1.613632185442268e-15	1.6131448091804733e-15	1.6127494832683364e-15	1.6124288222327922e-15	1.6121687241806297e-15	1.6119577506314921e-15	1.6117866234813054e-15	1.6116478169738038e-15	1.611535226736055e-15	1.6114439013229711e-15	1.611369824464784e-15	1.6113097384412607e-15	1.611261000815081e-15	1.6112214682238674e-15	1.6111894021203131e-15	1.6111633923150966e-15	1.611142294960183e-15	1.6111251822451643e-15	1.6111113015944141e-15	1.6111000425706394e-15	1.6110909100293308e-15	1.6110835023435124e-15	1.61107749374116e-15	1.611072619978542e-15	1.6110686667194208e-15	1.6110654601090651e-15	1.6110628591285435e-15	1.611060749393052e-15	1.6110590381215502e-15	1.6110576500564752e-15	NaN	NaN	NaN	NaN	NaN	NaN	NaN	NaN	NaN	NaN	NaN	NaN
5.301086726365775e-13	4.3029226040226403e-13	3.4932809102019947e-13	2.8365555704512866e-13	2.3038654000186533e-13	1.8717839795221317e-13	1.5213094179459973e-13	1.2370286956440988e-13	1.0064398371858677e-13	8.194021048537972e-14	6.676900336382654e-14	5.4463169527238713e-14	4.448152830380738e-14	3.638511136560093e-14	2.981785796809381e-14	2.4490956263767486e-14	2.0170142058802273e-14	1.666539644304096e-14	1.3822589220021972e-14	1.151670063543966e-14	9.646323312118943e-15	8.129202599963626e-15	6.898619216304842e-15	5.90045509396171e-15	5.090813400141065e-15	4.434088060390352e-15	3.90139788995772e-15	3.469316469461199e-15	3.1188419078850687e-15	2.8345611855831692e-15	2.603972327124938e-15	2.4169345947928664e-15	2.2652225235773344e-15	2.1421641852114563e-15	2.0423477729771427e-15	1.9613836035950782e-15	1.8957110696200073e-15	1.842442052576744e-15	1.7992339105270916e-15	1.7641864543694787e-15	1.7357583821392885e-15	1.7126994962934653e-15	1.6939957230602584e-15	1.6788245159387053e-15	1.6665186821021174e-15	1.6565370408786862e-15	1.6484406239404796e-15	1.6418733705429723e-15	1.636546468838646e-15	1.632225654633681e-15	1.6287209090179195e-15	1.6258781017949006e-15	1.6235722132103184e-15	1.6217018358869975e-15	1.6201847151748421e-15	1.6189541317911837e-15	1.6179559676688402e-15	1.6171463259750196e-15	1.616489600635269e-15	1.6159569104648364e-15	1.6155248290443398e-15	1.6151743544827638e-15	1.6148900737604618e-15	1.6146594849020035e-15	1.6144724471696715e-15	1.6143207350984562e-15	1.61419767676009e-15	1.6140978603478556e-15	1.6140168961784737e-15	1.6139512236444986e-15	1.6138979546274553e-15	1.6138547464854057e-15	1.6138196990292482e-15	1.613791270957018e-15	1.6137682120711722e-15	1.613749508297939e-15	1.6137343370908174e-15	1.613722031256981e-15	1.6137120496157573e-15	1.613703953198819e-15	1.6136973859454216e-15	1.6136920590437172e-15	1.6136877382295125e-15	1.6136842334838968e-15	1.6136813906766734e-15	1.613679084788089e-15	1.6136772144107658e-15	1.6136756972900536e-15	NaN	NaN	NaN	NaN	NaN	NaN	NaN	NaN	NaN	NaN	NaN	NaN
5.770662028268934e-13	4.683814137021965e-13	3.802238304052794e-13	3.0871649662523994e-13	2.5071469356868107e-13	2.0366764286811476e-13	1.6550632954715944e-13	1.3455251176910773e-13	1.0944491583868408e-13	8.907937069250775e-14	7.256024913860488e-14	5.916108034867179e-14	4.8292601436202134e-14	3.947684310651042e-14	3.2326109728506444e-14	2.652592942285057e-14	2.1821224352793925e-14	1.800509302069844e-14	1.490971124289327e-14	1.2398951649850896e-14	1.0362397135233255e-14	8.710484979842964e-15	7.370568100849657e-15	6.283720209602693e-15	5.402144376633521e-15	4.687071038833122e-15	4.107053008267536e-15	3.6365825012618705e-15	3.2549693680523216e-15	2.9454311902718044e-15	2.694355230967568e-15	2.490699779505804e-15	2.3255085639667745e-15	2.191516876067444e-15	2.0828320869427475e-15	1.99467450364583e-15	1.9231671698657905e-15	1.865165366809232e-15	1.818118316108665e-15	1.77995700278771e-15	1.7490031850096585e-15	1.7238955890792347e-15	1.7035300439330584e-15	1.6870109223791556e-15	1.6736117535892225e-15	1.6627432746767529e-15	1.653927516347061e-15	1.6467767829690572e-15	1.640976602663401e-15	1.6362718975933444e-15	1.632455766261249e-15	1.629360384483444e-15	1.6268496248904016e-15	1.624813070375784e-15	1.6231611582203936e-15	1.6218212413414002e-15	1.6207343934501532e-15	1.619852817617184e-15	1.6191377442793836e-15	1.6185577262488181e-15	1.6180872557418124e-15	1.6177056426086029e-15	1.6173961044308224e-15	1.617145028471518e-15	1.6169413730200565e-15	1.6167761818045175e-15	1.6166421901166183e-15	1.6165335053274933e-15	1.6164453477441963e-15	1.6163738404104163e-15	1.6163158386073597e-15	1.6162687915566592e-15	1.6162306302433385e-15	1.6161996764255602e-15	1.6161745688296297e-15	1.6161542032844836e-15	1.6161376841629297e-15	1.6161242849941399e-15	1.6161134165152274e-15	1.6161046007568978e-15	1.6160974500235195e-15	1.6160916498432142e-15	1.616086945138144e-15	1.6160831290068117e-15	1.616080033625034e-15	1.616077522865441e-15	1.6160754863109263e-15	1.6160738343987712e-15	NaN	NaN	NaN	NaN	NaN	NaN	NaN	NaN	NaN	NaN	NaN	NaN
6.260216311097954e-13	5.080910873546995e-13	4.1243398742314886e-13	3.34843564484738e-13	2.719075802653816e-13	2.2085826309896834e-13	1.7945058805452895e-13	1.4586354619466386e-13	1.1862006102710348e-13	9.652203026953368e-14	7.859763622233007e-14	6.405860758742005e-14	5.226555321191041e-14	4.269984321875536e-14	3.4940800924914245e-14	2.8647202502978605e-14	2.3542270786337287e-14	1.9401503281893398e-14	1.6042799095906877e-14	1.3318450579150837e-14	1.1108647503393844e-14	9.31620809867348e-15	7.862305235182478e-15	6.6829997976315185e-15	5.726428798316013e-15	4.950524568931899e-15	4.321164726738336e-15	3.810671555074205e-15	3.3965948046298153e-15	3.0607243860311632e-15	2.7882895343555593e-15	2.56730922677986e-15	2.3880652863078235e-15	2.2426749999587233e-15	2.1247444562036273e-15	2.029087356272076e-15	1.9514969333336655e-15	1.888560949114309e-15	1.837511631947896e-15	1.796103956903457e-15	1.7625169150435915e-15	1.7352734298760312e-15	1.7131753991184614e-15	1.6952510050712577e-15	1.6807119764363476e-15	1.668918922060838e-15	1.659353212067683e-15	1.6515941697738418e-15	1.6453005713519063e-15	1.640195639635265e-15	1.636054872130821e-15	1.6326961679448345e-15	1.6299718194280784e-15	1.6277620163523215e-15	1.625969576947601e-15	1.62451567408411e-15	1.6233363686465592e-15	1.6223797976472436e-15	1.6216038934178594e-15	1.6209745335756658e-15	1.6204640404040019e-15	1.6200499636535574e-15	1.6197140932349587e-15	1.619441658383283e-15	1.6192206780757075e-15	1.6190414341352354e-15	1.6188960438488863e-15	1.6187781133051312e-15	1.6186824562051997e-15	1.6186048657822613e-15	1.6185419297980419e-15	1.6184908804808754e-15	1.6184494728058311e-15	1.618415885763971e-15	1.6183886422788037e-15	1.618366544248046e-15	1.6183486198539988e-15	1.618334080825364e-15	1.6183222877709883e-15	1.6183127220609953e-15	1.6183049630187015e-15	1.6182986694202795e-15	1.6182935644885628e-15	1.6182894237210585e-15	1.6182860650168724e-15	1.6182833406683556e-15	1.61828113086528e-15	1.6182793384258753e-15	NaN	NaN	NaN	NaN	NaN	NaN	NaN	NaN	NaN	NaN	NaN	NaN
