4.611588366105503e-9	5.685381680837757e-9	7.009204267758624e-9	8.64127462767193e-9	1.0653367249473872e-8	1.3133969077782866e-8	1.6192170953766505e-8	1.9962465165278746e-8	2.4610660090907227e-8	3.034117204960653e-8	3.740601503375019e-8	4.61158836722236e-8	5.6853816825352797e-8	7.009204270338705e-8	8.641274631593434e-8	1.0653367255434207e-7	1.313396908684204e-7	1.619217096753561e-7	1.996246518620656e-7	2.4610660122715664e-7	3.034117209795256e-7	3.740601510723186e-7	4.611588378390919e-7	5.685381699510497e-7	7.00920429613953e-7	8.641274670808388e-7	1.065336731503745e-6	1.3133969177433675e-6	1.6192171105226836e-6	1.9962465395484983e-6	2.4610660440800257e-6	3.0341172581412843e-6	3.7406015842048524e-6	4.6115884900765205e-6	5.685381869262677e-6	7.009204554147757e-6	8.641275062957948e-6	1.0653367911069919e-5	1.313397008335005e-5	1.6192172482139215e-5	1.9962467488269422e-5	2.4610663621646618e-5	3.0341177416016645e-5	3.740602319021674e-5	4.611589606932815e-5	5.68538356678506e-5	7.009207134231052e-5	8.641278984455562e-5	0.00010653373871398373	0.0001313397914252076	0.00016192186251275882	0.0001996248841613791	0.00024610695430155364	0.000303412257621394	0.00037406096672057876	0.00046116007755255326	0.000568540054206461	0.0007009232935168504	0.0008641318199627418	0.0010653433475049682	0.0013134069734915214	0.0016192323943930525	0.0019962697697236227	0.0024611013519765185	0.003034170923184108	0.003740683150634802	0.004611712464428126	0.005685570300435564	0.007009490954990458	0.008641710370922866	0.010654029548246678	0.01313497572759979	0.016193700999285854	0.019964790749589498	0.024614194868160577	0.030346544776411653	0.03741418143748343	NaN	NaN	NaN	NaN	NaN	NaN	NaN	NaN	NaN	NaN	NaN	NaN	NaN	NaN	NaN	NaN	NaN	NaN	NaN	NaN	NaN	NaN	NaN
2.844298998595802e-9	3.5065847464437123e-9	4.323081571270762e-9	5.329697019544562e-9	6.570699592852815e-9	8.100665569043566e-9	9.986879134321307e-9	1.2312291378277282e-8	1.5179168281267203e-8	1.871358812375872e-8	2.307098610278677e-8	2.8442989994280372e-8	3.506584747708636e-8	4.3230815731933315e-8	5.3296970224667046e-8	6.570699597294207e-8	8.100665575794086e-8	9.986879144581466e-8	1.2312291393871821e-7	1.5179168304969524e-7	1.8713588159784155e-7	2.307098615754224e-7	2.8442990077503813e-7	3.5065847603578595e-7	4.3230815924190263e-7	5.329697051688053e-7	6.57069964170806e-7	8.100665643299193e-7	9.986879247183222e-7	1.2312291549817373e-6	1.517916854199289e-6	1.8713588520038597e-6	2.3070986705096957e-6	2.844299090973831e-6	3.506584886850103e-6	4.323081784675994e-6	5.329697343901544e-6	6.570700085846592e-6	8.100666318350288e-6	9.986880273200892e-6	1.2312293109273049e-5	1.5179170912226944e-5	1.8713592122583744e-5	2.3070992180645566e-5	2.8442999232085878e-5	3.506586151773041e-5	4.32308370724658e-5	5.3297002660382577e-5	6.570704527235261e-5	8.100673068867447e-5	9.986890533389176e-5	0.0001231230870385149	0.00015179194614608105	0.00018713628148111564	0.00023071046936274568	0.00028443082455829465	0.00035065988010525985	0.00043231029330465095	0.000532972948758163	0.00065707489414522	0.0008100740574657869	0.0009986993136431536	0.0012312464651808676	0.0015179431642490992	0.0018713988411018737	0.0023071594506859946	0.002844391472005241	0.0035067252988676186	0.004323295200451409	0.005330021720640004	0.006571193116647428	0.008101415694447722	0.00998801928282027	0.01231402434868449	0.0151818023285226	0.018717591803148158	0.023077071642623723	0.028452240041854586	0.03507990779163072	NaN	NaN	NaN	NaN	NaN	NaN	NaN	NaN	NaN	NaN	NaN	NaN	NaN	NaN	NaN	NaN	NaN	NaN	NaN	NaN	NaN
1.915110404288704e-9	2.361037617619767e-9	2.9107975286143028e-9	3.5885672423763603e-9	4.424153424105553e-9	5.454303123811321e-9	6.7243198222886965e-9	8.290055768131474e-9	1.0220368223924698e-8	1.2600147641357032e-8	1.5534050937038736e-8	1.9151104049427774e-8	2.3610376186139016e-8	2.9107975301252972e-8	3.588567244672942e-8	4.4241534275961525e-8	5.454303129116718e-8	6.724319830352411e-8	8.290055780387605e-8	1.0220368242552935e-7	1.2600147669670307e-7	1.5534050980072397e-7	1.915110411483512e-7	2.3610376285552357e-7	2.910797545235242e-7	3.588567267638715e-7	4.4241534625020863e-7	5.454303182170633e-7	6.724319910989644e-7	8.29005590294903e-7	1.0220368428835398e-6	1.2600147952803092e-6	1.5534051410409057e-6	1.9151104768908584e-6	2.361037727968588e-6	2.9107976963347015e-6	3.5885674972964577e-6	4.424153811561437e-6	5.454303712709827e-6	6.724320717362069e-6	8.29005712856346e-6	1.0220370291660431e-5	1.2600150784131645e-5	1.5534055713776987e-5	1.9151111309645708e-5	2.361038722102569e-5	2.9107992073301365e-5	3.5885697938755055e-5	4.424157302158026e-5	5.4543090181074545e-5	6.724328781096958e-5	8.290069384727664e-5	0.00010220388919948088	0.00012600179097487185	0.00015534098747587387	0.00019151176717262654	0.00023610486634884228	0.00029108143173707816	0.0003588592759827674	0.0004424192208426832	0.0005454362072651407	0.0006724409419509536	0.0008290191948362945	0.0010220575206559513	0.0012600462238041218	0.001553452909880561	0.0019151830818005832	0.0023611480819516646	0.0029109654264057165	0.003588822435517799	0.004424541301412155	0.0054548926748637415	0.00672521591002019	0.0082914177840684	0.010222438446240125	0.012603294343613194	0.015538833922804123	0.019158374283737463	0.023621427272698097	NaN	NaN	NaN	NaN	NaN	NaN	NaN	NaN	NaN	NaN	NaN	NaN	NaN	NaN	NaN	NaN	NaN	NaN	NaN	NaN	NaN
1.3780912202628317e-9	1.6989752675719826e-9	2.0945761190449944e-9	2.5822913389176027e-9	3.1835694575344935e-9	3.9248532256006096e-9	4.838742502110023e-9	5.965427916938302e-9	7.35445835709661e-9	9.066920006399253e-9	1.1178122767416489e-8	1.3780912208025081e-8	1.6989752683922445e-8	2.0945761202917176e-8	2.5822913408125138e-8	3.1835694604145895e-8	3.9248532299781e-8	4.8387425087634044e-8	5.965427927050851e-8	7.354458372466792e-8	9.066920029760578e-8	1.1178122802923622e-7	1.3780912261992756e-7	1.6989752765948512e-7	2.0945761327589514e-7	2.5822913597616004e-7	3.1835694892155156e-7	3.9248532737529465e-7	4.838742575297281e-7	5.965428028176428e-7	7.354458526168677e-7	9.066920263373775e-7	1.1178123157994913e-6	1.3780912801669562e-6	1.6989753586209265e-6	2.094576257431295e-6	2.582291549252478e-6	3.183569777224808e-6	3.924853711501472e-6	4.83874324063614e-6	5.965429039432378e-6	7.3544600631878754e-6	9.06692259950642e-6	1.1178126708709074e-5	1.3780918198439851e-5	1.698976178882116e-5	2.0945775041555386e-5	2.582293444162796e-5	3.183572657320602e-5	3.924858088992121e-5	4.8387498940347984e-5	5.965439152010696e-5	7.35447543341515e-5	9.066945960899098e-5	0.00011178162215974758	0.0001378097216637528	0.00016989843815375756	0.0002094589971479611	0.0002582312393418927	0.0003183601458565158	0.0003924901864435627	0.00048388164290277396	0.0005965540279679609	0.000735462913922147	0.0009067179581447172	0.0011178517301038743	0.0013781511868978466	0.0016990664124486453	0.002094714652883691	0.002582501901277136	0.0031838894996749057	0.003925339672583575	0.004839481879608473	0.005966551744978377	0.007356166550721895	0.009069516449244494	0.011182069392830835	0.013786911220915327	0.01699887157440515	0.020959622837995205	NaN	NaN	NaN	NaN	NaN	NaN	NaN	NaN	NaN	NaN	NaN	NaN	NaN	NaN	NaN	NaN	NaN	NaN	NaN	NaN
1.041020643152869e-9	1.2834189056176079e-9	1.5822588131513318e-9	1.950682618781077e-9	2.4048927063022146e-9	2.9648641317511997e-9	3.6552230778375325e-9	4.506329853626757e-9	5.555614067169847e-9	6.849220688727796e-9	8.444039394454009e-9	1.0410206436140867e-8	1.2834189063186185e-8	1.582258814216805e-8	1.9506826204005038e-8	2.404892708763599e-8	2.9648641354922833e-8	3.655223083523638e-8	4.506329862269134e-8	5.5556140803054933e-8	6.84922070869282e-8	8.44403942479907e-8	1.0410206482262664e-7	1.2834189133287214e-7	1.5822588248715382e-7	1.9506826365947506e-7	2.404892733377414e-7	2.964864172903093e-7	3.655223140384741e-7	4.5063299486929585e-7	5.555614211662021e-7	6.849220908343065e-7	8.444039728249691e-7	1.0410206943480632e-6	1.2834189834297517e-6	1.5822589314188735e-6	1.950682798537227e-6	2.4048929795155852e-6	2.964864547011241e-6	3.6552237089958844e-6	4.5063308129313745e-6	5.55561552522764e-6	6.849222904846132e-6	8.444042762757086e-6	1.0410211555662525e-5	1.2834196844404788e-5	1.5822599968930113e-5	1.950684417963489e-5	2.4048954409000908e-5	2.964868288097919e-5	3.655229395117032e-5	4.5063394553337496e-5	5.5556286609179635e-5	6.849242869940873e-5	8.444073107951031e-5	0.00010410257677706281	0.00012834266945898644	0.00015822706517133194	0.0001950700612373997	0.00024049200550222574	0.00029649056994839697	0.00036552862573015096	0.00045064258811807644	0.0005555760021237669	0.0006849442527290146	0.000844437657188648	0.0010410718920622457	0.0012834968002958618	0.0015823772078092928	0.0019508625712692058	0.002405166223958593	0.0029652798652782192	0.003655854976464194	0.004507290322015026	0.005557073966170595	0.006851439741177006	0.008447412411323126	0.010415333598751212	0.012841982788248392	0.015834435586489535	0.019524836405985395	NaN	NaN	NaN	NaN	NaN	NaN	NaN	NaN	NaN	NaN	NaN	NaN	NaN	NaN	NaN	NaN	NaN	NaN	NaN
8.154125044662123e-10	1.0052786474443474e-9	1.2393545027520829e-9	1.5279341577605225e-9	1.883708644522473e-9	2.322324060527147e-9	2.863069646053301e-9	3.5297260780912566e-9	4.351611286739945e-9	5.364869786543703e-9	6.614062224429568e-9	8.154125048702909e-9	1.005278648058511e-8	1.2393545036855567e-8	1.5279341591793214e-8	1.8837086466789213e-8	2.3223240638047548e-8	2.863069651034968e-8	3.5297260856629485e-8	4.3516112982482416e-8	5.364869804035301e-8	6.614062251015241e-8	8.154125089110767e-8	1.0052786542001456e-7	1.239354513020297e-7	1.5279341733672957e-7	1.8837086682433803e-7	2.3223240965808154e-7	2.8630697008516646e-7	3.5297261613798985e-7	4.3516114133312747e-7	5.364869978951277e-7	6.614062516871978e-7	8.154125493189371e-7	1.0052787156165018e-6	1.2393546063676985e-6	1.5279343152470476e-6	1.883708883887993e-6	2.322324424341466e-6	2.863070199018729e-6	3.529726918549581e-6	4.351612564161937e-6	5.3648717281116805e-6	6.61406517544051e-6	8.15412953397761e-6	1.0052793297804715e-5	1.2393555398424845e-5	1.527935734046025e-5	1.8837110403368538e-5	2.3223277019530552e-5	2.863075180698912e-5	3.52973449026425e-5	4.3516240725020065e-5	5.364889219778464e-5	6.614091761243379e-5	8.154169942080266e-5	0.000100528547146144	0.0001239364874667687	0.00015279499221807204	0.00018837326050970122	0.0002322360478577808	0.00028631249984542334	0.0003529810209197644	0.00043517391592506595	0.0005365064142719801	0.0006614357631027605	0.000815457404513478	0.0010053468923988174	0.0012394582306543866	0.001528091818021356	0.001883948279857828	0.002322688295718441	0.0028636232713757084	0.0035305675772432077	0.004352890361630777	0.0053668139997102736	0.00661701750494494	0.008158617279684371	0.010059615148216034	0.012403925646357122	0.015295122272906796	NaN	NaN	NaN	NaN	NaN	NaN	NaN	NaN	NaN	NaN	NaN	NaN	NaN	NaN	NaN	NaN	NaN	NaN	NaN
6.555303558352165e-10	8.08168461808198e-10	9.96347853077557e-10	1.2283442020432302e-9	1.5143601444417816e-9	1.8669739664771957e-9	2.3016927672875477e-9	2.8376344234890583e-9	3.4983683469416875e-9	4.31295201022062e-9	5.3172088236664365e-9	6.5553035619433835e-9	8.081684623540319e-9	9.96347853907175e-9	1.2283442033041774e-8	1.51436014635831e-8	1.866973969390148e-8	2.3016927717149706e-8	2.837634430218345e-8	3.498368357169608e-8	4.3129520257661555e-8	5.3172088472942675e-8	6.555303597855587e-8	8.081684678123674e-8	9.963478622033599e-8	1.2283442159136406e-7	1.5143601655235724e-7	1.8669739985196433e-7	2.3016928159892132e-7	2.8376344975112585e-7	3.498368459448853e-7	4.312952181221516e-7	5.317209083572593e-7	6.555303956977636e-7	8.081685223957266e-7	9.963479451652147e-7	1.228344342008285e-6	1.5143603571762247e-6	1.8669742898146457e-6	2.301693258731735e-6	2.837635170440564e-6	3.498369482241631e-6	4.312953735775719e-6	5.317211446357001e-6	6.555307548200298e-6	8.081690682297247e-6	9.963487747845167e-6	1.2283456029561555e-5	1.5143622737054288e-5	1.866977202769672e-5	2.3016976861663308e-5	2.837641899751156e-5	3.498379710202286e-5	4.312969281379409e-5	5.3172350743165745e-5	6.555343460643343e-5	8.081745266102545e-5	9.963570710535259e-5	0.000122835821257725	0.00015143814392642747	0.00018670063328198906	0.0002301741961449105	0.0002837709194612542	0.00034984819930982444	0.0004313124743580115	0.0005317471365462307	0.000655570260671658	0.0008082291144710828	0.000996440041343083	0.0012284843230285529	0.0015145731215373387	0.0018672976833259837	0.0023021848079792357	0.002838382318817259	0.0034995051511054675	0.004314679982214128	0.005319835432485617	0.0065592962330451535	0.008087753989364423	0.00997270504888344	0.012297468532014043	0.015164926164827758	NaN	NaN	NaN	NaN	NaN	NaN	NaN	NaN	NaN	NaN	NaN	NaN	NaN	NaN	NaN	NaN	NaN	NaN
5.388461170929394e-10	6.643146785293706e-10	8.189981854041281e-10	1.0096992425082948e-9	1.2448044189797194e-9	1.534653069237311e-9	1.891992032667712e-9	2.332536208652018e-9	2.8756596596606257e-9	3.545247635451675e-9	4.370746988328132e-9	5.388461174165728e-9	6.643146790212649e-9	8.189981861517637e-9	1.009699243644635e-8	1.2448044207068559e-8	1.5346530718624047e-8	1.8919920366576157e-8	2.332536214716318e-8	2.8756596688778222e-8	3.545247649460999e-8	4.370747009621061e-8	5.388461206529084e-8	6.64314683940207e-8	8.189981936281185e-8	1.0096992550080295e-7	1.244804437978205e-7	1.5346530981133195e-7	1.8919920765566738e-7	2.3325362753593368e-7	2.8756597610498205e-7	3.545247789554243e-7	4.3707472225503364e-7	5.388461530162656e-7	6.643147331296333e-7	8.189982683916746e-7	1.009699368641989e-6	1.244804610691725e-6	1.5346533606225238e-6	1.8919924755473406e-6	2.3325368817897125e-6	2.875660682770138e-6	3.5452491904872916e-6	4.370749351844246e-6	5.388464766500515e-6	6.643152250242953e-6	8.1899901602798e-6	1.0097005049829912e-5	1.2448063378295622e-5	1.5346559857195006e-5	1.8919964654632734e-5	2.3325429461107973e-5	2.8756699000057848e-5	3.5452631998786846e-5	4.370770644897435e-5	5.388497130092919e-5	6.64320144010981e-5	8.190064924661158e-5	0.00010097118685336964	0.00012448236094715398	0.00015346822371832216	0.00018920363655481644	0.00023326035910560064	0.0002875762075612158	0.00035454032998824	0.0004370983586840602	0.0005388820787399886	0.0006643693378846782	0.0008190812643557163	0.0010098255181101973	0.0012449963522557462	0.0015349448012245313	0.0018924354589758962	0.0023332102139944017	0.002876684156781823	0.0035468049091647896	0.004373114148016251	0.00539205950018881	0.006648616776351806	0.008198297348377964	0.01010963422579925	0.012467264206076113	NaN	NaN	NaN	NaN	NaN	NaN	NaN	NaN	NaN	NaN	NaN	NaN	NaN	NaN	NaN	NaN	NaN	NaN
4.5095651563756564e-10	5.559602699433303e-10	6.854138060732565e-10	8.450101760077112e-10	1.041768040319487e-9	1.2843403318130082e-9	1.5833947904858775e-9	1.9520831048159844e-9	2.406619291068515e-9	2.9669927463399793e-9	3.657847333680513e-9	4.5095651593234925e-9	5.5596027039137486e-9	6.854138067542441e-9	8.45010177042753e-9	1.041768041892658e-8	1.284340334204088e-8	1.5833947941201026e-8	1.9520831103396838e-8	2.4066192994640482e-8	2.9669927591004467e-8	3.6578473530752863e-8	4.5095651888018245e-8	5.5596027487181914e-8	6.854138135641216e-8	8.45010187393161e-8	1.0417680576243581e-7	1.2843403581148728e-7	1.583394830462369e-7	1.9520831655766991e-7	2.4066193834193987e-7	2.9669928867051167e-7	3.657847547023044e-7	4.5095654835851753e-7	5.55960319676268e-7	6.85413881662902e-7	8.450102908972543e-7	1.041768214941382e-6	1.2843405972227723e-6	1.583395193885135e-6	1.9520837179470256e-6	2.406620222973249e-6	2.96699416275244e-6	3.6578494865017523e-6	4.509568431420802e-6	5.559607677211558e-6	6.854145626514479e-6	8.450113259395859e-6	1.0417697881142414e-5	1.2843429883066638e-5	1.5833988281219684e-5	1.9520892416674734e-5	2.4066286185439384e-5	2.9670069232860475e-5	3.657868881401944e-5	4.5095979099890384e-5	5.559652482097484e-5	6.854213726113357e-5	8.450216765023602e-5	0.00010417855201041582	0.0001284366899635258	0.0001583435171407866	0.00019521444805913266	0.00024067125774726453	0.0002967134534659273	0.0003658062841716533	0.0004509892716869609	0.0005560100570679035	0.0006854894796536169	0.0008451251960780844	0.0010419428661402105	0.0012846060618990737	0.0015837986960473523	0.0019526970418211147	0.0024075524890661186	0.002968411252395384	0.0036600035767952767	0.004512842907033966	0.005564585432280192	0.006861712952386616	0.00846161788532203	0.01043518944577727	0.012870025924670755	NaN	NaN	NaN	NaN	NaN	NaN	NaN	NaN	NaN	NaN	NaN	NaN	NaN	NaN	NaN	NaN	NaN
3.82872038887943e-10	4.720225447751655e-10	5.819314552823255e-10	7.174322972435264e-10	8.844840684574116e-10	1.0904332999322257e-9	1.3443371384704953e-9	1.6573616579806148e-9	2.043272916279395e-9	2.519042352871103e-9	3.105593151627154e-9	3.828720391584902e-9	4.7202254518637365e-9	5.819314559073251e-9	7.174322981934709e-9	8.844840699012427e-9	1.0904333021267202e-8	1.3443371418059284e-8	1.6573616630501766e-8	2.0432729239846804e-8	2.5190423645824544e-8	3.105593169427366e-8	3.8287204186396425e-8	4.7202254929845337e-8	5.8193146215732076e-8	7.174323076929088e-8	8.84484084339544e-8	1.0904333240716541e-7	1.3443371751602764e-7	1.6573617137458206e-7	2.0432730010375524e-7	2.5190424816959683e-7	3.1055933474294987e-7	3.828720689187059e-7	4.720225904192561e-7	5.819315246572862e-7	7.174324026873008e-7	8.844842287225787e-7	1.0904335435210398e-6	1.3443375087038495e-6	1.6573622207024304e-6	2.043273771566589e-6	2.519043652831714e-6	3.1055951274519346e-6	3.8287233946633295e-6	4.720230016276756e-6	5.819321496576753e-6	7.174333526326092e-6	8.844856725555257e-6	1.0904357380197573e-5	1.3443408441486822e-5	1.6573672902855763e-5	2.0432814768889062e-5	2.5190553642490717e-5	3.105612927788523e-5	3.828750449636324e-5	4.720271137512755e-5	5.8193839973540494e-5	7.174428522240563e-5	8.845001111442582e-5	0.00010904576834927461	0.00013443741995073407	0.00016574179878228615	0.00020433585333085087	0.0002519172484412224	0.0003105790942377952	0.00038290210203974657	0.00047206823892821507	0.0005820009078974873	0.0007175378619766902	0.0008846445229627613	0.0010906771868152121	0.0013447078441528105	0.0016579251338355821	0.00204412941728059	0.0025203442853106274	0.003107572211338969	0.0038317288327774993	0.004724798851729322	0.005826267288781767	0.007184893453563165	0.008860912389729416	0.010928770901766366	NaN	NaN	NaN	NaN	NaN	NaN	NaN	NaN	NaN	NaN	NaN	NaN	NaN	NaN	NaN	NaN	NaN
3.290951678871882e-10	4.057239047038313e-10	5.00195393039939e-10	6.166642594116482e-10	7.602525215740984e-10	9.37274842417781e-10	1.1555162335005048e-9	1.424574420941759e-9	1.7562819301000001e-9	2.1652264512918527e-9	2.6693923709739725e-9	3.2909516813713026e-9	4.05723905083721e-9	5.001953936173374e-9	6.16664260289243e-9	7.602525229079645e-9	9.372748444451387e-9	1.1555162365819048e-8	1.4245744256252136e-8	1.7562819372184356e-8	2.1652264621112454e-8	2.6693923874184852e-8	3.2909517063655006e-8	4.05723908882617e-8	5.0019539939132146e-8	6.166642690651852e-8	7.602525362466165e-8	9.37274864718704e-8	1.155516267395922e-7	1.4245744724597791e-7	1.756282008402812e-7	2.165226570305169e-7	2.669392551863632e-7	3.2909519563075054e-7	4.057239468715801e-7	5.001954571311693e-7	6.166643568246227e-7	7.602526696331634e-7	9.372750674544051e-7	1.1555165755361804e-6	1.42457494080561e-6	1.7562827202468961e-6	2.1652276522450043e-6	2.6693941963162143e-6	3.2909544557296503e-6	4.0572432676160405e-6	5.001960345303806e-6	6.166652344203716e-6	7.6025400350120864e-6	9.37277094816243e-6	1.1555196569478031e-5	1.42457962428084e-5	1.7562898387194666e-5	2.1652384717028385e-5	2.6694106409534723e-5	3.290979450159893e-5	4.057281257009692e-5	5.002018085958116e-5	6.166740105152445e-5	7.602673424390962e-5	9.372973689170061e-5	0.00011555504719679446	0.00014246264607269322	0.0001756361026619042	0.00021653466722284997	0.00026695750984704166	0.00032912294153452043	0.00040576611900777494	0.0005002595565828536	0.0006167617852046366	0.0007604007575665133	0.000937500158175139	0.0011558587125876081	0.0014250949946281255	0.0017570732231449117	0.00216642927254786	0.0026712207888389293	0.003293731157247751	0.004061464437984369	0.005008377706675224	0.006176409083387561	0.0076173748871939985	0.009395328874193441	NaN	NaN	NaN	NaN	NaN	NaN	NaN	NaN	NaN	NaN	NaN	NaN	NaN	NaN	NaN	NaN	NaN
2.5108938790408266e-10	3.095547331929918e-10	3.81633543506386e-10	4.704956697896006e-10	5.800490524460852e-10	7.151115830616497e-10	8.816229835710985e-10	1.086906020798367e-9	1.3399885439512486e-9	1.6520005074976547e-9	2.036663439525511e-9	2.5108938812164557e-9	3.0955473352366803e-9	3.816335440089841e-9	4.7049567055350584e-9	5.800490536071535e-9	7.151115848263696e-9	8.816229862533137e-9	1.0869060248750959e-8	1.339988550147514e-8	1.6520005169154296e-8	2.0366634538396914e-8	2.5108939029727383e-8	3.095547368304294e-8	3.816335490349676e-8	4.7049567819255374e-8	5.800490652178269e-8	7.15111602473561e-8	8.816230130754756e-8	1.0869060656423978e-7	1.3399886121101886e-7	1.652000611093186e-7	2.0366635969815102e-7	2.5108941205355794e-7	3.095547698980476e-7	3.816335992948086e-7	4.7049575458304543e-7	5.800491813245874e-7	7.151117789455238e-7	8.816232812971866e-7	1.0869064733155841e-6	1.339989231737249e-6	1.6520015528713448e-6	2.036665028400805e-6	2.510896296166064e-6	3.095551005746178e-6	3.816341018939453e-6	4.7049651848933e-6	5.800503423947523e-6	7.151135436699406e-6	8.816259635232693e-6	1.0869105500642643e-5	1.3399954280393652e-5	1.652010970711998e-5	2.0366793427044132e-5	2.510918052678281e-5	3.095584073791768e-5	3.8163912795812325e-5	4.705041576886095e-5	5.800619533520535e-5	7.151311913931592e-5	8.816527866817623e-5	0.00010869513192331385	0.0001340057394212451	0.00016521051550247453	0.00020368224968078644	0.0002511135638539085	0.00030959147931090326	0.00038168939588203966	0.0004705805633273146	0.0005801780884961991	0.0007153077165437427	0.0008819211080633759	0.0010873591791991817	0.0013406773712982317	0.001653047589148259	0.002038255145442499	0.0025133135730068036	0.003099225877032678	0.003821928044008599	0.004713459867689942	0.005813420027453011	0.0071707777305073175	0.008846133319752734	NaN	NaN	NaN	NaN	NaN	NaN	NaN	NaN	NaN	NaN	NaN	NaN	NaN	NaN	NaN	NaN
1.9757915372418595e-10	2.435848154567101e-10	3.003027455227115e-10	3.702272606773243e-10	4.5643347120011225e-10	5.627125167739685e-10	6.937382915977073e-10	8.552729908978512e-10	1.0544205182760462e-9	1.2999388981318722e-9	1.6026254323009168e-9	1.9757915391620856e-9	2.4358481574856738e-9	3.003027459663086e-9	3.7022726135155293e-9	4.564334722248796e-9	5.6271251833152376e-9	6.937382939650508e-9	8.552729944960036e-9	1.0544205237449182e-8	1.2999389064440732e-8	1.602625444934723e-8	1.9757915583643466e-8	2.435848186671405e-8	3.003027504022801e-8	3.702272680938352e-8	4.5643348247254925e-8	5.6271253390707036e-8	6.937383176384972e-8	8.552730304775378e-8	1.0544205784336512e-7	1.2999389895660854e-7	1.6026255712727927e-7	1.9757917503869842e-7	2.435848478528747e-7	3.003027947620026e-7	3.702273355166715e-7	4.564335849492707e-7	5.627126896625854e-7	6.937385543730494e-7	8.552733902930426e-7	1.0544211253212903e-6	1.2999398207867908e-6	1.6026268346545856e-6	1.975793670615404e-6	2.435851397106011e-6	3.0030323835994682e-6	3.702280097463869e-6	4.564346097190186e-6	5.627142472224779e-6	6.9374092172745765e-6	8.552769884647379e-6	1.0544265942288766e-5	1.299948133052313e-5	1.602639468582068e-5	1.9758128731048864e-5	2.4358805832633223e-5	3.0030767441146997e-5	3.702347521786061e-5	4.5644485766958815e-5	5.627298232956519e-5	6.93764596160199e-5	8.553129718469094e-5	0.00010544812864250866	0.00013000312615545745	0.0001602765818813378	0.0001976004918530631	0.00024361724833086958	0.0003003520421359505	0.0003703021900101887	0.00045654736249073694	0.0005628856314669883	0.000694001429387825	0.0008556729722677122	0.0010550285206011954	0.0013008631316964348	0.0016040304177346151	0.0019779274280971593	0.002439095336112632	0.0030079644148960764	0.003709779220012447	0.004575749485721089	0.005644484717601038	0.00696378685486603	0.008592897145481476	NaN	NaN	NaN	NaN	NaN	NaN	NaN	NaN	NaN	NaN	NaN	NaN	NaN	NaN	NaN
1.5982290107406106e-10	1.970371424828292e-10	2.429165986672991e-10	2.994789366360451e-10	3.6921163058264103e-10	4.5518135495725597e-10	5.611688493584977e-10	6.918351862759016e-10	8.529267537346222e-10	1.0515279674813122e-9	1.2963728263796128e-9	1.5982290124653445e-9	1.9703714274497352e-9	2.429165990657351e-9	2.9947893724163286e-9	3.692116315030805e-9	4.5518135635624195e-9	5.61168851484831e-9	6.918351895077388e-9	8.52926758646728e-9	1.0515279749472768e-8	1.2963728377272151e-8	1.5982290297126913e-8	1.9703714536641688e-8	2.4291660305009604e-8	2.994789432975071e-8	3.69211640707471e-8	4.551813703460971e-8	5.6116887274816696e-8	6.918352218261194e-8	8.52926807767793e-8	1.0515280496069297e-7	1.296372951203252e-7	1.5982292021861819e-7	1.970371715808546e-7	2.4291664289371204e-7	2.9947900385626303e-7	3.692117327514006e-7	4.5518151024469623e-7	5.611690853816169e-7	6.918355450100922e-7	8.529272989787603e-7	1.0515287962040435e-6	1.2963740859647088e-6	1.598230926923127e-6	1.97037433725615e-6	2.429170413305895e-6	2.994796094451717e-6	3.6921265319322436e-6	4.551829092354179e-6	5.611712117249795e-6	6.9183877686641935e-6	8.529322111195414e-6	1.0515362622334954e-5	1.2963854336885475e-5	1.5982481744973215e-5	1.9704005521158336e-5	2.429210257712529e-5	2.9948566546896496e-5	3.692218578638786e-5	4.551968996156214e-5	5.6119247604490604e-5	6.918710970904845e-5	8.52981335639411e-5	0.000105161092835953	0.00012964989218543598	0.00015984206707157856	0.00019706627390831134	0.0002429608773680836	0.00029954623918064543	0.0003693139298192304	0.00045533685073270545	0.0005614052079117612	0.000692194465496095	0.0008534728922426939	0.0010523581732318021	0.0012976348973178606	0.0016001476830077885	0.0019732884514749695	0.0024336011366735927	0.003001533267032885	0.0037023718125997027	0.004567411096053265	0.005635414307896419	0.006954448526583827	NaN	NaN	NaN	NaN	NaN	NaN	NaN	NaN	NaN	NaN	NaN	NaN	NaN	NaN	NaN
1.3162759712386106e-10	1.6227665393971428e-10	2.000622437046967e-10	2.466460848482769e-10	3.0407682151879413e-10	3.7488011797586704e-10	4.621697311685053e-10	5.697844462011604e-10	7.024568967770013e-10	8.660216949316186e-10	1.067672023097605e-9	1.3162759727962813e-9	1.6227665417646646e-9	2.000622440645388e-9	2.4664608539520523e-9	3.040768223500764e-9	3.7488011923934205e-9	4.62169733088874e-9	5.6978444911994965e-9	7.024569012133022e-9	8.660217016744029e-9	1.0676720333460378e-8	1.316275988372987e-8	1.622766565439872e-8	2.0006224766296006e-8	2.466460908644854e-8	3.040768306628961e-8	3.7488013187408864e-8	4.621697522925659e-8	5.697844783078544e-8	7.024569455763226e-8	8.6602176910225e-8	1.0676721358303729e-7	1.3162761441400688e-7	1.6227668021919926e-7	2.0006228364717876e-7	2.466461455573008e-7	3.040769137911176e-7	3.748802582216042e-7	4.6216994432957345e-7	5.697847701870651e-7	7.024573892068344e-7	8.66022443381302e-7	1.0676731606748047e-6	1.3162777018129038e-6	1.6227691697169971e-6	2.0006264349007737e-6	2.466466924867906e-6	3.040777450758353e-6	3.748815217014428e-6	4.621718647084251e-6	5.697876889956166e-6	7.024618255427682e-6	8.660291862295747e-6	1.0676834092273332e-5	1.3162932787440293e-5	1.622792845346988e-5	2.0006624199026066e-5	2.4665216191509846e-5	3.0408605817300037e-5	3.748941569682638e-5	4.621910693747136e-5	5.6981687872593774e-5	7.025061919842207e-5	8.660966204877249e-5	0.0001067785905574958	0.0001316449068334926	0.00016230296396485503	0.0002001022341132059	0.00024670686954253164	0.0003041692141511274	0.00037502055649772735	0.00046238320385553295	0.0005701089406035694	0.0007029501648265563	0.0008667715411115342	0.0010688119524393785	0.0013180089948758105	0.001625401388992698	0.002004628688785142	0.002472552835449906	0.003050032821914379	0.0037628925551464044	0.004643133711481149	0.005730461109363236	0.007074209537698662	NaN	NaN	NaN	NaN	NaN	NaN	NaN	NaN	NaN	NaN	NaN	NaN	NaN	NaN
1.1051127960119328e-10	1.3624347073244888e-10	1.679673186696815e-10	2.0707796116524797e-10	2.55295389248853e-10	3.147400882543086e-10	3.880262916129174e-10	4.78376948488842e-10	5.897654612539209e-10	7.270904260719495e-10	8.963910612591845e-10	1.105112797437577e-9	1.3624347094913403e-9	1.6796731899902374e-9	2.0707796166581913e-9	2.552953900096765e-9	3.147400894106928e-9	3.8802629337051765e-9	4.783769511602382e-9	5.897654653142056e-9	7.270904322432221e-9	8.963910706389705e-9	1.1051128116940171e-8	1.3624347311598624e-8	1.6796732229244642e-8	2.0707796667152875e-8	2.5529539761791012e-8	3.147401009745314e-8	3.880263109465242e-8	4.7837697787420595e-8	5.89765505917062e-8	7.270904939559549e-8	8.963911644368387e-8	1.1051129542584416e-7	1.3624349478451183e-7	1.6796735522668023e-7	2.0707801672863828e-7	2.55295473700271e-7	3.1474021661296494e-7	3.8802648670667924e-7	4.783772450140481e-7	5.897659119459331e-7	7.270911110838563e-7	8.963921024166027e-7	1.105114379904705e-6	1.3624371147014716e-6	1.679676845697278e-6	2.070785173010658e-6	2.552962345263747e-6	3.1474137300197293e-6	3.8802824431698656e-6	4.78379916428877e-6	5.8976997226539195e-6	7.2709728242049346e-6	8.964014823222115e-6	1.105128636569653e-5	1.3624587836440862e-5	1.679709780712388e-5	2.070835231584479e-5	2.5530384303683282e-5	3.147529373594263e-5	3.880458212958409e-5	4.7840663221824576e-5	5.898105785351086e-5	7.271590015492103e-5	8.964952921761448e-5	0.00011052712234529287	0.0001362675510986086	0.0001680039201914104	0.0002071335950466068	0.0002553799530917855	0.0003148686276904046	0.00038822167870667133	0.00047867395432146933	0.0005902169489803472	0.0007277767696141815	0.0008974344717554983	0.0011066991185668426	0.0013648465826959645	0.0016833405344903413	0.002076356489441442	0.0025614355695939874	0.0031603022579104814	0.0038998905932155488	0.0048136369872912995	0.0059431166522992155	NaN	NaN	NaN	NaN	NaN	NaN	NaN	NaN	NaN	NaN	NaN	NaN	NaN	NaN
9.412658327458787e-11	1.1604365128909175e-10	1.430640371310834e-10	1.763760317181635e-10	2.174446156341943e-10	2.680758854162319e-10	3.3049648129246586e-10	4.074515094101982e-10	5.023252649356991e-10	6.192900651347957e-10	7.63489737751846e-10	9.412658340607796e-10	1.1604365148894503e-9	1.4306403743484257e-9	1.7637603217985062e-9	2.1744461633591754e-9	2.6807588648278885e-9	3.3049648291353687e-9	4.07451511874082e-9	5.0232526868058365e-9	6.192900708266881e-9	7.634897464030167e-9	9.412658472097893e-9	1.1604365348747753e-8	1.4306404047243435e-8	1.7637603679672007e-8	2.174446233531486e-8	2.680758971483562e-8	3.304964991242512e-8	4.074515365129267e-8	5.023253061294372e-8	6.192901277456167e-8	7.634898329147298e-8	9.412659786999052e-8	1.1604367347280677e-7	1.4306407084835927e-7	1.763760829654277e-7	2.1744469352548436e-7	2.6807600380407695e-7	3.304966612314814e-7	4.0745178290153694e-7	5.023256806182815e-7	6.192906969354814e-7	7.634906980329396e-7	9.412672936030848e-7	1.1604387332647788e-6	1.4306437460831782e-6	1.7637654465383415e-6	2.17445395251333e-6	2.6807707036595083e-6	3.3049828231252996e-6	4.074542468040282e-6	5.023294255374302e-6	6.192963888916766e-6	7.63499349322874e-6	9.412804428369408e-6	1.160458719010505e-5	1.4306741227884953e-5	1.7638116167084076e-5	2.1745241275893005e-5	2.6808773645148403e-5	3.305144939977095e-5	4.0747888746798284e-5	5.023668778002342e-5	6.193533142088403e-5	7.635858730067123e-5	9.414119553843354e-5	0.00011606586143369523	0.00014309779608051253	0.00017642734513897406	0.00021752261275492313	0.000268194444006718	0.0003306766983665975	0.0004077254581216965	0.0005027417078142932	0.0006199231434891838	0.0007644521896529011	0.0009427291048803126	0.0011626613617733992	0.0014340234540809744	0.0017689051350208108	0.00218227113675896	0.002692662102644643	0.0033230754167462065	0.004102076769105677	0.0050652100304818945	NaN	NaN	NaN	NaN	NaN	NaN	NaN	NaN	NaN	NaN	NaN	NaN	NaN	NaN
8.112234864725873e-11	1.0001142302954548e-10	1.232987567948489e-10	1.5200847030077632e-10	1.8740314699154702e-10	2.3103935875047115e-10	2.8483612014985846e-10	3.5115928205004023e-10	4.3292557597310195e-10	5.337308848703081e-10	6.580083813202805e-10	8.112234876922008e-10	1.000114232149159e-9	1.2329875707659544e-9	1.5200847072900617e-9	1.8740314764241838e-9	2.310393597397376e-9	2.848361216534548e-9	3.5115928433537307e-9	4.3292557944660475e-9	5.337308901497242e-9	6.580083893445236e-9	8.112234998883373e-9	1.0001142506862018e-8	1.2329875989406111e-8	1.5200847501130353e-8	1.8740315415112956e-8	2.310393696324e-8	2.8483613668942227e-8	3.5115930718870714e-8	4.329256141816411e-8	5.33730942943892e-8	6.580084695869663e-8	8.112236218497198e-8	1.0001144360566666e-7	1.2329878806872505e-7	1.520085178342901e-7	1.8740321923826672e-7	2.3103946855907109e-7	2.8483628704918427e-7	3.511595357222104e-7	4.329259615323097e-7	5.33731470886143e-7	6.580092720124713e-7	8.112248414655605e-7	1.0001162897650938e-6	1.2329906981607188e-6	1.520089460654838e-6	1.8740387011212583e-6	2.3104045783044086e-6	2.8483779065553553e-6	3.511618210736011e-6	4.329294350696504e-6	5.337367503660995e-6	6.580172963751582e-6	8.112370378256705e-6	1.000134827227312e-5	1.2330188736036188e-5	1.5201322851012648e-5	1.8741037909938662e-5	2.3105035101010613e-5	2.8485282759219667e-5	3.511846762236572e-5	4.329641735089575e-5	5.337895509107308e-5	6.580975507675417e-5	8.113590216000806e-5	0.00010003202396522308	0.00012333006988718133	0.00015205606623139837	0.00018747549384864182	0.0002311493294257058	0.0002850032843249493	0.00035141339145724733	0.0004333118647652188	0.0005343181314952613	0.0006589011727019112	0.0008125808800476139	0.001002178151968636	0.001236126053487254	0.0015248577509261814	0.0018812913863334281	0.0023214379773926074	0.0028651663976052705	0.003537170362357544	0.004368197393941696	0.005396620896584344	NaN	NaN	NaN	NaN	NaN	NaN	NaN	NaN	NaN	NaN	NaN	NaN	NaN
7.054917374358057e-11	8.697631882372265e-11	1.0722847107599842e-10	1.3219627094975952e-10	1.6297774161951288e-10	2.009265773765537e-10	2.4771167581528186e-10	3.053905318951992e-10	3.7649972157126073e-10	4.6416645424300363e-10	5.72246099828467e-10	7.054917385699754e-10	8.697631899610637e-10	1.072284713380063e-9	1.3219627134798844e-9	1.629777422247853e-9	2.009265782965139e-9	2.4771167721353888e-9	3.0539053402042567e-9	3.764997248014161e-9	4.641664591525533e-9	5.722461072905463e-9	7.054917499116724e-9	8.697632071994344e-9	1.0722847395808544e-8	1.3219627533027564e-8	1.6297774827750787e-8	2.0092658749611423e-8	2.477116911961135e-8	3.053905552726961e-8	3.764997571029783e-8	4.641665082480567e-8	5.7224618191134826e-8	7.054918633286605e-8	8.697633795831798e-8	1.0722850015888342e-7	1.3219631515316162e-7	1.6297780880475876e-7	2.009266794921635e-7	2.477118310219465e-7	3.053907677955637e-7	3.7650008011890425e-7	4.6416699920366195e-7	5.722469281204386e-7	7.054929975005478e-7	8.697651034243905e-7	1.0722876216756727e-6	1.32196713383341e-6	1.6297841407974088e-6	2.009275994572893e-6	2.477132292889594e-6	3.0539289304050734e-6	3.765033103086453e-6	4.64171908816837e-6	5.72254390318379e-6	7.055043394199919e-6	8.697823422123267e-6	1.0723138232483068e-5	1.3220069581709847e-5	1.629844670768401e-5	2.0093679957190696e-5	2.4772721282734822e-5	3.054141471169339e-5	3.765356152548008e-5	4.642210106615192e-5	5.723290230030976e-5	7.056177786749862e-5	8.699547676832423e-5	0.00010725759094183552	0.00013224053335546602	0.00016304502178584733	0.0002010288470775549	0.00024786713509184947	0.0003056268507060141	0.000376858969881358	0.0004647126010728772	0.0005730764219333896	0.000706754180866467	0.0008716827898358233	0.001075203834648219	0.0013264023324724118	0.0016365305291760604	0.002019539817625156	0.002492751005776968	0.0030777029583302883	0.0038012332605813054	0.004696863811477763	NaN	NaN	NaN	NaN	NaN	NaN	NaN	NaN	NaN	NaN	NaN	NaN	NaN
6.191354817566993e-11	7.632991599904386e-11	9.410308806644524e-11	1.1601468530195468e-10	1.4302832651377984e-10	1.763320060084064e-10	2.1739033869415874e-10	2.6800897028696943e-10	3.304139852228497e-10	4.0734980444431124e-10	5.021998783678418e-10	6.191354828163735e-10	7.632991616010491e-10	9.410308831124366e-10	1.1601468567402667e-9	1.4302832707929614e-9	1.763320068679409e-9	2.173903400005743e-9	2.6800897227260486e-9	3.304139882408392e-9	4.073498090313873e-9	5.021998853397898e-9	6.191354934131145e-9	7.632991777071535e-9	9.410309075922833e-9	1.1601468939474574e-8	1.4302833273445829e-8	1.7633201546328457e-8	2.1739035306473264e-8	2.6800899212896438e-8	3.304140184207405e-8	4.073498549021551e-8	5.021999550592803e-8	6.191355993805451e-8	7.632993387682333e-8	9.41031152390819e-8	1.160147266019491e-7	1.4302838928610418e-7	1.7633210141676768e-7	2.173904837064024e-7	2.6800919069272017e-7	3.304143202200574e-7	4.0735031361040045e-7	5.022006522552497e-7	6.191366590568448e-7	7.633009493827704e-7	9.410336003831741e-7	1.1601509867529568e-6	1.4302895480502357e-6	1.7633296095620808e-6	2.173917901317363e-6	2.6801117634646035e-6	3.304173382435475e-6	4.073549007496754e-6	5.022076243214166e-6	6.191472560193513e-6	7.633170559019839e-6	9.410580810072444e-6	1.1601881954002723e-5	1.4303461024018688e-5	1.7634155681151907e-5	2.1740485524874468e-5	2.6803103450224712e-5	3.3044752151107176e-5	4.0740077782516084e-5	5.0227735563183746e-5	6.192532455990284e-5	7.634781584872562e-5	9.413029573201114e-5	0.00011605604131856844	0.0001430911891996051	0.00017642756148036448	0.0002175355928434003	0.00026822977803195634	0.00033074965775660697	0.0004078601175646985	0.0005029757352547407	0.000620315140655272	0.0007650929324325734	0.0009437587479572648	0.001164295769177804	0.0014365945041985855	0.001772922448301761	0.0021885166928502214	0.0027023354482125046	0.003338016881775974	0.0041251113364017605	NaN	NaN	NaN	NaN	NaN	NaN	NaN	NaN	NaN	NaN	NaN	NaN	NaN
4.8822063634783024e-11	6.019012196796493e-11	7.420519561936978e-11	9.148363347590713e-11	1.1278529925358223e-10	1.3904698845773124e-10	1.7142362637360259e-10	2.113390588748883e-10	2.6054866970668074e-10	3.212165779989945e-10	3.960108109702117e-10	4.882206372851308e-10	6.019012211042629e-10	7.420519583589833e-10	9.148363380501138e-10	1.1278529975379136e-9	1.3904698921800465e-9	1.7142362752915017e-9	2.1133906063121798e-9	2.605486723761458e-9	3.212165820563444e-9	3.960108171370229e-9	4.882206466581353e-9	6.019012353503961e-9	7.4205198001183975e-9	9.148363709605303e-9	1.1278530475588215e-8	1.3904699682073796e-8	1.7142363908462896e-8	2.113390781945186e-8	2.605486990708017e-8	3.212166226298488e-8	3.9601087880514416e-8	4.8822074038820065e-8	6.019013778117691e-8	7.420521965404746e-8	9.148367000648281e-8	1.1278535477681426e-7	1.390470728481167e-7	1.7142375463950248e-7	2.1133925382768545e-7	2.6054896601766153e-7	3.2121702836545785e-7	3.960114954874148e-7	4.882216776908338e-7	6.01902802429208e-7	7.420543618337668e-7	9.14839991120834e-7	1.1278585498857617e-6	1.3904783312647704e-6	1.7142491019680665e-6	2.1134101017540813e-6	2.6055163551634473e-6	3.2122108577792286e-6	3.960176624157574e-6	4.882310509151098e-6	6.019170489745075e-6	7.420760154617205e-6	9.14872902983264e-6	1.1279085735023845e-5	1.390554363673788e-5	1.7143646662675534e-5	2.113585752583565e-5	2.605783335120733e-5	3.2126166554086356e-5	3.9607934226469034e-5	4.883248029565862e-5	6.0205955152873065e-5	7.422926212669082e-5	9.152021518968579e-5	0.00011284090538321908	0.0001391315145340246	0.00017155211668115484	0.00021153438680802282	0.0002608456147015892	0.00032166802779076735	0.0003966971991341403	0.0004892643074711187	0.0006034882969664613	0.0007444656544759395	0.0009185077221971123	0.0011334383942832936	0.001398968999042175	0.001727172573658135	0.002133087239633281	0.002635488963428802	0.0032578891524144863	0.004029834674924264	NaN	NaN	NaN	NaN	NaN	NaN	NaN	NaN	NaN	NaN	NaN	NaN
3.9530454180273004e-11	4.8734991547499294e-11	6.008277543015325e-11	7.407285379189876e-11	9.132047628794143e-11	1.125841514502181e-10	1.3879900405003835e-10	1.7111789961400703e-10	2.109621446496294e-10	2.6008399225349216e-10	3.2064370194705286e-10	3.9530454264476223e-10	4.873499167548072e-10	6.008277562467361e-10	7.407285408755251e-10	9.132047673730877e-10	1.1258415213321651e-9	1.3879900508813493e-9	1.7111790119182157e-9	2.1096214704776725e-9	2.6008399589844874e-9	3.20643707487063e-9	3.953045510650848e-9	4.873499295529488e-9	6.008277756987739e-9	7.407285704408927e-9	9.132048123098186e-9	1.125841589632001e-8	1.3879901546910279e-8	1.711179169699701e-8	2.1096217102915058e-8	2.600840323480204e-8	3.2064376288717304e-8	3.9530463526833035e-8	4.873500575344027e-8	6.008279702192186e-8	7.40728866094699e-8	9.132052616773665e-8	1.125842272630814e-7	1.3879911927886734e-7	1.7111807475161534e-7	2.1096241084328492e-7	2.600843968442985e-7	3.2064431688932703e-7	3.953054773027581e-7	4.873513373526376e-7	6.008299154305916e-7	7.407318226457474e-7	9.132097553771773e-7	1.1258491026645246e-6	1.3880015738505301e-6	1.7111965258407052e-6	2.109648090146137e-6	2.600880418632722e-6	3.2064985701615917e-6	3.953138978443367e-6	4.873641359046939e-6	6.0084936823709326e-6	7.4076138945437314e-6	9.132546948077874e-6	1.1259174075597626e-5	1.388105393010352e-5	1.7113543250913354e-5	2.1098879372704646e-5	2.6012449767304212e-5	3.207052688158211e-5	3.9539812299490924e-5	4.874921584069081e-5	6.0104396560419484e-5	7.410571874121639e-5	9.137043324973414e-5	0.00011266009126327823	0.00013891444394443928	0.0001712933919748253	0.00021122894114473768	0.00026048961864963443	0.0003212604419699724	0.0003962423526563924	0.0004887760924053757	0.0006029968944785349	0.0007440282119385936	0.0009182251814062461	0.0011334818846573467	0.0013996211029844042	0.0017288917381375248	0.002136608284170291	0.0026419800577757585	0.003269197524893784	NaN	NaN	NaN	NaN	NaN	NaN	NaN	NaN	NaN	NaN	NaN	NaN
3.266979684395481e-11	4.027685251974317e-11	4.96551863076611e-11	6.121723454142222e-11	7.547146801061569e-11	9.30447532708089e-11	1.1470992071189033e-10	1.414197517613786e-10	1.7434887989742058e-10	2.1494544817636923e-10	2.649947950477202e-10	3.26697969204157e-10	4.027685263595694e-10	4.965518648429567e-10	6.121723480989116e-10	7.547146841866456e-10	9.30447538910069e-10	1.1470992165453585e-9	1.4141975319411593e-9	1.74348882075054e-9	2.149454514861787e-9	2.6499480007833633e-9	3.2669797685024638e-9	4.027685379809453e-9	4.965518825064152e-9	6.12172374945798e-9	7.547147249915261e-9	9.3044760092986e-9	1.1470993108099283e-8	1.4141976752149282e-8	1.743489038513935e-8	2.1494548458427952e-8	2.6499485038450886e-8	3.2669805331115974e-8	4.027686541947426e-8	4.965520591410684e-8	6.121726434147915e-8	7.547151330405763e-8	9.304482211282291e-8	1.147100253456482e-7	1.4141991079542084e-7	1.7434912161508733e-7	2.1494581556584878e-7	2.649953534472847e-7	3.266988179222611e-7	4.0276981633640413e-7	4.965538254945097e-7	6.121753281176817e-7	7.547192135553461e-7	9.30454423157395e-7	1.1471096800072304e-6	1.4142134355066702e-6	1.7435129928194413e-6	2.1494912543760464e-6	2.650003841800957e-6	3.26706464230127e-6	4.0278143812188294e-6	4.965714897201164e-6	6.122021764417624e-6	7.547600211300063e-6	9.305164479968076e-6	1.1472039540365337e-5	1.414356727000025e-5	1.7437307894284598e-5	2.149822297624523e-5	2.6505070201570656e-5	3.2678294699899515e-5	4.0289769287500936e-5	4.96748201122666e-5	6.124707892636924e-5	7.551683397185711e-5	9.311371515031359e-5	0.00011481475472901208	0.00014157912406034874	0.00017459117520068757	0.00021531383469983325	0.00026555493334060927	0.0003275497488372185	0.00040406394209579664	0.0004985222572071746	0.0006151699389831072	0.0007592759564202698	0.0009373900370274339	0.0011576695610861938	0.0014302980618856509	0.0017680252394111687	0.0021868702972521826	0.0027070481010065856	0.0033542044766684347	NaN	NaN	NaN	NaN	NaN	NaN	NaN	NaN	NaN	NaN	NaN
2.7451704293127297e-11	3.384374413214259e-11	4.172414960721726e-11	5.143948180440888e-11	6.341699742899487e-11	7.818343851745818e-11	9.638819727272892e-11	1.188318747559099e-10	1.4650148937645068e-10	1.8061388356475558e-10	2.2266923754743194e-10	2.745170436313079e-10	3.384374423854165e-10	4.172414976893437e-10	5.143948205020458e-10	6.341699780258246e-10	7.818343908527807e-10	9.638819813576444e-10	1.1883187606764722e-9	1.4650149137017479e-9	1.8061388659503932e-9	2.226692421531935e-9	2.745170506316562e-9	3.384374530253236e-9	4.172415138610567e-9	5.1439484508161184e-9	6.341700153845798e-9	7.818344476347679e-9	9.638820676612178e-9	1.1883188918502332e-8	1.4650151130742075e-8	1.806139168978814e-8	2.2266928821082154e-8	2.745171206351595e-8	3.384375594244317e-8	4.1724167557825486e-8	5.143950908774001e-8	6.341703889723735e-8	7.818350154550917e-8	9.638829306977998e-8	1.1883202035894343e-7	1.4650171068017823e-7	1.806142199268625e-7	2.2266974878814828e-7	2.7451782067215493e-7	3.3843862341919214e-7	4.172432927571298e-7	5.143975488482067e-7	6.341741248745246e-7	7.818406937036957e-7	9.638915611486233e-7	1.1883333211407157e-6	1.4650370443759925e-6	1.806172502725998e-6	2.22674354666212e-6	2.745248212384809e-6	3.3844926373475904e-6	4.1725946523538685e-6	5.144221298482955e-6	6.342114863170818e-6	7.818974807264108e-6	9.639778741579348e-6	1.1884645125834267e-5	1.4652364499687325e-5	1.806475593236585e-5	2.227204239288992e-5	2.7459484654435415e-5	3.385557036997958e-5	4.17421258998218e-5	5.1466806911999374e-5	6.345853430058071e-5	7.824658049873436e-5	9.648418552050698e-5	0.00011897780219534712	0.00014672334954767452	0.00018095121024638017	0.00022318216717283844	0.0002752970694401412	0.00033962379717703624	0.00041904612445783305	0.0005171404578488092	0.0006383482956678272	0.0007881948199742821	0.0009735676153110054	0.001203074588473468	0.0014875074939774348	0.0018404482418138519	0.002279071302352885	0.0028252202044774717	NaN	NaN	NaN	NaN	NaN	NaN	NaN	NaN	NaN	NaN	NaN
2.3390801291728452e-11	2.8837273107503155e-11	3.5551938128114325e-11	4.3830091006847116e-11	5.403578479446812e-11	6.661784110803859e-11	8.212958821541201e-11	1.012531950684679e-10	1.2482967143682392e-10	1.5389585347513852e-10	1.8973000125958437e-10	2.3390801356265077e-10	2.8837273205593076e-10	3.5551938277202286e-10	4.383009123344762e-10	5.403578513888073e-10	6.661784163151514e-10	8.212958901104957e-10	1.0125319627776628e-9	1.2482967327484997e-9	1.5389585626877489e-9	1.8973000550566333e-9	2.339080200163132e-9	2.8837274186492385e-9	3.555193976808203e-9	4.383009349945231e-9	5.4035788583006405e-9	6.661784686627999e-9	8.21295969674269e-9	1.0125320837075275e-8	1.2482969165511477e-8	1.5389588420514412e-8	1.897300479664627e-8	2.3390808455295706e-8	2.8837283995489176e-8	3.555195467688642e-8	4.383011615951198e-8	5.4035823024287334e-8	6.661789921397414e-8	8.212967653128519e-8	1.0125332930077611e-7	1.2482987545805997e-7	1.5389616356939466e-7	1.897304725755027e-7	2.3390872992135387e-7	2.88373820858241e-7	3.5552103765617906e-7	4.383034276139774e-7	5.403616743951169e-7	6.661842269544029e-7	8.213047217834666e-7	1.0125453861689699e-6	1.2483171351728248e-6	1.538989572676849e-6	1.8973471877043312e-6	2.339151838011948e-6	2.88383630258765e-6	3.5553594721708714e-6	4.383260890913054e-6	5.403961183324725e-6	6.662365796262253e-6	8.213842949692137e-6	1.0126663336707317e-5	1.2485009708704401e-5	1.539268998301833e-5	1.8977719117542676e-5	2.3397974219291637e-5	2.8848176098120483e-5	3.556851116342201e-5	4.385528328138476e-5	5.407407993692982e-5	6.667605592602507e-5	8.221808756999048e-5	0.00010138773997648486	0.00012503423102575855	0.0001542068845412864	0.00019020296339807523	0.00023462729146032723	0.00028946675384128204	0.00035718366878944934	0.0004408332393925974	0.0005442119482583289	0.000672046045705232	0.0008302324930734869	0.0010261493060256639	0.001269058900737332	0.001570637899888274	0.0019456817309488554	0.0024130552850517607	0.002996997083220193	NaN	NaN	NaN	NaN	NaN	NaN	NaN	NaN	NaN	NaN
2.0168599073436974e-11	2.4864791608710017e-11	3.065447726460603e-11	3.7792272349380456e-11	4.659207974874298e-11	5.7440893612250024e-11	7.081581841598539e-11	8.730505085860365e-11	1.0763374732362373e-10	1.3269591449622865e-10	1.6359372560659318e-10	2.0168599133286562e-10	2.486479169967607e-10	3.065447740286633e-10	3.7792272559523846e-10	4.659208006814225e-10	5.744089409770853e-10	7.081581915383897e-10	8.730505198007546e-10	1.076337490281612e-9	1.3269591708697427e-9	1.6359372954429625e-9	2.01685997317824e-9	2.486479260933653e-9	3.06544787854694e-9	3.779227466095759e-9	4.659208326213472e-9	5.744089895229318e-9	7.081582653237616e-9	8.730506319479626e-9	1.0763376607354027e-8	1.3269594299443602e-8	1.6359376892133655e-8	2.016860571674283e-8	2.4864801705944973e-8	3.0654492611506816e-8	3.779229567530777e-8	4.6592115202083504e-8	5.744094749818484e-8	7.08159003178327e-8	8.730517534216268e-8	1.0763393652762776e-7	1.3269620206960933e-7	1.6359416269278272e-7	2.0168665566542336e-7	2.4864892672395394e-7	3.065463087256692e-7	3.779250582009509e-7	4.659243460398028e-7	5.744143296161475e-7	7.081663818085492e-7	8.730629683167332e-7	1.076356410981959e-6	1.326987928769842e-6	1.635981005115058e-6	2.016926408407433e-6	2.4865802373508366e-6	3.0656013551767058e-6	3.7794607396512226e-6	4.659562886381905e-6	5.744628804727142e-6	7.082401765685926e-6	8.731751331166917e-6	1.0765268977377981e-5	1.3272470651604159e-5	1.6363748912769367e-5	2.017525121372546e-5	2.4874903047010206e-5	3.0669847207106296e-5	3.7815636022992536e-5	4.6627595567677e-5	5.7494884081988256e-5	7.089789709307628e-5	8.742983682685613e-5	0.00010782347404286906	0.00013298440064617525	0.00016403242097910972	0.00020235318589223526	0.00024966277512545427	0.00030808873547673755	0.0003802721650684803	0.00046949691636635966	0.0005798540502800496	0.0007164525815151011	0.0008856917308145104	0.0010956160040881382	0.001356383514144977	0.001680891790633579	0.0020856268125724986	0.002591835179327268	NaN	NaN	NaN	NaN	NaN	NaN	NaN	NaN	NaN	NaN
1.7569090748821947e-11	2.16599962464263e-11	2.6703455751438585e-11	3.2921268359107166e-11	4.058687836107032e-11	5.003740066107341e-11	6.168844626959396e-11	7.60523998666532e-11	9.376095323569025e-11	1.1559288553427862e-10	1.4250831211066114e-10	1.7569090804609332e-10	2.165999633121816e-10	2.670345588031466e-10	3.2921268554987386e-10	4.0586878658790815e-10	5.003740111358208e-10	6.168844695736674e-10	7.605240091200673e-10	9.376095482453467e-10	1.1559288794918104e-9	1.425083157810981e-9	1.7569091362483107e-9	2.1659997179136707e-9	2.6703457169075476e-9	3.2921270513789272e-9	4.058688163599556e-9	5.0037405638668646e-9	6.168845383509618e-9	7.605241136554425e-9	9.376097071298284e-9	1.1559291209821064e-8	1.4250835248547803e-8	1.756909694122291e-8	2.1660005658325916e-8	2.6703470056690577e-8	3.292129010182095e-8	4.058691140806704e-8	5.003745088957953e-8	6.168852261247485e-8	7.605251590107757e-8	9.376112959776063e-8	1.155931535890616e-7	1.4250871953031717e-7	1.756915272881569e-7	2.1660090450583113e-7	2.67035989335256e-7	3.2921485983419883e-7	4.058720913118436e-7	5.003790340318986e-7	6.168921039469652e-7	7.605356127221582e-7	9.376271847515486e-7	1.155955685530691e-6	1.4251239008270089e-6	1.7569710624229972e-6	2.1660938409669343e-6	2.670488777029789e-6	3.2923444927621376e-6	4.059018660260767e-6	5.004242898948745e-6	6.169608906051708e-6	7.6064016564409186e-6	9.377861021136457e-6	1.1561972374416258e-5	1.4254910600875678e-5	1.7575291527702834e-5	2.1669421653553563e-5	2.6717782983886645e-5	3.294304719931806e-5	4.061998536143266e-5	5.0087729917139375e-5	6.176496018365278e-5	7.616872780894773e-5	9.393782435842605e-5	0.00011586183204715083	0.0001429173084736079	0.00017631296184930325	0.00021754620988857892	0.0002684742339351681	0.00033140361414156483	0.00040920397147552846	0.0005054529135713154	0.0006246222374908458	0.0007723191781624718	0.0009556021328234663	0.0011833987518981124	0.0014670672384364436	0.001821161971356592	0.0022644970757951625	NaN	NaN	NaN	NaN	NaN	NaN	NaN	NaN	NaN	NaN
1.5441583666312517e-11	1.9037106076501285e-11	2.346983415735957e-11	2.8934708519995538e-11	3.567206106143284e-11	4.3978184177656894e-11	5.421836098352081e-11	6.684292957696621e-11	8.24070878149369e-11	1.015953095670103e-10	1.2525144621441473e-10	1.544158371854586e-10	1.903710615589132e-10	2.346983427802537e-10	2.8934708703396845e-10	3.5672061340186507e-10	4.397818460133768e-10	5.42183616274778e-10	6.684293055572363e-10	8.240708930256117e-10	1.0159531182806704e-9	1.252514496510199e-9	1.544158424087929e-9	1.9037106949791705e-9	2.3469835484683386e-9	2.893471053740976e-9	3.567206412772311e-9	4.3978188838145546e-9	5.4218368067049215e-9	6.684294034329992e-9	8.24071041788075e-9	1.0159533443863985e-8	1.2525148401708234e-8	1.544158946421562e-8	1.903711488879924e-8	2.3469847551270355e-8	2.8934728877551687e-8	3.5672092003113124e-8	4.3978231206269214e-8	5.421843246284758e-8	6.68430382192207e-8	8.24072529415662e-8	1.0159556054492156e-7	1.252518276787436e-7	1.544164169777318e-7	1.9037194279238715e-7	2.3469968217822385e-7	2.893491228024982e-7	3.5672370759409507e-7	4.397865489199577e-7	5.421907642924467e-7	6.684401699419302e-7	8.240874059869379e-7	1.0159782166309407e-6	1.2525526439908144e-6	1.5442164052785155e-6	1.9037988220053906e-6	2.3471174951588996e-6	2.893674643511402e-6	3.5675158562006774e-6	4.3982892198300676e-6	5.42255169346564e-6	6.685380632067733e-6	8.242362012465576e-6	1.0162043838164832e-5	1.2528964197813101e-5	1.5447389547269387e-5	1.904593127194408e-5	2.3483249117773216e-5	2.895510078104275e-5	3.570306057212678e-5	4.4025310213358344e-5	5.429000624396313e-5	6.695185751829372e-5	8.257271144613289e-5	0.00010184716062131942	0.00012563445850535162	0.00015499839661372664	0.00019125727859202718	0.00023604677550759904	0.0002913993303662944	0.0003598450007392493	0.00044454034154852096	0.0005494343741999482	0.0006794842371065338	0.0008409383623455267	0.001041712943830003	0.0012918996676512184	0.0016044619154920226	0.0019962077434950844	0.0024891795759192036	NaN	NaN	NaN	NaN	NaN	NaN	NaN	NaN	NaN
1.2200757465300932e-11	1.5041664061296886e-11	1.8544066495997958e-11	2.2861991919000418e-11	2.8185332199677198e-11	3.474819491034679e-11	4.2839198808700415e-11	5.281416658982815e-11	6.511177310429944e-11	8.027283721299787e-11	9.896410568775196e-11	1.2200757511613386e-10	1.5041664131687692e-10	1.854406660298572e-10	2.2861992081612337e-10	2.8185332446832846e-10	3.474819528600139e-10	4.283919937966191e-10	5.281416745763886e-10	6.51117744232946e-10	8.027283921775336e-10	9.8964108734802e-10	1.22007579747379e-9	1.5041664835595784e-9	1.8544067672863456e-9	2.286199370773138e-9	2.8185334918389265e-9	3.4748199042547484e-9	4.28392050892781e-9	5.2814176135748124e-9	6.511178761324967e-9	8.027285926531338e-9	9.896413920531289e-9	1.2200762605985026e-8	1.5041671874680375e-8	1.854407837164757e-8	2.286200996893458e-8	2.8185359633977227e-8	3.474823660805294e-8	4.2839262185523775e-8	5.281426291699768e-8	6.511191951309429e-8	8.027305974146458e-8	9.896444391145353e-8	1.2200808918649635e-7	1.5041742265888637e-7	1.854418536016763e-7	2.2862172582238964e-7	2.8185606792241113e-7	3.474861226757496e-7	4.2839833156351385e-7	5.281513074517832e-7	6.511323854093235e-7	8.027506455805251e-7	9.896749107606287e-7	1.2201272064634149e-6	1.5042446214208345e-6	1.8545255313270917e-6	2.2863798842522173e-6	2.8188078613308066e-6	3.4752369309577034e-6	4.284554370184135e-6	5.282381059583096e-6	6.512643175918265e-6	8.029511823303133e-6	9.899797304594376e-6	1.2205905459139754e-5	1.5049489323001207e-5	1.8555961638922004e-5	2.288007417933918e-5	2.8212820690018863e-5	3.478998446147629e-5	4.290273300217276e-5	5.2910766273624936e-5	6.525865859120768e-5	8.049620742425171e-5	9.930382866393377e-5	0.00012252433688846888	0.00015120284863671572	0.00018663708736611328	0.00023044111079792879	0.00028462651519909444	0.00035170663498961793	0.00043483136454951666	0.0005379633217166423	0.0006661106966011483	0.0008256391863607533	0.0010246964255742226	0.0012737999098175361	0.0015866682528148121	0.0019814243120485583	NaN	NaN	NaN	NaN	NaN	NaN	NaN	NaN	NaN
9.88261354734561e-12	1.2183747890337251e-11	1.5020693862802186e-11	1.8518213455976873e-11	2.2830119084149925e-11	2.8146037881046004e-11	3.4699751040617966e-11	4.2779474946227684e-11	5.274053622735144e-11	6.502099816208786e-11	8.016092563680785e-11	9.882613588925348e-11	1.2183747953534758e-10	1.502069395885677e-10	1.8518213601971334e-10	2.2830119306048514e-10	2.8146038218312125e-10	3.469975155323238e-10	4.277947572535602e-10	5.274053741155728e-10	6.502099996197554e-10	8.016092837247707e-10	9.882614004722751e-10	1.2183748585509842e-9	1.5020694919402724e-9	1.8518215061915807e-9	2.283012152503435e-9	2.8146041590973376e-9	3.4699756679377783e-9	4.277948351664154e-9	5.274054925361909e-9	6.502101796085768e-9	8.016095572917972e-9	9.88261816269871e-9	1.2183754905264344e-8	1.5020704524869052e-8	1.8518229661373163e-8	2.2830143714916367e-8	2.8146075317630347e-8	3.4699807940914996e-8	4.277956142965286e-8	5.2740667674529875e-8	6.502119795022737e-8	8.016122929723307e-8	9.882659742650718e-8	1.2183818103169902e-7	1.5020800580207928e-7	1.8518375657212995e-7	2.2830365616109283e-7	2.8146412588645684e-7	3.470032056461732e-7	4.278034057537514e-7	5.274185191288664e-7	6.502299789873265e-7	8.016396508046788e-7	9.883075561415318e-7	1.2184450118286633e-6	1.5021761201169663e-6	1.85198357422331e-6	2.283258486530977e-6	2.8149785743414938e-6	3.4705447634798216e-6	4.278813359384957e-6	5.275369722210736e-6	6.504100286627892e-6	8.019133318682482e-6	9.887235674411742e-6	1.2190773877645195e-5	1.5031374172886528e-5	1.8534449265702774e-5	2.2854801110088164e-5	2.8183561811907188e-5	3.4756801789208524e-5	4.286622021999851e-5	5.287244361062222e-5	6.522160248086624e-5	8.046604555799329e-5	9.929030242811381e-5	0.00012254374379855494	0.00015128184934256618	0.0001868186301571508	0.00023079364741163791	0.0002852583459215684	0.00035278827721649166	0.00043663053417038634	0.0005408998682144588	0.000670843359384423	0.0008332036072546629	0.0010367267464445988	0.0012928887539379271	0.00161696009491414	0.0020296114573484913	NaN	NaN	NaN	NaN	NaN	NaN	NaN	NaN
8.167449213054334e-12	1.0069213133075547e-11	1.2413796581687645e-11	1.530430864260941e-11	1.886786701367947e-11	2.3261188334460486e-11	2.867748020344417e-11	3.535493797905982e-11	4.3587220033199527e-11	5.37363621335315e-11	6.624869889787086e-11	8.167449250765868e-11	1.0069213190393726e-10	1.2413796668806178e-10	1.530430877502185e-10	1.8867867214934604e-10	2.326118864035039e-10	2.867748066836955e-10	3.5354938685705075e-10	4.3587221107237513e-10	5.373636376597381e-10	6.624870137903805e-10	8.167449627881219e-10	1.0069213763575542e-9	1.2413797539991584e-9	1.5304310099146234e-9	1.8867869227485973e-9	2.3261191699249615e-9	2.8677485317624547e-9	3.5354945752159607e-9	4.358723184762069e-9	5.373638009040236e-9	6.624872619072006e-9	8.167453399036672e-9	1.006921949539726e-8	1.2413806251852355e-8	1.53043233404026e-8	1.8867889353023237e-8	2.3261222288286056e-8	2.867753181025746e-8	3.5355016416860263e-8	4.3587339251743477e-8	5.373654333523339e-8	6.62489743085625e-8	8.167491110782727e-8	1.006927681397337e-7	1.2413893371132577e-7	1.5304455754226606e-7	1.886809061075744e-7	2.3261528183075364e-7	2.8677996744877967e-7	3.53557230794033e-7	4.358841332208416e-7	5.373817583809648e-7	6.625145558920956e-7	8.167868247398156e-7	1.0069850035627649e-6	1.2414764631193187e-6	1.5305780018499208e-6	1.8870103424267269e-6	2.3264587573517587e-6	2.8682646920370488e-6	3.536279125883931e-6	4.359915693758097e-6	5.375450632383859e-6	6.627627862220333e-6	8.171641530022334e-6	1.007558584376154e-5	1.2423483962886252e-5	1.531903527659744e-5	1.8890255204149717e-5	2.329522579753851e-5	2.8729231753546843e-5	3.543362879930215e-5	4.3706885100248896e-5	5.3918358738791495e-5	6.652553587356944e-5	8.209566990545407e-5	0.0001013330536803203	0.00012511355673131827	0.0001545286162780945	0.00019094165812288385	0.00023606105649095376	0.0002920354015686241	0.0003615793219670308	0.0004481418866890917	0.0005561354952692622	0.0006912525502273358	0.0008609125703192077	0.001074908291361469	0.0013463643609111702	0.0016932036112788894	NaN	NaN	NaN	NaN	NaN	NaN	NaN	NaN
6.8629260751696636e-12	8.460936035905005e-12	1.0431037406165492e-11	1.285987045773084e-11	1.5854249367323654e-11	1.9545859644677577e-11	2.4097049341456708e-11	2.970796872435266e-11	3.662537239787984e-11	4.515347097291026e-11	5.5667309511067264e-11	6.862926109661415e-11	8.460936088329397e-11	1.043103748584591e-10	1.2859870578838e-10	1.585424955139576e-10	1.954585992445081e-10	2.4097049766687096e-10	2.9707969370665023e-10	3.6625373380217195e-10	4.515347246597579e-10	5.566731178039413e-10	6.862926454578917e-10	8.460936612573345e-10	1.0431038282650107e-9	1.2859871789909564e-9	1.5854251392116903e-9	1.9545862722183368e-9	2.409705401899199e-9	2.970797583379069e-9	3.662538320359413e-9	4.515348739663638e-9	5.566733447367278e-9	6.862929903755895e-9	8.460941855016405e-9	1.0431046250698827e-8	1.2859883900637738e-8	1.5854269799351812e-8	1.9545890699552967e-8	2.4097096542123438e-8	2.9708040465201953e-8	3.6625481437653225e-8	4.5153636703785447e-8	5.566756140747698e-8	6.862964395716321e-8	8.460994279804317e-8	1.043112593185549e-7	1.2860005009174142e-7	1.5854453874051883e-7	1.954617047765413e-7	2.409752178169243e-7	2.9708686794781704e-7	3.662646380722712e-7	4.5155129829585806e-7	5.566983084728621e-7	6.863309334390136e-7	8.461518563416771e-7	1.0431922810381195e-6	1.286121622000994e-6	1.5856294856170083e-6	1.9548968699247843e-6	2.410177500298654e-6	2.971515163768945e-6	3.663629040214933e-6	4.517006652054795e-6	5.569253542671815e-6	6.8667606291488545e-6	8.466764975339897e-6	1.0439898297225079e-5	1.287334088867547e-5	1.5874728219448024e-5	1.957699504350466e-5	2.4144389938393584e-5	2.97799551522943e-5	3.673484713539787e-5	4.531997872747044e-5	5.592060398300632e-5	6.901465449187954e-5	8.519589150771014e-5	0.00010520329055292267	0.00012995856874671374	0.00016061446797956824	0.00019861742563015883	0.00024578976813910517	0.0003044388263859935	0.0003775038517174419	0.00046875708312455686	0.0005830841332675298	0.0007268834591672951	0.0009086495941078369	0.0011398488024394011	0.001436276576365287	0.0018202415157654833	NaN	NaN	NaN	NaN	NaN	NaN	NaN
5.84770032466951e-12	7.2093182795164765e-12	8.887984536042189e-12	1.0957522757812108e-11	1.3508946207888989e-11	1.6654460291102204e-11	2.0532397075272428e-11	2.5313298799672607e-11	3.1207417908687646e-11	3.847396344399235e-11	4.743250042920513e-11	5.847700356440229e-11	7.209318327805143e-11	8.88798460943667e-11	1.0957522869365205e-10	1.3508946377439778e-10	1.665446054880432e-10	2.0532397466956683e-10	2.5313299394997857e-10	3.12074188135291e-10	3.8473964819270993e-10	4.743250251950641e-10	5.847700674147437e-10	7.20931881069186e-10	8.887985343381554e-10	1.0957523984896195e-9	1.3508948072947734e-9	1.665446312582576e-9	2.0532401383800284e-9	2.5313305348252194e-9	3.1207427861946945e-9	3.8473978572062675e-9	4.743252342252907e-9	5.847703851221415e-9	7.2093236395625565e-9	8.887992682837045e-9	1.0957535140218547e-8	1.3508965028050733e-8	1.6654488896083922e-8	2.0532440552318546e-8	2.5313364880949523e-8	3.120751834641397e-8	3.8474116100520386e-8	4.7432732453768824e-8	5.847735622151064e-8	7.209371928625309e-8	8.888066078058617e-8	1.0957646694691409e-7	1.3509134581421646e-7	1.6654746603052025e-7	2.053283224572041e-7	2.5313960223324274e-7	3.1208423219944066e-7	3.847549143917644e-7	4.743482286750124e-7	5.848053350436046e-7	7.209854854834373e-7	8.888800096948917e-7	1.0958762364359034e-6	1.3510830349250404e-6	1.6657324111446471e-6	2.0536750001844396e-6	2.531991518763167e-6	3.1217474842167667e-6	3.848925023575354e-6	4.745573714325016e-6	5.851232533282139e-6	7.2146876777269785e-6	8.896146959429224e-6	1.0969931569069248e-5	1.352781147217116e-5	1.6683143142212702e-5	2.057600994806932e-5	2.5379619289902998e-5	3.1308280688803464e-5	3.862738135832954e-5	4.7665898726983816e-5	5.883215514150566e-5	7.263374654112432e-5	8.970289115651026e-5	0.00011082888715808697	0.00013700000288775636	0.00016945804933512197	0.00020977026135124237	0.00025992520272039585	0.0003224626474610335	0.00040065252523246514	0.0004987463753133252	0.0006223387399298563	0.0007789000874665016	0.0009785861123992145	0.0012355089604834584	0.0015698138660537795	NaN	NaN	NaN	NaN	NaN	NaN	NaN
5.042149769968015e-12	6.216197904622691e-12	7.66361931986798e-12	9.448068092993816e-12	1.1648019945771274e-11	1.4360223416111762e-11	1.7703954623830036e-11	2.1826262744796352e-11	2.6908436876724326e-11	3.3173978693697064e-11	4.0898431507494765e-11	5.04214979940936e-11	6.216197949370918e-11	7.663619387881303e-11	9.448068196368032e-11	1.1648020102890883e-10	1.4360223654919594e-10	1.7703954986796685e-10	2.1826263296473387e-10	2.6908437715224373e-10	3.3173979968142635e-10	4.089843344453873e-10	5.042150093822823e-10	6.216198396853211e-10	7.663620068014616e-10	9.448069230110221e-10	1.1648021674087141e-9	1.436022604299829e-9	1.7703958616464124e-9	2.182626881324549e-9	2.690844610022805e-9	3.317399271260376e-9	4.089845281498857e-9	5.042153037959358e-9	6.216202871679706e-9	7.663626869354393e-9	9.448079567544527e-9	1.1648037386073008e-8	1.4360249923828916e-8	1.7703994913220448e-8	2.182632398111989e-8	2.6908529950552078e-8	3.317412015775356e-8	4.0898646520496e-8	5.0421824795138054e-8	6.216247620298969e-8	7.663694883416095e-8	9.448182943131804e-8	1.1648194508263067e-7	1.4360488736503735e-7	1.7704357888969541e-7	2.1826875675202785e-7	2.6909368482535013e-7	3.3175394663110753e-7	4.0900583676493647e-7	5.042476913969652e-7	6.21669514192868e-7	7.66437509043713e-7	9.449216823436721e-7	1.1649765963334126e-6	1.4362877300187767e-6	1.77079884652375e-6	2.1832394150360942e-6	2.691775667762578e-6	3.318814510487983e-6	4.091996533408226e-6	5.0454231508938336e-6	6.221173904768648e-6	7.671183807596363e-6	9.459568084832488e-6	1.1665503866056977e-5	1.4386806711415097e-5	1.774437629238204e-5	2.18877327665413e-5	2.7001927152652075e-5	3.331619064982695e-5	4.1114797007814245e-5	5.075075991221052e-5	6.266319044167764e-5	7.739942287238538e-5	9.564341850128723e-5	0.00011825253590877225	0.0001463056058708895	0.00018116652119795897	0.00022456949547359698	0.00027873518082672735	0.00034653169238183385	0.0004317025655459076	0.0005391971660664025	0.0006756626587103932	0.0008501994437336435	0.0010755630852367338	0.0013701574374896358	NaN	NaN	NaN	NaN	NaN	NaN	NaN
4.392272688703072e-12	5.41499906388277e-12	6.675863941319259e-12	8.230317095035098e-12	1.014671959825974e-11	1.250935017741572e-11	1.5422111585861416e-11	1.9013099994725305e-11	2.3440238351574308e-11	2.8898221448396514e-11	3.5627078126196345e-11	4.392272716128176e-11	5.4149991055664916e-11	6.675864004674807e-11	8.230317191329908e-11	1.0146719744619285e-10	1.2509350399869208e-10	1.54221119239709e-10	1.9013100508621678e-10	2.344023913265111e-10	2.889822263556385e-10	3.5627079930585164e-10	4.392272990379236e-10	5.414999522403724e-10	6.675864638230352e-10	8.230318154278028e-10	1.014672120821485e-9	1.250935262440443e-9	1.5422115305066812e-9	1.901310564758714e-9	2.3440246943422275e-9	2.8898234507242633e-9	3.5627097974483434e-9	4.392275732891729e-9	5.415003690779597e-9	6.67587097379243e-9	8.230327783771638e-9	1.0146735844193785e-8	1.250937486980016e-8	1.542214911610743e-8	1.901315703739459e-8	2.3440325051420245e-8	2.8898353224566955e-8	3.562727841447139e-8	4.392303158205008e-8	5.415045374891278e-8	6.67593433007455e-8	8.230424079947089e-8	1.0146882206305456e-7	1.250959732810902e-7	1.5422487234667767e-7	1.901367095074829e-7	2.344110616003073e-7	2.889954045146003e-7	3.5629082914881883e-7	4.392577430175745e-7	5.41546225130756e-7	6.676567959042031e-7	8.23138716565103e-7	1.0148346059688486e-6	1.2511822346440365e-6	1.5425869235878232e-6	1.9018811612680587e-6	2.3448920110291453e-6	2.8911418087809773e-6	3.5647137977737294e-6	4.395322034983606e-6	5.41963454843843e-6	6.682910870318821e-6	8.241030433749221e-6	1.0163007857402633e-5	1.2534116140115397e-5	1.5459771007665006e-5	1.9070371531446547e-5	2.352734709180291e-5	2.9030733651966653e-5	3.582870016812784e-5	4.4229579087600435e-5	5.461713861368603e-5	6.747009192925521e-5	8.338720551165112e-5	0.00010311990077417769	0.00012761502931146003	0.00015807168626016293	0.00019601774827486377	0.00024341468991479956	0.0003028038570728249	0.00037751504120269667	0.00047197129358502246	0.0005921470727885253	0.0007462793951271579	0.0009460135879321715	0.0012083315211249368	0.0015589696884397894	NaN	NaN	NaN	NaN	NaN	NaN
3.8603959179786705e-12	4.75927652125402e-12	5.867458542575327e-12	7.2336771349164555e-12	8.918015272832479e-12	1.0994546055774449e-11	1.3554590263146733e-11	1.6710732420485153e-11	2.0601771993622167e-11	2.5398827452378685e-11	3.131286164574999e-11	3.860395943641884e-11	4.759276560259822e-11	5.867458601860676e-11	7.233677225024925e-11	8.918015409789341e-11	1.0994546263936698e-10	1.355459057953481e-10	1.671073290136691e-10	2.0601772724519677e-10	2.5398828563277976e-10	3.1312863334218137e-10	3.8603962002740336e-10	4.759276950317878e-10	5.867459194714256e-10	7.233678126109676e-10	8.918016779358084e-10	1.0994548345559505e-9	1.355459374341656e-9	1.671073771018616e-9	2.060178003349796e-9	2.539883967227618e-9	3.131288021890974e-9	3.860398766597418e-9	4.759280850901969e-9	5.867465123256629e-9	7.2336871369695164e-9	8.918030475068681e-9	1.0994569161830932e-8	1.3554625382315255e-8	1.6710785798530892e-8	2.060185312356593e-8	2.5398950762792684e-8	3.1313049066827183e-8	3.860424430018904e-8	4.759319857094512e-8	5.8675244093392595e-8	7.233777246802688e-8	8.918167434488342e-8	1.0994777328880607e-7	1.355494177942601e-7	1.671126669720074e-7	2.060258405277022e-7	2.540006172140837e-7	3.13147376461593e-7	3.8606810830018057e-7	4.7597099541884535e-7	5.8681173360665e-7	7.234678468624301e-7	8.919537260090747e-7	1.0996859433008695e-6	1.3558106563123713e-6	1.6716077206647043e-6	2.060989619840022e-6	2.5411176655211448e-6	3.1331633461252844e-6	3.863249491018942e-6	4.763614445181975e-6	5.87405320083167e-6	7.243703052929127e-6	8.933258696209576e-6	1.1017723928748827e-5	1.358983587020326e-5	1.676433506384406e-5	2.0683304141600734e-5	2.5522863366802215e-5	3.1501599823989315e-5	3.889122786246068e-5	4.803014592244863e-5	5.934079081219987e-5	7.335202843474074e-5	9.072831267093267e-5	0.00011230807617895958	0.00013915492655367022	0.0001726269398555286	0.00021447206744180879	0.0002669621002034992	0.00033308503776874885	0.00041682848345856826	0.0005236095238933037	0.0006609490927670171	0.0008395719186299487	0.0010752848306174268	0.0013923653728445942	NaN	NaN	NaN	NaN	NaN	NaN
3.419589463829689e-12	4.215829721481905e-12	5.197471927340777e-12	6.407686320740308e-12	7.89969519059243e-12	9.739113462412135e-12	1.2006834283429e-11	1.4802586506827627e-11	1.8249320524661796e-11	2.2498615327764733e-11	2.7737344582085554e-11	3.4195894879402325e-11	4.215829758127789e-11	5.1974719830392625e-11	6.407686405397059e-11	7.899695319263163e-11	9.739113657980205e-11	1.2006834580675052e-10	1.4802586958615199e-10	1.8249321211338744e-10	2.2498616371452686e-10	2.7737346168398453e-10	3.4195897290456907e-10	4.2158301245866546e-10	5.19747254002417e-10	6.407687251964618e-10	7.899696605970629e-10	9.739115613661232e-10	1.2006837553136486e-9	1.48025914764926e-9	1.8249328078111278e-9	2.2498626808337475e-9	2.773736203153742e-9	3.4195921401021574e-9	4.215833789178833e-9	5.197478109879817e-9	6.407695717652521e-9	7.899709473068334e-9	9.739135170514707e-9	1.2006867277831823e-8	1.4802636655418324e-8	1.824939674612083e-8	2.2498731177717987e-8	2.773752066392501e-8	3.419616250853801e-8	4.21587043545101e-8	5.197533809092834e-8	6.407780375761892e-8	7.89983814635084e-8	9.739330743369447e-8	1.2007164532880046e-7	1.4803088459843805e-7	1.825008345463936e-7	2.2499774924783364e-7	2.7739107087602195e-7	3.419857377071485e-7	4.216236933216195e-7	5.198090866889638e-7	6.408627079906654e-7	7.901125109759841e-7	9.741286904009263e-7	1.2010137893071278e-6	1.4807608021453517e-6	1.8256953383319767e-6	2.2510217724204e-6	2.7754981310841163e-6	3.422270510837499e-6	4.219905418595166e-6	5.20366801934046e-6	6.417106444531136e-6	7.914017844009255e-6	9.760891816177711e-6	1.2039952689005653e-5	1.4852955888831333e-5	1.832593821225638e-5	2.2615181353183402e-5	2.7914728570036167e-5	3.4465904837395626e-5	4.256944462575412e-5	5.2601049068906565e-5	6.503150749695247e-5	8.045297736728515e-5	9.961370244380089e-5	0.00012346449479485734	0.00015322193595626975	0.00019045585362947477	0.00023721289084752782	0.00029619516831089	0.0003710255538473422	0.00046665367204038193	0.0005899994553857511	0.0007510156299736209	0.0009645283795487347	0.001253616673932465	NaN	NaN	NaN	NaN	NaN	NaN
3.0501893675645684e-12	3.7604160172079e-12	4.636016626862513e-12	5.715497984101648e-12	7.046333056533258e-12	8.687048737639326e-12	1.0709799717454209e-11	1.3203541670679917e-11	1.6277943311371568e-11	2.006820935689734e-11	2.474102650347796e-11	3.050189390296697e-11	3.760416051758714e-11	4.6360166793766775e-11	5.715498063918514e-11	7.046333177847797e-11	8.687048922026638e-11	1.0709799997706501e-10	1.320354209663849e-10	1.6277943958790735e-10	2.0068210340916937e-10	2.4741027999100284e-10	3.0501896176179944e-10	3.760416397266883e-10	4.636017204518385e-10	5.715498862087244e-10	7.046334390993342e-10	8.687050765900087e-10	1.070980280023036e-9	1.3203546356225886e-9	1.6277950432985425e-9	2.0068220181118306e-9	2.474104295533348e-9	3.0501918908328465e-9	3.760419852352061e-9	4.636022455942018e-9	5.715506843786789e-9	7.0463465224717645e-9	8.687069204677633e-9	1.0709830825549634e-8	1.3203588952250988e-8	1.6278015175215505e-8	2.0068318583662697e-8	2.4741192518660023e-8	3.0502146231677174e-8	3.7604544035530556e-8	4.636074970832656e-8	5.715586662008401e-8	7.046467839553576e-8	8.687253596758311e-8	1.0710111086809648e-7	1.3204014927618554e-7	1.627866262584229e-7	2.00693026621852e-7	2.474268825138612e-7	3.050441965153854e-7	3.7607999504868825e-7	4.6366001851817555e-7	5.716384966856216e-7	7.047681240170265e-7	8.689097948186976e-7	1.071291450636574e-6	1.3208276193496277e-6	1.6285139965963064e-6	2.007914875814004e-6	2.475765553138767e-6	3.052717250301089e-6	3.764258915779066e-6	4.641858881182633e-6	5.7243802975413944e-6	7.059838270196983e-6	8.707584626360916e-6	1.07410296326054e-5	1.3251040615931742e-5	1.635019800910914e-5	2.017814369701532e-5	2.4908330328974927e-5	3.075658186300538e-5	3.7992017662912614e-5	4.695109435960848e-5	5.805581163989109e-5	7.183755814370456e-5	8.89687194876457e-5	0.00011030516076078146	0.00013694424871090195	0.0001703055736632415	0.00021224564797895243	0.00026522485656716024	0.0003325572401644701	0.0004187961743861079	0.0005303519475022792	0.0006765236206322224	0.0008713123525047193	0.0011368091886817132	0.001510025560870538	NaN	NaN	NaN	NaN	NaN
2.7375660807062765e-12	3.3749994172917035e-12	4.160857028269268e-12	5.1296990221706005e-12	6.324132716210067e-12	7.796686402638255e-12	9.612119415507418e-12	1.1850270088990661e-11	1.460956685357015e-11	1.8011356879615978e-11	2.2205242631647556e-11	2.7375661022066115e-11	3.3749994499702997e-11	4.1608570779378266e-11	5.129699097662401e-11	6.324132830950891e-11	7.796686577034104e-11	9.61211968057358e-11	1.1850270491867663e-10	1.4609567465907382e-10	1.8011357810314153e-10	2.2205244046226056e-10	2.737566317209967e-10	3.3749997767562924e-10	4.1608575746234956e-10	5.129699852580479e-10	6.324133978359289e-10	7.796688320992933e-10	9.612122331236104e-10	1.1850274520639325e-9	1.4609573589282681e-9	1.8011367117301236e-9	2.220525819202095e-9	2.737568467245402e-9	3.375003044619708e-9	4.160862541486687e-9	5.1297074017734476e-9	6.324145452466159e-9	7.796705760624142e-9	9.612148837941736e-9	1.1850314808506614e-8	1.4609634823317921e-8	1.8011460187701058e-8	2.220539965096118e-8	2.737589967785484e-8	3.375035723601912e-8	4.1609122107707834e-8	5.1297828949252994e-8	6.324260195824921e-8	7.796880161227337e-8	9.612413913038834e-8	1.1850717702246466e-7	1.4610247191903433e-7	1.8012390944603725e-7	2.220681433949797e-7	2.7378049917626646e-7	3.375362548233424e-7	4.161408968840194e-7	5.130537948674161e-7	6.325407858459589e-7	7.798624596474038e-7	9.615065468331559e-7	1.1854748146916643e-6	1.461637370238623e-6	1.802170380710426e-6	2.222097114534256e-6	2.739957090791001e-6	3.378634279242397e-6	4.166383081032235e-6	5.1381007291993555e-6	6.3369074357352706e-6	7.81611197725111e-6	9.64166170039528e-6	1.1895203891733677e-5	1.4677922590254891e-5	1.811536483320426e-5	2.2363538316438588e-5	2.761665641846646e-5	3.41170384466694e-5	4.216786123426807e-5	5.214973170110765e-5	6.454245473437898e-5	7.995398171318442e-5	9.915946696520159e-5	0.00012315484519237284	0.00015323174531848776	0.00019108454893773894	0.00023896724411465818	0.0002999298663100446	0.00037818673465664707	0.0004797120322911056	0.0006132467310020602	0.0007920933824430267	0.0010375283614365766	0.0013858358091509131	NaN	NaN	NaN	NaN	NaN
2.4706533879473017e-12	3.0459369742727823e-12	3.7551734682668686e-12	4.629553367894804e-12	5.7075297769660196e-12	7.036509479272354e-12	8.674937773850187e-12	1.0694868757373154e-11	1.3185134088476691e-11	1.625524958861018e-11	2.0040231482291763e-11	2.4706534083403387e-11	3.045937005268384e-11	3.755173515377427e-11	4.629553439498667e-11	5.707529885797527e-11	7.036509644686563e-11	8.674938025265062e-11	1.0694869139501411e-10	1.3185134669277672e-10	1.6255250471376057e-10	2.0040232824017442e-10	2.470653612270713e-10	3.045937315224427e-10	3.7551739864830665e-10	4.6295541555373773e-10	5.707530974112748e-10	7.03651129882902e-10	8.674940539414676e-10	1.0694872960785594e-9	1.3185140477290448e-9	1.625525929904014e-9	2.0040246241283995e-9	2.470655651576316e-9	3.045940414788342e-9	3.755178697545979e-9	4.629561315936662e-9	5.707541857287766e-9	7.0365278402963314e-9	8.674965680990988e-9	1.0694911173777604e-8	1.3185198557699567e-8	1.6255347576208324e-8	2.0040380414937663e-8	2.4706760448174973e-8	3.045971410774445e-8	3.755225808825216e-8	4.629632921147765e-8	5.707650691320782e-8	7.036693259246992e-8	8.675217104769531e-8	1.0695293318717115e-7	1.3185779389934793e-7	1.6256230400627658e-7	2.0041722250296242e-7	2.4708799957470954e-7	3.0462814053352136e-7	3.7556969866405063e-7	4.6303490951042513e-7	5.708739259977175e-7	7.038347876618711e-7	8.677732144350213e-7	1.069911627065534e-6	1.319159052806749e-6	1.6265063921747276e-6	2.0055150493421687e-6	2.472921358518839e-6	3.0493848248422057e-6	3.7604152761511983e-6	4.637523040167591e-6	5.719647827595375e-6	7.054936948789146e-6	8.702962978455756e-6	1.0737496642636187e-5	1.3249984870991398e-5	1.6353930025826554e-5	2.019042928325658e-5	2.493522047696168e-5	3.080770378628736e-5	3.808258502617045e-5	4.710504361480102e-5	5.8310710864558186e-5	7.225232456732211e-5	8.963582527409782e-5	0.00011137008643126778	0.0001386367920604711	0.00017299086093232018	0.00021650852706126892	0.00027201220073106715	0.0003434236469753105	0.000436340876799983	0.0005590249397741722	0.0007241838431817201	0.0009524239929590847	0.0012795260280502683	NaN	NaN	NaN	NaN	NaN
2.2409554540199366e-12	2.7627546253419353e-12	3.40605303267142e-12	4.199141377124632e-12	5.176897757416186e-12	6.38232152395646e-12	7.868424285897833e-12	9.70056123304158e-12	1.1959305298503756e-11	1.4743990560868863e-11	1.817708071610696e-11	2.240955473412362e-11	2.7627546548166974e-11	3.4060530774704364e-11	4.199141445215158e-11	5.1768978609077303e-11	6.382321681254405e-11	7.868424524976708e-11	9.700561596420214e-11	1.1959305850806978e-10	1.4743991400320685e-10	1.817708199199911e-10	2.2409556673366275e-10	2.7627549495643456e-10	3.406053525460667e-10	4.1991421261205e-10	5.176898895823353e-10	6.38232325423422e-10	7.868426915766329e-10	9.700565230208178e-10	1.1959311373842166e-9	1.4743999794844174e-9	1.817709475093046e-9	2.2409576065811326e-9	2.762757897044286e-9	3.4060580053694576e-9	4.199148935186066e-9	5.176909245002349e-9	6.382338984075024e-9	7.868450823742472e-9	9.700601568237514e-9	1.1959366604474553e-8	1.4744083740604784e-8	1.8177222341229128e-8	2.240976999210773e-8	2.7627873721895956e-8	3.406102805105505e-8	4.199217027056281e-8	5.177012739068154e-8	6.382496286747614e-8	7.868689911494921e-8	9.700964963504682e-8	1.1959918938857087e-7	1.4744923250788409e-7	1.817849834273795e-7	2.2411709439688128e-7	2.763082158237271e-7	3.406550867291915e-7	4.1998980672349645e-7	5.178047907361637e-7	6.384069740045248e-7	7.871081588393518e-7	9.704600414188375e-7	1.1965445089985311e-6	1.4753323613695904e-6	1.8191268217726352e-6	2.243112239487223e-6	2.7660334822739554e-6	3.4110379812260617e-6	4.206720638578402e-6	5.188422404464497e-6	6.399847047212192e-6	7.895078565310475e-6	9.74110534769699e-6	1.2020988778063709e-5	1.4837856695961242e-5	1.831996070019821e-5	2.262711780750445e-5	2.7958972294403114e-5	3.456567946285491e-5	4.2761856135835334e-5	5.2945005670789686e-5	6.562017849638262e-5	8.143349095971611e-5	0.00010121849989496436	0.0001260616806877115	0.00015739704848721924	0.0001971465623286853	0.000247934872267685	0.00031342943396085396	0.0003989015004230215	0.0005121969016575848	0.0006655158924431462	0.0008789177199959262	0.0011878778093161047	NaN	NaN	NaN	NaN	NaN
2.041862304269795e-12	2.5173032847982396e-12	3.1034491477463904e-12	3.826077164185355e-12	4.7169667587897185e-12	5.815297091776818e-12	7.169370063266091e-12	8.838734513619527e-12	1.0896805036957158e-11	1.3434090576939384e-11	1.6562174790669733e-11	2.0418623227535856e-11	2.5173033128919583e-11	3.1034491904463434e-11	3.8260772290854906e-11	4.716966857432155e-11	5.815297241704547e-11	7.169370291142896e-11	8.83873485997201e-11	1.0896805563382148e-10	1.343409137705859e-10	1.65621760067798e-10	2.041862507591506e-10	2.517303593829169e-10	3.1034496174459387e-10	3.826077878086933e-10	4.716967843856683e-10	5.815298740982216e-10	7.169372569911806e-10	8.83873832349845e-10	1.0896810827634954e-9	1.343409937825587e-9	1.6562188167890286e-9	2.0418643559725533e-9	2.5173064032047313e-9	3.10345388744835e-9	3.82608436811346e-9	4.7169777081246925e-9	5.815313733801411e-9	7.1693953576805885e-9	8.838772958912109e-9	1.0896863470442745e-8	1.3434179390752864e-8	1.656230977997738e-8	2.0418828399670786e-8	2.5173344973052465e-8	3.103496588118709e-8	3.826149269589723e-8	4.717076353073972e-8	5.815463666245429e-8	7.16962324333603e-8	8.839119327978687e-8	1.0897389926497043e-7	1.3434979568146313e-7	1.6563525999081997e-7	2.042067698319915e-7	2.517615472803733e-7	3.1039236594586133e-7	3.826798405473786e-7	4.7180630295372566e-7	5.816963416012413e-7	7.171902896934267e-7	8.842584512295487e-7	1.0902657286184392e-6	1.3442986587894347e-6	1.6575698021507646e-6	2.043918124458114e-6	2.5204286814016145e-6	3.108200846374932e-6	3.833301899305199e-6	4.727952544027872e-6	5.832003568431527e-6	7.194779419501099e-6	8.877386373083592e-6	1.0955612306609728e-5	1.3523584857859541e-5	1.6698409462575396e-5	2.0626085171228365e-5	2.5489104606912216e-5	3.151630107333332e-5	3.899573623919778e-5	4.829176739300539e-5	5.9867962350476246e-5	7.43183583627755e-5	9.241088966241033e-5	0.00011514899575974867	0.0001438611331231806	0.00018033442023655574	0.00022702050080062865	0.0002873642754417472	0.00036635136659853034	0.00047146645222534964	0.0006144751559388975	0.000814995104027316	0.0011083754918421694	0.0015654785234150148	NaN	NaN	NaN	NaN
1.8681689136300417e-12	2.303165954458952e-12	2.839450638204597e-12	3.500607462418129e-12	4.315712498086005e-12	5.320612084639953e-12	6.5594992649521366e-12	8.086857288111377e-12	9.96985565053341e-12	1.2291304047506266e-11	1.5153294142835644e-11	1.8681689312851556e-11	2.303165981293155e-11	2.8394506789901988e-11	3.500607524408622e-11	4.315712592306042e-11	5.320612227846026e-11	6.559499482612626e-11	8.086857618935972e-11	9.969856153357384e-11	1.2291304811754021e-10	1.51532953044243e-10	1.8681691078363063e-10	2.303166249635213e-10	2.8394510868462806e-10	3.5006081443136264e-10	4.315713534506576e-10	5.320613659907154e-10	6.559501659218367e-10	8.086860927183476e-10	9.96986118160002e-10	1.2291312454236825e-9	1.5153306920320665e-9	1.868170873349654e-9	2.3031689330592378e-9	2.8394551654135526e-9	3.500614343375755e-9	4.315722956534557e-9	5.320627980560804e-9	6.559523425355241e-9	8.08689400980739e-9	9.969911464305301e-9	1.2291388879587545e-8	1.51534230802638e-8	1.868188528666667e-8	2.3031957676434133e-8	2.8394959517306834e-8	3.5006763352046114e-8	4.31581717907715e-8	5.32077119133736e-8	6.559741094669084e-8	8.08722485093429e-8	9.970414319255394e-8	1.2292153185370067e-7	1.51545847776512e-7	1.8683651001923767e-7	2.303464147881093e-7	2.8399038793558724e-7	3.501296374272956e-7	4.316759630833818e-7	5.322203723232036e-7	6.561918582609513e-7	8.090534751659139e-7	9.975445660052693e-7	1.2299801474333014e-6	1.5166211555474008e-6	1.870132652935278e-6	2.306151394306367e-6	2.843989611288295e-6	3.5075088667220834e-6	4.3262068364580475e-6	5.336571582184808e-6	6.583773236043398e-6	8.12378338392371e-6	1.0026039769094002e-5	1.2376811113251781e-5	1.528346814221566e-5	1.8879938769294726e-5	2.333372775878911e-5	2.8855029584981618e-5	3.57086823297627e-5	4.423004046110273e-5	5.484635182929274e-5	6.810602249486243e-5	8.471943992613613e-5	0.00010561715680753019	0.00013203487726190846	0.00016564111762812882	0.00020873522841734592	0.00026456617632700734	0.000337868526048169	0.00043581146621314814	0.0005697883508384429	0.0007590673570277106	0.001039036876189476	0.0014825852920533366	NaN	NaN	NaN	NaN
1.715731519711683e-12	2.1152340103734555e-12	2.607759353665e-12	3.2149676176604347e-12	3.963562346736767e-12	4.886464918625855e-12	6.024262346697334e-12	7.426992198313556e-12	9.15634312565102e-12	1.1288367783020456e-11	1.391682743824847e-11	1.7157315366080263e-11	2.1152340360543956e-11	2.6077593926977445e-11	3.2149676769867395e-11	3.963562436907474e-11	4.886465055677313e-11	6.024262555003352e-11	7.426992514920183e-11	9.156343606864954e-11	1.1288368514422868e-10	1.391682854991512e-10	1.7157317055714762e-10	2.1152342928638222e-10	2.6077597830252543e-10	3.2149682702498715e-10	3.96356333861473e-10	4.886466426192252e-10	6.024264638064368e-10	7.426995680988019e-10	9.156348419007131e-10	1.1288375828452186e-9	1.3916839666591397e-9	1.715733395207808e-9	2.1152368609615287e-9	2.6077636863067695e-9	3.2149742028932307e-9	3.963572355709859e-9	4.886480131383952e-9	6.024285468753751e-9	7.427027341814836e-9	9.156396540707092e-9	1.1288448969266671e-8	1.3916950834330936e-8	1.7157502917541588e-8	2.1152625422815673e-8	2.6078027197645883e-8	3.215033530531099e-8	3.963662528917747e-8	4.886617187529378e-8	6.02449378357098e-8	7.427343964930127e-8	9.156877785527781e-8	1.1289180429544073e-7	1.3918062609415033e-7	1.715919275523161e-7	2.115519389784071e-7	2.608193118620957e-7	3.2156269273605284e-7	3.964564486711243e-7	4.887988171959333e-7	6.026577724386319e-7	7.430511681498989e-7	9.161693017473931e-7	1.1296500249324985e-6	1.392919013779482e-6	1.71761094576615e-6	2.118091299651131e-6	2.6121035456989915e-6	3.2215729654510203e-6	3.973606693254125e-6	4.901740445921349e-6	6.047496702247674e-6	7.4623380950024e-6	9.210125344326757e-6	1.137022392708372e-5	1.4041451922459366e-5	1.734712928847288e-5	2.1441585747686307e-5	2.6518625460321945e-5	3.282265566053423e-5	4.066350244041537e-5	5.043642494179836e-5	6.264961053620174e-5	7.79626834189295e-5	9.724184113213673e-5	0.00012164081119006928	0.000152723187119953	0.0001926535000453103	0.0002445072827562614	0.00031279734472941187	0.00040441628170503744	0.0005304388874922419	0.0007098654691950722	0.0009782795646310146	0.0014110571802564058	NaN	NaN	NaN	NaN
1.581218168635995e-12	1.949399664066126e-12	2.403311020498698e-12	2.962914156680614e-12	3.652819059124614e-12	4.503366069571007e-12	5.551960179575653e-12	6.844716011271966e-12	8.438485826585283e-12	1.0403359751849128e-11	1.2825748171676089e-11	1.5812181848350336e-11	1.949399688687225e-11	2.4033110579205774e-11	2.962914213558546e-11	3.652819145574013e-11	4.50336620096641e-11	5.5519603792849705e-11	6.844716314812373e-11	8.43848628793972e-11	1.0403360453066878e-10	1.2825749237464724e-10	1.581218346825434e-10	1.949399934898237e-10	2.4033114321394383e-10	2.962914782337966e-10	3.6528200100682043e-10	4.5033675149208e-10	5.551962376378973e-10	6.844719350217995e-10	8.438490901486948e-10	1.0403367465249534e-9	1.282575989536091e-9	1.5812199667312706e-9	1.949402397011788e-9	2.403315174334458e-9	2.9629204701441674e-9	3.6528286550326103e-9	4.503380654506865e-9	5.551982347398043e-9	6.8447497044222985e-9	8.438537037236705e-9	1.0403437587596e-8	1.2825866475296923e-8	1.5812361659721764e-8	1.9494270184893636e-8	2.4033525969256158e-8	2.962977349407277e-8	3.652915106927312e-8	4.5035120545847974e-8	5.5521820654912105e-8	6.845053261273182e-8	8.438998422481911e-8	1.0404138863055667e-7	1.282693237208794e-7	1.5813981766384435e-7	1.9496732674767796e-7	2.403726886945944e-7	2.963546262171835e-7	3.653779850994912e-7	4.5048264772276836e-7	5.554180036984418e-7	6.848090311303172e-7	8.443615051387776e-7	1.0411156821037181e-6	1.2837601092080316e-6	1.5830201110997999e-6	1.952139183320917e-6	2.4074762091236603e-6	2.9692474288166757e-6	3.6624498630242844e-6	4.518013027084051e-6	5.574239124991037e-6	6.878609696599302e-6	8.490060681059048e-6	1.0481860661749531e-5	1.2945272579202987e-5	1.5994243380077976e-5	1.977145810127021e-5	2.4456229233559056e-5	3.0274892072780684e-5	3.751468014472097e-5	4.6542525323621506e-5	5.7830974252841386e-5	7.199462916528464e-5	8.984255904393887e-5	0.00011245565075676355	0.00014130418599355509	0.00017843272941068597	0.0002267625418678638	0.00029060970658748454	0.00037662363404587464	0.0004956072713144267	0.0006663662630833905	0.00092482926607809	0.0013493528532917533	NaN	NaN	NaN	NaN
