1.4272998903992988e-16	1.1577269458783587e-16	9.390680194306664e-17	7.617070227615683e-17	6.17844050183676e-17	5.0115235771669626e-17	4.0650012825969957e-17	3.297247867441504e-17	2.6744994019648125e-17	2.1693689217896985e-17	1.7596420157480662e-17	1.4272998900536285e-17	1.1577269455326883e-17	9.390680190849964e-18	7.617070224158974e-18	6.178440498380053e-18	5.011523573710257e-18	4.065001279140298e-18	3.297247863984807e-18	2.6744993985081135e-18	2.169368918332997e-18	1.7596420122913648e-18	1.427299886596927e-18	1.157726942075987e-18	9.390680156282945e-19	7.61707018959196e-19	6.17844046381304e-19	5.011523539143242e-19	4.065001244573284e-19	3.297247829417793e-19	2.6744993639410994e-19	2.169368883765984e-19	1.7596419777243507e-19	1.4272998520299127e-19	1.1577269075089734e-19	9.390679810612803e-20	7.617069843921825e-20	6.178440118142904e-20	5.011523193473104e-20	4.065000898903144e-20	3.2972474837476517e-20	2.6744990182709578e-20	2.1693685380958437e-20	1.7596416320542113e-20	1.427299506359773e-20	1.1577265618388325e-20	9.390676353911403e-21	7.61706638722042e-21	6.1784366614414986e-21	5.011519736771701e-21	4.064997442201741e-21	3.297244027046249e-21	2.6744955615695553e-21	2.1693650813944412e-21	1.7596381753528078e-21	1.4272960496583695e-21	1.1577231051374296e-21	9.39064178689737e-22	7.617031820206392e-22	6.178402094427468e-22	5.011485169757671e-22	4.064962875187712e-22	3.2972094600322177e-22	2.6744609945555244e-22	2.1693305143804106e-22	1.759603608338778e-22	1.4272614826443392e-22	1.1576885381233996e-22	9.390296116757063e-23	7.616686150066087e-23	6.178056424287163e-23	5.011139499617366e-23	4.064617205047406e-23	3.296863789891914e-23	2.67411532441522e-23	2.1689848442401068e-23	1.7592579381984725e-23	NaN	NaN	NaN	NaN	NaN	NaN	NaN	NaN	NaN	NaN	NaN	NaN	NaN	NaN	NaN	NaN	NaN	NaN	NaN	NaN	NaN	NaN	NaN
2.31414474102708e-16	1.877074146342672e-16	1.5225527117625642e-16	1.234989445998851e-16	1.0017380153353339e-16	8.125405885983522e-17	6.590767226659119e-17	5.345974495959359e-17	4.3362847341459015e-17	3.5172942388063066e-17	2.852985797912645e-17	2.3141447403499668e-17	1.8770741456655583e-17	1.5225527110854516e-17	1.2349894453217365e-17	1.0017380146582202e-17	8.125405879212387e-18	6.590767219888002e-18	5.3459744891882384e-18	4.336284727374779e-18	3.51729423203518e-18	2.852985791141518e-18	2.3141447335788403e-18	1.8770741388944316e-18	1.5225527043143246e-18	1.234989438550609e-18	1.0017380078870927e-18	8.125405811501113e-19	6.5907671521767305e-19	5.345974421476965e-19	4.3362846596635077e-19	3.517294164323909e-19	2.852985723430247e-19	2.3141446658675686e-19	1.8770740711831608e-19	1.5225526366030528e-19	1.2349893708393394e-19	1.0017379401758225e-19	8.125405134388406e-20	6.590766475064022e-20	5.345973744364255e-20	4.336283982550796e-20	3.5172934872112017e-20	2.852985046317538e-20	2.3141439887548607e-20	1.8770733940704516e-20	1.5225519594903452e-20	1.234988693726631e-20	1.0017372630631144e-20	8.125398363261326e-21	6.590759703936938e-21	5.345966973237174e-21	4.3362772114237115e-21	3.517286716084119e-21	2.8529782751904552e-21	2.314137217627778e-21	1.8770666229433684e-21	1.5225451883632615e-21	1.2349819225995482e-21	1.0017304919360308e-21	8.125330651990492e-22	6.590691992666103e-22	5.345899261966341e-22	4.336209500152878e-22	3.517219004813284e-22	2.852910563919622e-22	2.314069506356943e-22	1.876998911672535e-22	1.5224774770924282e-22	1.234914211328714e-22	1.0016627806651971e-22	8.124653539282151e-23	6.590014879957765e-23	5.345222149258e-23	4.3355323874445397e-23	3.5165418921049465e-23	2.852233451211282e-23	2.3133923936486047e-23	1.8763217989641958e-23	NaN	NaN	NaN	NaN	NaN	NaN	NaN	NaN	NaN	NaN	NaN	NaN	NaN	NaN	NaN	NaN	NaN	NaN	NaN	NaN	NaN
3.4369400086642766e-16	2.787808004577537e-16	2.261277022810484e-16	1.8341915101332658e-16	1.4877692834171536e-16	1.2067755348568998e-16	9.788528421405109e-17	7.939777190416457e-17	6.440198068501178e-17	5.2238432095071656e-17	4.23722028219628e-17	3.436940007490449e-17	2.787808003403708e-17	2.2612770216366556e-17	1.834191508959435e-17	1.4877692822433232e-17	1.20677553368307e-17	9.788528409666836e-18	7.939777178678182e-18	6.4401980567628994e-18	5.2238431977688816e-18	4.237220270457996e-18	3.436939995752164e-18	2.7878079916654236e-18	2.2612770098983706e-18	1.8341914972211498e-18	1.4877692705050378e-18	1.2067755219447848e-18	9.788528292283986e-19	7.93977706129533e-19	6.44019793938005e-19	5.223843080386032e-19	4.2372201530751466e-19	3.4369398783693137e-19	2.787807874282573e-19	2.261276892515519e-19	1.8341913798383003e-19	1.4877691531221894e-19	1.206775404561935e-19	9.788527118455486e-20	7.93977588746683e-20	6.44019676555155e-20	5.223841906557534e-20	4.2372189792466467e-20	3.4369387045408145e-20	2.787806700454074e-20	2.2612757186870212e-20	1.8341902060098018e-20	1.4877679792936893e-20	1.2067742307334359e-20	9.78851538017049e-21	7.93976414918184e-21	6.440185027266554e-21	5.223830168272542e-21	4.237207240961655e-21	3.436926966255822e-21	2.7877949621690807e-21	2.261263980402028e-21	1.8341784677248087e-21	1.4877562410086962e-21	1.2067624924484428e-21	9.78839799732056e-22	7.939646766331906e-22	6.440067644416622e-22	5.223712785422606e-22	4.237089858111721e-22	3.4368095834058874e-22	2.787677579319148e-22	2.2611465975520937e-22	1.834061084874875e-22	1.4876388581587629e-22	1.2066451095985095e-22	9.787224168821229e-23	7.938472937832567e-23	6.438893815917286e-23	5.222538956923274e-23	4.235916029612383e-23	3.4356357549065534e-23	2.786503750819812e-23	NaN	NaN	NaN	NaN	NaN	NaN	NaN	NaN	NaN	NaN	NaN	NaN	NaN	NaN	NaN	NaN	NaN	NaN	NaN	NaN	NaN
4.7762582568762855e-16	3.874170327926915e-16	3.14245899667286e-16	2.5489453766545323e-16	2.067528180964071e-16	1.6770358510672261e-16	1.360295483100994e-16	1.1033776052879161e-16	8.949835936126713e-17	7.25948785790934e-17	5.88839441690113e-17	4.776258255005848e-17	3.874170326056473e-17	3.142458994802421e-17	2.5489453747840908e-17	2.0675281790936298e-17	1.6770358491967847e-17	1.3602954812305566e-17	1.1033776034174786e-17	8.94983591742233e-18	7.259487839204946e-18	5.8883943981967365e-18	4.776258236301458e-18	3.874170307352084e-18	3.14245897609803e-18	2.5489453560797004e-18	2.0675281603892396e-18	1.6770358304923944e-18	1.360295462526166e-18	1.103377584713088e-18	8.949835730378423e-19	7.259487652161042e-19	5.888394211152832e-19	4.77625804925755e-19	3.8741701203081784e-19	3.1424587890541237e-19	2.548945169035796e-19	2.0675279733453347e-19	1.67703564344849e-19	1.360295275482261e-19	1.103377397669182e-19	8.949833859939366e-20	7.259485781721993e-20	5.888392340713781e-20	4.7762561788185004e-20	3.874168249869127e-20	3.1424569186150736e-20	2.5489432985967446e-20	2.0675261029062837e-20	1.677033773009437e-20	1.3602934050432097e-20	1.1033755272301308e-20	8.949815155548857e-21	7.259467077331481e-21	5.888373636323269e-21	4.776237474427987e-21	3.8741495454786156e-21	3.1424382142245623e-21	2.5489245942062333e-21	2.0675073985157716e-21	1.6770150686189266e-21	1.360274700652698e-21	1.1033568228396192e-21	8.949628111643738e-22	7.259280033426362e-22	5.888186592418151e-22	4.776050430522871e-22	3.8739625015735e-22	3.1422511703194443e-22	2.5487375503011175e-22	2.0673203546106545e-22	1.6768280247138092e-22	1.3600876567475808e-22	1.1031697789345023e-22	8.94775767259257e-23	7.257409594375197e-23	5.886316153366982e-23	4.7741799914717027e-23	3.8720920625223303e-23	3.140380731268277e-23	NaN	NaN	NaN	NaN	NaN	NaN	NaN	NaN	NaN	NaN	NaN	NaN	NaN	NaN	NaN	NaN	NaN	NaN	NaN	NaN
6.322756049845702e-16	5.12858236753308e-16	4.1599512764916625e-16	3.3742647348865165e-16	2.736970157654058e-16	2.2200408777657312e-16	1.8007436015103942e-16	1.4606386534735544e-16	1.1847690444167486e-16	9.610026992328754e-17	7.794989177611085e-17	6.322756047044444e-17	5.1285823647318195e-17	4.1599512736904035e-17	3.3742647320852534e-17	2.7369701548527954e-17	2.22004087496447e-17	1.8007435987091372e-17	1.460638650672297e-17	1.1847690416154908e-17	9.610026964316163e-18	7.794989149598494e-18	6.322756019031852e-18	5.128582336719228e-18	4.1599512456778116e-18	3.374264704072662e-18	2.7369701268402044e-18	2.220040846951879e-18	1.800743570696547e-18	1.4606386226597058e-18	1.1847690136029e-18	9.610026684190254e-19	7.794988869472585e-19	6.322755738905943e-19	5.128582056593322e-19	4.159950965551903e-19	3.3742644239467573e-19	2.7369698467142993e-19	2.2200405668259725e-19	1.8007432905706393e-19	1.4606383425337981e-19	1.184768733476992e-19	9.610023882931188e-20	7.794986068213516e-20	6.322752937646873e-20	5.128579255334248e-20	4.1599481642928324e-20	3.3742616226876856e-20	2.7369670454552266e-20	2.2200377655669007e-20	1.8007404893115666e-20	1.460635541274726e-20	1.1847659322179201e-20	9.609995870340465e-21	7.79495805562279e-21	6.32272492505615e-21	5.128551242743527e-21	4.1599201517021086e-21	3.374233610096962e-21	2.7369390328645035e-21	2.2200097529761767e-21	1.800712476720844e-21	1.4606075286840028e-21	1.1847379196271968e-21	9.609715744433231e-22	7.794677929715557e-22	6.322444799148915e-22	5.128271116836292e-22	4.159640025794873e-22	3.373953484189727e-22	2.7366589069572696e-22	2.2197296270689426e-22	1.8004323508136107e-22	1.460327402776768e-22	1.1844577937199627e-22	9.606914485360892e-23	7.791876670643221e-23	6.31964354007658e-23	5.125469857763956e-23	4.1568387667225403e-23	3.3711522251173887e-23	NaN	NaN	NaN	NaN	NaN	NaN	NaN	NaN	NaN	NaN	NaN	NaN	NaN	NaN	NaN	NaN	NaN	NaN	NaN
8.072134696803396e-16	6.547557322780453e-16	5.310925610786065e-16	4.3078555028551825e-16	3.4942344128689053e-16	2.8342812622003245e-16	2.298972914816243e-16	1.864767810273943e-16	1.5125706630934238e-16	1.2268926984991318e-16	9.951704937394571e-17	8.07213469280324e-17	6.547557318780297e-17	5.3109256067859104e-17	4.307855498855023e-17	3.494234408868746e-17	2.834281258200167e-17	2.2989729108160894e-17	1.8647678062737893e-17	1.5125706590932706e-17	1.2268926944989763e-17	9.951704897393018e-18	8.072134652801687e-18	6.547557278778746e-18	5.310925566784353e-18	4.3078554588534676e-18	3.4942343688671914e-18	2.8342812181986125e-18	2.2989728708145357e-18	1.8647677662722355e-18	1.5125706190917165e-18	1.226892654497423e-18	9.951704497377477e-19	8.072134252786147e-19	6.547556878763204e-19	5.310925166768813e-19	4.307855058837932e-19	3.4942339688516567e-19	2.834280818183074e-19	2.298972470798998e-19	1.864767366256696e-19	1.5125702190761773e-19	1.226892254481885e-19	9.951700497222094e-20	8.072130252630764e-20	6.54755287860782e-20	5.3109211666134306e-20	4.307851058682549e-20	3.4942299686962716e-20	2.834276818027691e-20	2.2989684706436138e-20	1.864763366101313e-20	1.5125662189207936e-20	1.2268882543265014e-20	9.951660495668263e-21	8.072090251076931e-21	6.547512877053987e-21	5.310881165059596e-21	4.307811057128714e-21	3.4941899671424366e-21	2.8342368164738552e-21	2.2989284690897787e-21	1.8647233645474774e-21	1.512526217366958e-21	1.2268482527726655e-21	9.951260480129904e-22	8.07169023553857e-22	6.547112861515628e-22	5.310481149521237e-22	4.3074110415903535e-22	3.4937899516040776e-22	2.833836800935496e-22	2.29852845355142e-22	1.8643233490091183e-22	1.5121262018285995e-22	1.226448237234307e-22	9.947260324746315e-23	8.067690080154986e-23	6.543112706132038e-23	5.306480994137652e-23	4.3034108862067645e-23	NaN	NaN	NaN	NaN	NaN	NaN	NaN	NaN	NaN	NaN	NaN	NaN	NaN	NaN	NaN	NaN	NaN	NaN	NaN
1.0040907352219768e-15	8.144489522372868e-16	6.606246552524769e-16	5.358530254435487e-16	4.3464690969764957e-16	3.525555089516811e-16	2.8596864286391395e-16	2.3195798285446217e-16	1.8814827132949645e-16	1.5261286362359434e-16	1.2378899884865573e-16	1.0040907346719017e-16	8.144489516872111e-17	6.606246547024018e-17	5.358530248934729e-17	4.3464690914757363e-17	3.525555084016052e-17	2.8596864231383875e-17	2.3195798230438715e-17	1.881482707794213e-17	1.5261286307351898e-17	1.2378899829858037e-17	1.004090729171148e-17	8.144489461864575e-18	6.60624649201648e-18	5.358530193927192e-18	4.3464690364682e-18	3.525555029008516e-18	2.8596863681308517e-18	2.3195797680363345e-18	1.881482652786676e-18	1.526128575727653e-18	1.2378899279782672e-18	1.0040906741636117e-18	8.144488911789211e-19	6.606245941941113e-19	5.35852964385183e-19	4.34646848639284e-19	3.5255544789331527e-19	2.8596858180554887e-19	2.3195792179609697e-19	1.8814821027113116e-19	1.5261280256522897e-19	1.2378893779029034e-19	1.0040901240882479e-19	8.144483411035569e-20	6.606240441187475e-20	5.3585241430981927e-20	4.3464629856392005e-20	3.5255489781795147e-20	2.8596803173018494e-20	2.3195737172073326e-20	1.881476601957673e-20	1.5261225248986513e-20	1.2378838771492658e-20	1.0040846233346094e-20	8.144428403499187e-21	6.606185433651089e-21	5.358469135561809e-21	4.346407978102814e-21	3.52549397064313e-21	2.859625309765465e-21	2.3195187096709473e-21	1.8814215944212884e-21	1.5260675173622659e-21	1.2378288696128802e-21	1.0040296157982243e-21	8.143878328135337e-22	6.605635358287238e-22	5.357919060197956e-22	4.345857902738964e-22	3.5249438952792787e-22	2.8590752344016133e-22	2.3189686343070953e-22	1.8808715190574368e-22	1.5255174419984156e-22	1.237278794249029e-22	1.0034795404343732e-22	8.138377574496824e-23	6.600134604648726e-23	5.352418306559444e-23	4.340357149100452e-23	NaN	NaN	NaN	NaN	NaN	NaN	NaN	NaN	NaN	NaN	NaN	NaN	NaN	NaN	NaN	NaN	NaN	NaN
1.22152120256882e-15	9.908135078514689e-16	8.036793837658103e-16	6.518891262271094e-16	5.287673685239627e-16	4.288995149099226e-16	3.478936198387826e-16	2.821872408708673e-16	2.2889077111044017e-16	1.8566036131550748e-16	1.5059484310316513e-16	1.221521201835169e-16	9.908135071178173e-17	8.036793830321588e-17	6.518891254934574e-17	5.2876736779031057e-17	4.288995141762705e-17	3.478936191051315e-17	2.8218724013721607e-17	2.2889077037678896e-17	1.85660360581856e-17	1.505948423695136e-17	1.2215211944986541e-17	9.908134997813028e-18	8.036793756956442e-18	6.518891181569429e-18	5.287673604537961e-18	4.288995068397561e-18	3.478936117686168e-18	2.821872328007016e-18	2.288907630402744e-18	1.856603532453414e-18	1.5059483503299902e-18	1.221521121133508e-18	9.908134264161565e-19	8.036793023304975e-19	6.518890447917969e-19	5.287672870886501e-19	4.2889943347460985e-19	3.4789353840347083e-19	2.821871594355553e-19	2.2889068967512805e-19	1.8566027988019536e-19	1.5059476166785286e-19	1.221520387482047e-19	9.908126927646954e-20	8.036785686790369e-20	6.518883111403361e-20	5.287665534371889e-20	4.288986998231488e-20	3.4789280475200944e-20	2.8218642578409405e-20	2.2888995602366687e-20	1.8565954622873416e-20	1.5059402801639166e-20	1.2215130509674345e-20	9.908053562500832e-21	8.036712321644244e-21	6.518809746257237e-21	5.2875921692257655e-21	4.2889136330853644e-21	3.478854682373973e-21	2.8217908926948176e-21	2.2888261950905454e-21	1.8565220971412176e-21	1.5058669150177932e-21	1.221439685821311e-21	9.907319911039597e-22	8.035978670183008e-22	6.518076094796003e-22	5.286858517764534e-22	4.288179981624131e-22	3.4781210309127386e-22	2.8210572412335834e-22	2.2880925436293125e-22	1.8557884456799852e-22	1.50513326355656e-22	1.220706034360078e-22	9.899983396427266e-23	8.028642155570681e-23	6.510739580183669e-23	5.279522003152198e-23	NaN	NaN	NaN	NaN	NaN	NaN	NaN	NaN	NaN	NaN	NaN	NaN	NaN	NaN	NaN	NaN	NaN	NaN
1.4595907457292676e-15	1.1839190541762972e-15	9.603132459817382e-16	7.789396810114864e-16	6.318219905738784e-16	5.124902961053613e-16	4.156966796315712e-16	3.371843930860483e-16	2.735006568731804e-16	2.2184481501104552e-16	1.7994516908627132e-16	1.4595907447751549e-16	1.183919053222185e-16	9.603132450276264e-17	7.789396800573735e-17	6.318219896197656e-17	5.124902951512488e-17	4.1569667867745964e-17	3.371843921319367e-17	2.735006559190686e-17	2.2184481405693346e-17	1.7994516813215937e-17	1.4595907352340353e-17	1.1839190436810658e-17	9.603132354865062e-18	7.789396705162537e-18	6.318219800786457e-18	5.1249028561012904e-18	4.1569666913633996e-18	3.3718438259081682e-18	2.7350064637794897e-18	2.2184480451581377e-18	1.799451585910395e-18	1.4595906398228367e-18	1.1839189482698675e-18	9.603131400753075e-19	7.789395751050555e-19	6.318218846674475e-19	5.124901901989305e-19	4.156965737251414e-19	3.3718428717961815e-19	2.735005509667501e-19	2.2184470910461526e-19	1.7994506317984095e-19	1.4595896857108514e-19	1.1839179941578813e-19	9.603121859633225e-20	7.7893862099307e-20	6.318209305554621e-20	5.1248923608694524e-20	4.156956196131559e-20	3.371833330676329e-20	2.7349959685476476e-20	2.218437549926299e-20	1.7994410906785566e-20	1.4595801445909986e-20	1.1839084530380282e-20	9.603026448434692e-21	7.78929079873217e-21	6.318113894356088e-21	5.124796949670919e-21	4.156860784933028e-21	3.3717379194777976e-21	2.734900557349116e-21	2.218342138727766e-21	1.7993456794800248e-21	1.4594847333924661e-21	1.183813041839496e-21	9.602072336449366e-22	7.788336686746845e-22	6.317159782370767e-22	5.1238428376855935e-22	4.155906672947705e-22	3.370783807492473e-22	2.7339464453637924e-22	2.2173880267424434e-22	1.7983915674946998e-22	1.4585306214071426e-22	1.1828589298541726e-22	9.592531216596138e-23	7.778795566893606e-23	6.307618662517529e-23	5.1143017178323605e-23	NaN	NaN	NaN	NaN	NaN	NaN	NaN	NaN	NaN	NaN	NaN	NaN	NaN	NaN	NaN	NaN	NaN
1.719143447671687e-15	1.3944502529310906e-15	1.1310815921293917e-15	9.174551514893426e-16	7.441761592143361e-16	6.036242262519099e-16	4.896182200989999e-16	3.971444336131766e-16	3.22136094354663e-16	2.6129451781574974e-16	2.1194403929118694e-16	1.719143446456896e-16	1.3944502517162984e-16	1.1310815909145999e-16	9.1745515027455e-17	7.441761579995436e-17	6.036242250371175e-17	4.896182188842087e-17	3.9714443239838547e-17	3.221360931398715e-17	2.61294516600958e-17	2.1194403807639525e-17	1.7191434343089787e-17	1.3944502395683818e-17	1.1310815787666829e-17	9.174551381266328e-18	7.441761458516262e-18	6.036242128892004e-18	4.896182067362917e-18	3.971444202504683e-18	3.2213608099195436e-18	2.6129450445304098e-18	2.1194402592847804e-18	1.7191433128298079e-18	1.3944501180892103e-18	1.1310814572875112e-18	9.174550166474626e-19	7.441760243724559e-19	6.036240914100295e-19	4.896180852571207e-19	3.9714429877129716e-19	3.221359595127832e-19	2.6129438297387012e-19	2.1194390444930711e-19	1.7191420980380982e-19	1.3944489032975005e-19	1.1310802424958018e-19	9.174538018557531e-20	7.441748095807462e-20	6.036228766183199e-20	4.8961687046541094e-20	3.9714308397958784e-20	3.2213474472107383e-20	2.6129316818216063e-20	2.1194268965759775e-20	1.7191299501210042e-20	1.3944367553804062e-20	1.1310680945787073e-20	9.174416539386583e-21	7.441626616636512e-21	6.036107287012253e-21	4.8960472254831646e-21	3.97130936062493e-21	3.2212259680397896e-21	2.6128102026506584e-21	2.1193054174050296e-21	1.7190084709500547e-21	1.394315276209458e-21	1.1309466154077597e-21	9.173201747677102e-22	7.440411824927036e-22	6.034892495302774e-22	4.894832433773684e-22	3.9700945689154504e-22	3.2200111763303116e-22	2.611595410941181e-22	2.1180906256955514e-22	1.717793679240578e-22	1.3931004844999796e-22	1.129731823698281e-22	9.161053830582319e-23	7.428263907832253e-23	6.022744578207993e-23	NaN	NaN	NaN	NaN	NaN	NaN	NaN	NaN	NaN	NaN	NaN	NaN	NaN	NaN	NaN	NaN	NaN
2.000065698857473e-15	1.622314951916342e-15	1.3159096747185563e-15	1.0673749076667724e-15	8.657806955879377e-16	7.022614148620401e-16	5.696258848367092e-16	4.620411171750334e-16	3.7477579520130287e-16	3.0399220208962133e-16	2.4657744740266376e-16	2.0000656973384582e-16	1.6223149503973268e-16	1.3159096731995417e-16	1.0673749061477568e-16	8.657806940689221e-17	7.022614133430245e-17	5.696258833176953e-17	4.620411156560193e-17	3.747757936822886e-17	3.0399220057060655e-17	2.4657744588364915e-17	2.000065682148312e-17	1.62231493520718e-17	1.315909658009395e-17	1.0673748909576103e-17	8.657806788787756e-18	7.02261398152878e-18	5.696258681275486e-18	4.620411004658728e-18	3.7477577849214205e-18	3.0399218538046004e-18	2.4657743069350254e-18	2.000065530246846e-18	1.6223147833057143e-18	1.3159095061079286e-18	1.067374739056144e-18	8.657805269773095e-19	7.022612462514118e-19	5.696257162260822e-19	4.62040948564406e-19	3.747756265906755e-19	3.039920334789938e-19	2.465772787920362e-19	2.0000640112321818e-19	1.6223132642910504e-19	1.3159079870932653e-19	1.0673732200414807e-19	8.657790079626462e-20	7.022597272367482e-20	5.69624197211419e-20	4.62039429549743e-20	3.7477410757601224e-20	3.039905144643305e-20	2.4657575977737295e-20	2.00004882108555e-20	1.6222980741444177e-20	1.3158927969466324e-20	1.0673580298948487e-20	8.657638178160138e-21	7.022445370901159e-21	5.696090070647867e-21	4.620242394031108e-21	3.7475891742937996e-21	3.0397532431769814e-21	2.465605696307407e-21	1.9998969196192277e-21	1.6221461726780952e-21	1.31574089548031e-21	1.0672061284285263e-21	8.656119163496914e-22	7.020926356237935e-22	5.694571055984643e-22	4.618723379367879e-22	3.746070159630574e-22	3.0382342285137565e-22	2.46408668164418e-22	1.998377904956001e-22	1.6206271580148692e-22	1.314221880817084e-22	1.065687113765299e-22	8.640929016864643e-23	7.005736209605669e-23	NaN	NaN	NaN	NaN	NaN	NaN	NaN	NaN	NaN	NaN	NaN	NaN	NaN	NaN	NaN	NaN	NaN
2.62142483378209e-15	2.126318503230718e-15	1.7247224940013495e-15	1.3989755893933097e-15	1.1347522320314219e-15	9.204325206604326e-16	7.465911951214746e-16	6.055831363114807e-16	4.912071524208893e-16	3.984332655853261e-16	3.2318150568080736e-16	2.6214248315106885e-16	2.1263185009593168e-16	1.7247224917299497e-16	1.398975587121908e-16	1.1347522297600197e-16	9.20432518389031e-17	7.465911928500749e-17	6.055831340400808e-17	4.9120715014948943e-17	3.9843326331392563e-17	3.2318150340940686e-17	2.6214248087966824e-17	2.1263184782453116e-17	1.7247224690159438e-17	1.398975564407902e-17	1.1347522070460143e-17	9.204324956750255e-18	7.465911701360694e-18	6.055831113260752e-18	4.912071274354839e-18	3.984332405999202e-18	3.2318148069540134e-18	2.621424581656627e-18	2.1263182511052565e-18	1.724722241875888e-18	1.398975337267848e-18	1.1347519799059596e-18	9.2043226853497e-19	7.465909429960139e-19	6.055828841860198e-19	4.912069002954284e-19	3.984330134598651e-19	3.23181253555346e-19	2.6214223102560753e-19	2.1263159797047037e-19	1.7247199704753355e-19	1.3989730658672953e-19	1.1347497085054068e-19	9.204299971344175e-20	7.465886715954617e-20	6.055806127854674e-20	4.912046288948758e-20	3.9843074205931255e-20	3.231789821547937e-20	2.6213995962505513e-20	2.126293265699179e-20	1.7246972564698117e-20	1.3989503518617714e-20	1.1347269944998823e-20	9.204072831288939e-21	7.465659575899373e-21	6.0555789877994316e-21	4.911819148893517e-21	3.98408028053788e-21	3.2315626814926936e-21	2.6211724561953077e-21	2.126066125643935e-21	1.7244701164145667e-21	1.3987232118065277e-21	1.1344998544446388e-21	9.201801430736493e-22	7.463388175346935e-22	6.05330758724699e-22	4.909547748341076e-22	3.9818088799854427e-22	3.2292912809402516e-22	2.6189010556428676e-22	2.1237947250914955e-22	1.7221987158621285e-22	1.3964518112540862e-22	1.1322284538921987e-22	9.179087425212097e-23	7.440674169822537e-23	NaN	NaN	NaN	NaN	NaN	NaN	NaN	NaN	NaN	NaN	NaN	NaN	NaN	NaN	NaN	NaN
3.331383622939032e-15	2.7021879656857515e-15	2.1918279694886335e-15	1.777859241771444e-15	1.4420764437372504e-15	1.1697126638028891e-15	9.487900047077089e-16	7.695928246955709e-16	6.242404671971561e-16	5.063406887022272e-16	4.107085434217154e-16	3.331383619701338e-16	2.7021879624480565e-16	2.191827966250939e-16	1.7778592385337474e-16	1.4420764404995542e-16	1.169712660565193e-16	9.487900014700155e-17	7.695928214578768e-17	6.242404639594619e-17	5.063406854645323e-17	4.107085401840206e-17	3.331383587324391e-17	2.7021879300711083e-17	2.1918279338739912e-17	1.7778592061568e-17	1.4420764081226066e-17	1.1697126281882457e-17	9.487899690930676e-18	7.695927890809289e-18	6.2424043158251415e-18	5.0634065308758466e-18	4.10708507807073e-18	3.3313832635549133e-18	2.7021876063016317e-18	2.191827610104514e-18	1.7778588823873244e-18	1.4420760843531312e-18	1.1697123044187693e-18	9.487896453235914e-19	7.695924653114523e-19	6.242401078130376e-19	5.063403293181085e-19	4.1070818403759666e-19	3.33138002586015e-19	2.702184368606869e-19	2.191824372409752e-19	1.7778556446925614e-19	1.4420728466583684e-19	1.1697090667240067e-19	9.487864076288281e-20	7.695892276166903e-20	6.242368701182752e-20	5.06337091623346e-20	4.1070494634283423e-20	3.3313476489125256e-20	2.7021519916592434e-20	2.1917919954621272e-20	1.7778232677449375e-20	1.442040469710744e-20	1.1696766897763821e-20	9.487540306812039e-21	7.695568506690654e-21	6.242044931706504e-21	5.063047146757211e-21	4.1067256939520935e-21	3.331023879436276e-21	2.701828222182995e-21	2.1914682259858763e-21	1.7774994982686875e-21	1.4417167002344938e-21	1.1693529203001317e-21	9.484302612049544e-22	7.692330811928152e-22	6.238807236944006e-22	5.059809451994714e-22	4.1034879991895946e-22	3.3277861846737787e-22	2.6985905274204984e-22	2.1882305312233803e-22	1.7742618035061886e-22	1.4384790054719953e-22	1.1661152255376347e-22	9.451925664424566e-23	7.659953864303187e-23	NaN	NaN	NaN	NaN	NaN	NaN	NaN	NaN	NaN	NaN	NaN	NaN	NaN	NaN	NaN
4.118383238744332e-15	3.340547617859747e-15	2.70962116447382e-15	2.1978572661717025e-15	1.782749790173737e-15	1.4460433183004965e-15	1.1729303180376886e-15	9.513999432350551e-16	7.717098262762446e-16	6.259576324227481e-16	5.077335343329423e-16	4.1183832342999656e-16	3.3405476134153785e-16	2.7096211600294526e-16	2.1978572617273317e-16	1.7827497857293665e-16	1.4460433138561267e-16	1.172930313593321e-16	9.513999387906878e-17	7.717098218318768e-17	6.259576279783798e-17	5.077335298885741e-17	4.118383189856283e-17	3.340547568971696e-17	2.7096211155857688e-17	2.1978572172836487e-17	1.7827497412856834e-17	1.4460432694124436e-17	1.1729302691496383e-17	9.513998943470047e-18	7.71709777388194e-18	6.2595758353469685e-18	5.077334854448908e-18	4.1183827454194506e-18	3.3405471245348648e-18	2.709620671148937e-18	2.1978567728468197e-18	1.7827492968488545e-18	1.4460428249756132e-18	1.1729298247128078e-18	9.513994499101733e-19	7.717093329513627e-19	6.259571390978664e-19	5.077330410080606e-19	4.118378301051146e-19	3.3405426801665585e-19	2.7096162267806313e-19	2.197852328478514e-19	1.7827448524805482e-19	1.4460383806073073e-19	1.172925380344502e-19	9.513950055418685e-20	7.717048885830575e-20	6.259526947295608e-20	5.077285966397552e-20	4.1183338573680925e-20	3.3404982364835043e-20	2.7095717830975786e-20	2.19780788479546e-20	1.782700408797494e-20	1.4459939369242532e-20	1.1728809366614479e-20	9.513505618588142e-21	7.71660444900003e-21	6.259082510465066e-21	5.076841529567009e-21	4.117889420537548e-21	3.3400537996529615e-21	2.7091273462670337e-21	2.1973634479649163e-21	1.7822559719669503e-21	1.4455495000937098e-21	1.1724364998309045e-21	9.509061250282704e-22	7.712160080694598e-22	6.254638142159634e-22	5.07239716126157e-22	4.113445052232112e-22	3.335609431347527e-22	2.7046829779615993e-22	2.1929190796594797e-22	1.7778116036615145e-22	1.4411051317882741e-22	1.1679921315254692e-22	9.464617567228358e-23	NaN	NaN	NaN	NaN	NaN	NaN	NaN	NaN	NaN	NaN	NaN	NaN	NaN	NaN	NaN
5.0005619743368226e-15	4.0561099885349626e-15	3.2900358646505284e-15	2.668649524097666e-15	2.164623905443659e-15	1.755793186645548e-15	1.424177986054489e-15	1.1551946728965768e-15	9.370140146262376e-16	7.60040956021176e-16	6.164926519674607e-16	5.000561968419197e-16	4.0561099826173347e-16	3.290035858732903e-16	2.6686495181800367e-16	2.164623899526031e-16	1.7557931807279206e-16	1.424177980136865e-16	1.1551946669789533e-16	9.370140087086131e-17	7.600409501035504e-17	6.164926460498351e-17	5.000561909242943e-17	4.056109923441082e-17	3.290035799556646e-17	2.6686494590037817e-17	2.1646238403497757e-17	1.7557931215516667e-17	1.42417792096061e-17	1.1551946078026976e-17	9.370139495323578e-18	7.600408909272953e-18	6.164925868735798e-18	5.000561317480387e-18	4.056109331678529e-18	3.2900352077940934e-18	2.6686488672412306e-18	2.164623248587225e-18	1.7557925297891135e-18	1.424177329198057e-18	1.1551940160401446e-18	9.370133577698048e-19	7.600402991647432e-19	6.164919951110271e-19	5.000555399854863e-19	4.0561034140530007e-19	3.290029290168568e-19	2.668642949615705e-19	2.1646173309616991e-19	1.7557866121635874e-19	1.424171411572531e-19	1.1551880984146188e-19	9.370074401442794e-20	7.600343815392175e-20	6.164860774855019e-20	5.000496223599609e-20	4.0560442377977494e-20	3.2899701139133145e-20	2.668583773360452e-20	2.1645581547064458e-20	1.7557274359083348e-20	1.424112235317278e-20	1.1551289221593659e-20	9.369482638890262e-21	7.599752052839644e-21	6.1642690123024895e-21	4.999904461047078e-21	4.055452475245217e-21	3.2893783513607827e-21	2.6679920108079214e-21	2.1639663921539144e-21	1.7551356733558028e-21	1.4235204727647468e-21	1.1545371596068346e-21	9.363565013364947e-22	7.593834427314329e-22	6.158351386777174e-22	4.993986835521761e-22	4.0495348497199023e-22	3.2834607258354685e-22	2.662074385282603e-22	2.1580487666285973e-22	1.7492180478304867e-22	1.4176028472394314e-22	1.1486195340815191e-22	9.304388758111793e-23	NaN	NaN	NaN	NaN	NaN	NaN	NaN	NaN	NaN	NaN	NaN	NaN	NaN	NaN
5.9560613118065764e-15	4.8311449599187384e-15	3.918690624843054e-15	3.178570781975462e-15	2.5782367589463383e-15	2.091287324095411e-15	1.6963076244522053e-15	1.3759274125355547e-15	1.1160571450750256e-15	9.052683591322285e-16	7.3429107606929795e-16	5.956061304122995e-16	4.83114495223516e-16	3.918690617159474e-16	3.178570774291878e-16	2.5782367512627557e-16	2.0912873164118283e-16	1.6963076167686261e-16	1.375927404851975e-16	1.1160571373914462e-16	9.052683514486479e-17	7.342910683857173e-17	5.956061227287191e-17	4.831144875399354e-17	3.9186905403236684e-17	3.178570697456073e-17	2.5782366744269505e-17	2.0912872395760232e-17	1.6963075399328216e-17	1.3759273280161698e-17	1.1160570605556407e-17	9.052682746128425e-18	7.34290991549912e-18	5.956060458929135e-18	4.831144107041301e-18	3.918689771965612e-18	3.178569929098021e-18	2.5782359060688972e-18	2.0912864712179687e-18	1.6963067715747677e-18	1.3759265596581155e-18	1.1160562921975869e-18	9.052675062547893e-19	7.342902231918586e-19	5.956052775348601e-19	4.831136423460761e-19	3.918682088385076e-19	3.178562245517483e-19	2.57822822248836e-19	2.0912787876374315e-19	1.69629908799423e-19	1.375918876077579e-19	1.1160486086170495e-19	9.052598226742522e-20	7.342825396113214e-20	5.955975939543229e-20	4.8310595876553917e-20	3.9186052525797034e-20	3.1784854097121103e-20	2.5781513866829885e-20	2.0912019518320602e-20	1.6962222521888584e-20	1.375842040272207e-20	1.115971772811678e-20	9.051829868688797e-21	7.342057038059493e-21	5.955207581489509e-21	4.83029122960167e-21	3.9178368945259836e-21	3.1777170516583917e-21	2.5773830286292685e-21	2.09043359377834e-21	1.695453894135139e-21	1.3750736822184868e-21	1.1152034147579578e-21	9.044146288151606e-22	7.334373457522292e-22	5.947524000952312e-22	4.8226076490644735e-22	3.910153313988788e-22	3.1700334711211914e-22	2.5696994480920697e-22	2.0827500132411419e-22	1.6877703135979407e-22	1.3673901016812895e-22	1.10751983422076e-22	NaN	NaN	NaN	NaN	NaN	NaN	NaN	NaN	NaN	NaN	NaN	NaN	NaN	NaN
6.992838091559725e-15	5.672106570579612e-15	4.600820514716884e-15	3.731867366211544e-15	3.027032676947092e-15	2.455319529874626e-15	1.9915853699163466e-15	1.6154362954838328e-15	1.3103301842386168e-15	1.0628492107452734e-15	8.621097631109779e-16	6.992838081791083e-16	5.672106560810969e-16	4.600820504948241e-16	3.7318673564428977e-16	3.027032667178447e-16	2.455319520105981e-16	1.9915853601477063e-16	1.6154362857151923e-16	1.3103301744699757e-16	1.0628492009766308e-16	8.621097533423348e-17	6.992837984104658e-17	5.672106463124546e-17	4.6008204072618174e-17	3.731867258756473e-17	3.027032569492023e-17	2.4553194224195572e-17	1.9915852624612816e-17	1.6154361880287678e-17	1.3103300767835517e-17	1.0628491032902071e-17	8.621096556559109e-18	6.992837007240416e-18	5.672105486260304e-18	4.600819430397574e-18	3.731866281892233e-18	3.0270315926277807e-18	2.4553184455553138e-18	1.9915842855970393e-18	1.6154352111645252e-18	1.3103290999193082e-18	1.0628481264259651e-18	8.621086787916689e-19	6.9928272385979925e-19	5.672095717617877e-19	4.600809661755148e-19	3.731856513249808e-19	3.0270218239853554e-19	2.4553086769128904e-19	1.9915745169546142e-19	1.6154254425221008e-19	1.3103193312768836e-19	1.0628383577835407e-19	8.62098910149244e-20	6.992729552173745e-20	5.67199803119363e-20	4.6007119753309037e-20	3.7317588268255624e-20	3.026924137561109e-20	2.4552109904886437e-20	1.9914768305303674e-20	1.6153277560978538e-20	1.3102216448526369e-20	1.0627406713592938e-20	8.620012237249976e-21	6.991752687931276e-21	5.671021166951165e-21	4.599735111088435e-21	3.730781962583094e-21	3.0259472733186423e-21	2.4542341262461762e-21	1.9904999662879008e-21	1.614350891855386e-21	1.3092447806101703e-21	1.0617638071168265e-21	8.610243594825298e-22	6.981984045506605e-22	5.661252524526493e-22	4.589966468663766e-22	3.7210133201584203e-22	3.0161786308939694e-22	2.444465483821504e-22	1.980731323863229e-22	1.6045822494307148e-22	1.299476138185499e-22	NaN	NaN	NaN	NaN	NaN	NaN	NaN	NaN	NaN	NaN	NaN	NaN	NaN	NaN
8.113817806397408e-15	6.581367777923297e-15	5.338350313183409e-15	4.330100524322854e-15	3.512278035440866e-15	2.8489170005955288e-15	2.310844413287918e-15	1.874397148519945e-15	1.5203813160528124e-15	1.2332281597510444e-15	1.0003093815161102e-15	8.113817794198893e-16	6.581367765724781e-16	5.338350300984894e-16	4.3301005121243346e-16	3.5122780232423453e-16	2.8489169883970095e-16	2.310844401089405e-16	1.8743971363214314e-16	1.5203813038542984e-16	1.2332281475525288e-16	1.0003093693175945e-16	8.113817672213733e-17	6.581367643739622e-17	5.3383501789997355e-17	4.330100390139176e-17	3.512277901257188e-17	2.8489168664118516e-17	2.3108442791042464e-17	1.8743970143362725e-17	1.5203811818691395e-17	1.2332280255673701e-17	1.0003092473324364e-17	8.113816452362147e-18	6.581366423888038e-18	5.338348959148149e-18	4.3300991702875944e-18	3.512276681405606e-18	2.8489156465602675e-18	2.310843059252663e-18	1.8743957944846876e-18	1.5203799620175551e-18	1.2332268057157868e-18	1.000308027480852e-18	8.113804253846313e-19	6.581354225372198e-19	5.338336760632313e-19	4.330086971771754e-19	3.5122644828897664e-19	2.8489034480444295e-19	2.3108308607368244e-19	1.8743835959688508e-19	1.520367763501718e-19	1.233214607199949e-19	1.0002958289650145e-19	8.113682268687935e-20	6.581232240213821e-20	5.338214775473935e-20	4.3299649866133806e-20	3.5121424977313906e-20	2.848781462886055e-20	2.310708875578449e-20	1.8742616108104743e-20	1.520245778343341e-20	1.2330926220415727e-20	1.0001738438066385e-20	8.112462417104171e-21	6.5800123886300565e-21	5.336994923890169e-21	4.328745135029615e-21	3.5109226461476265e-21	2.8475616113022896e-21	2.3094890239946838e-21	1.8730417592267087e-21	1.519025926759576e-21	1.2318727704578075e-21	9.989539922228725e-22	8.100263901266518e-22	6.567813872792407e-22	5.324796408052519e-22	4.316546619191961e-22	3.4987241303099724e-22	2.8353630954646355e-22	2.2972905081570324e-22	1.860843243389059e-22	1.506827410921925e-22	1.2196742546201556e-22	NaN	NaN	NaN	NaN	NaN	NaN	NaN	NaN	NaN	NaN	NaN	NaN	NaN
9.329832257756226e-15	7.567714590047473e-15	6.138406622289684e-15	4.979050862947991e-15	4.038661662692353e-15	3.275882989423349e-15	2.6571696904659997e-15	2.155312258262103e-15	1.748240222340578e-15	1.4180515436523013e-15	1.1502253263905305e-15	9.329832242757307e-16	7.567714575048553e-16	6.138406607290767e-16	4.979050847949066e-16	4.0386616476934303e-16	3.275882974424427e-16	2.6571696754670856e-16	2.155312243263188e-16	1.7482402073416626e-16	1.4180515286533836e-16	1.1502253113916123e-16	9.329832092768126e-17	7.567714425059375e-17	6.138406457301585e-17	4.979050697959889e-17	4.038661497704253e-17	3.2758828244352476e-17	2.6571695254779062e-17	2.1553120932740086e-17	1.7482400573524825e-17	1.4180513786642044e-17	1.150225161402433e-17	9.329830592876335e-18	7.56771292516758e-18	6.138404957409791e-18	4.979049198068096e-18	4.0386599978124604e-18	3.275881324543454e-18	2.6571680255861136e-18	2.1553105933822146e-18	1.7482385574606878e-18	1.4180498787724108e-18	1.1502236615106394e-18	9.3298155939584e-19	7.567697926249643e-19	6.138389958491858e-19	4.979034199150161e-19	4.038644998894525e-19	3.27586632562552e-19	2.657153026668177e-19	2.15529559446428e-19	1.7482235585427537e-19	1.4180348798544765e-19	1.1502086625927052e-19	9.329665604779054e-20	7.5675479370703e-20	6.138239969312509e-20	4.9788842099708166e-20	4.038495009715179e-20	3.275716336446176e-20	2.657003037488832e-20	2.1551456052849347e-20	1.7480735693634082e-20	1.4178848906751303e-20	1.1500586734133595e-20	9.328165712985597e-21	7.566048045276843e-21	6.136740077519053e-21	4.97738431817736e-21	4.036995117921722e-21	3.274216444652717e-21	2.6555031456953744e-21	2.153645713491476e-21	1.7465736775699504e-21	1.416384998881673e-21	1.1485587816199015e-21	9.313166795051023e-22	7.551049127342266e-22	6.121741159584478e-22	4.96238540024278e-22	4.0219961999871447e-22	3.259217526718141e-22	2.640504227760798e-22	2.138646795556901e-22	1.7315747596353747e-22	1.4013860809470967e-22	NaN	NaN	NaN	NaN	NaN	NaN	NaN	NaN	NaN	NaN	NaN	NaN	NaN
1.0631145788694487e-14	8.623250115448204e-15	6.9945840298689215e-15	5.6735227547940145e-15	4.601969225218419e-15	3.732799120538146e-15	3.027788451431272e-15	2.4559325616830253e-15	1.9920826187395535e-15	1.615839629158066e-15	1.310657340440039e-15	1.0631145770498872e-15	8.623250097252587e-16	6.994584011673311e-16	5.673522736598396e-16	4.601969207022803e-16	3.7327991023425298e-16	3.027788433235661e-16	2.455932543487415e-16	1.9920826005439423e-16	1.6158396109624535e-16	1.3106573222444259e-16	1.0631145588542742e-16	8.623249915296456e-17	6.99458382971718e-17	5.673522554642263e-17	4.601969025066672e-17	3.7327989203863997e-17	3.0277882512795307e-17	2.4559323615312832e-17	1.992082418587812e-17	1.6158394290063223e-17	1.3106571402882949e-17	1.0631143768981433e-17	8.623248095735149e-18	6.994582010155865e-18	5.673520735080958e-18	4.601967205505367e-18	3.7327971008250925e-18	3.027786431718223e-18	2.4559305419699746e-18	1.9920805990265024e-18	1.615837609445015e-18	1.3106553207269873e-18	1.0631125573368353e-18	8.623229900122066e-19	6.994563814542786e-19	5.673502539467879e-19	4.601949009892285e-19	3.7327789052120105e-19	3.0277682361051425e-19	2.4559123463568934e-19	1.9920624034134211e-19	1.615819413831935e-19	1.310637125113907e-19	1.0630943617237551e-19	8.623047943991263e-20	6.994381858411985e-20	5.673320583337078e-20	4.6017670537614815e-20	3.732596949081208e-20	3.027586279974339e-20	2.4557303902260926e-20	1.991880447282619e-20	1.615637457701132e-20	1.3104551689831048e-20	1.0629124055929523e-20	8.62122838268324e-21	6.992562297103957e-21	5.67150102202905e-21	4.599947492453456e-21	3.7307773877731815e-21	3.0257667186663137e-21	2.453910828918065e-21	1.9900608859745928e-21	1.6138178963931058e-21	1.3086356076750777e-21	1.0610928442849262e-21	8.603032769602978e-22	6.974366684023698e-22	5.653305408948785e-22	4.58175187937319e-22	3.712581774692918e-22	3.00757110558605e-22	2.4357152158378027e-22	1.9718652728943312e-22	1.5956222833128419e-22	NaN	NaN	NaN	NaN	NaN	NaN	NaN	NaN	NaN	NaN	NaN	NaN	NaN
1.3481854472082718e-14	1.0935547817982951e-14	8.870159986197699e-15	7.194860238298815e-15	5.835972961963842e-15	4.733737596560718e-15	3.839680508895501e-15	3.1144832406042125e-15	2.5262533778886893e-15	2.0491220006489423e-15	1.6621060302326389e-15	1.3481854446199851e-15	1.0935547792100084e-15	8.870159960314836e-16	7.194860212415944e-16	5.835972936080975e-16	4.73373757067785e-16	3.8396804830126423e-16	3.1144832147213526e-16	2.526253352005828e-16	2.0491219747660787e-16	1.6621060043497754e-16	1.348185418737122e-16	1.0935547533271455e-16	8.870159701486202e-17	7.194859953587312e-17	5.83597267725234e-17	4.733737311849216e-17	3.839680224184008e-17	3.1144829558927183e-17	2.5262530931771936e-17	2.049121715937445e-17	1.6621057455211415e-17	1.3481851599084878e-17	1.0935544944985111e-17	8.870157113199853e-18	7.194857365300973e-18	5.835970088966e-18	4.7337347235628745e-18	3.8396776358976666e-18	3.1144803676063742e-18	2.526250504890851e-18	2.049119127651103e-18	1.662103157234799e-18	1.3481825716221454e-18	1.0935519062121683e-18	8.870131230336432e-19	7.19483148243755e-19	5.835944206102577e-19	4.733708840699453e-19	3.839651753034244e-19	3.114454484742956e-19	2.5262246220274296e-19	2.049093244787683e-19	1.662077274371378e-19	1.3481566887587244e-19	1.0935260233487477e-19	8.869872401702222e-20	7.194572653803338e-20	5.835685377468363e-20	4.733450012065241e-20	3.8393929244000314e-20	3.114195656108743e-20	2.525965793393217e-20	2.04883441615347e-20	1.6618184457371657e-20	1.347897860124512e-20	1.0932671947145354e-20	8.8672841153601e-21	7.191984367461214e-21	5.833097091126241e-21	4.7308617257231176e-21	3.83680463805791e-21	3.1116073697666193e-21	2.5233775070510947e-21	2.0462461298113473e-21	1.6592301593950426e-21	1.3453095737823895e-21	1.0906789083724129e-21	8.841401251938875e-22	7.166101504039984e-22	5.807214227705012e-22	4.70497886230189e-22	3.810921774636682e-22	3.085724506345394e-22	2.497494643629868e-22	2.0203632663901184e-22	1.6333472959738153e-22	NaN	NaN	NaN	NaN	NaN	NaN	NaN	NaN	NaN	NaN	NaN	NaN
1.665075624856787e-14	1.3505941748433132e-14	1.0955085750259385e-14	8.886007805235854e-15	7.207714892720301e-15	5.846399768283118e-15	4.742195100431808e-15	3.846540650835735e-15	3.120047713034391e-15	2.5307668928327467e-15	2.0527830515741598e-15	1.6650756213100347e-15	1.3505941712965603e-15	1.0955085714791862e-15	8.88600776976832e-16	7.207714857252771e-16	5.846399732815588e-16	4.742195064964288e-16	3.846540615368214e-16	3.1200476775668693e-16	2.5307668573652227e-16	2.0527830161066342e-16	1.6650755858425102e-16	1.3505941358290363e-16	1.0955085360116613e-16	8.886007415093076e-17	7.207714502577525e-17	5.846399378140343e-17	4.742194710289045e-17	3.846540260692969e-17	3.120047322891626e-17	2.5307665026899775e-17	2.0527826614313898e-17	1.665075231167265e-17	1.3505937811537911e-17	1.095508181336416e-17	8.886003868340632e-18	7.207710955825082e-18	5.846395831387895e-18	4.7421911635365955e-18	3.846536713940519e-18	3.1200437761391744e-18	2.53076295593753e-18	2.052779114678941e-18	1.6650716844148168e-18	1.3505902344013427e-18	1.095504634583968e-18	8.885968400816152e-19	7.207675488300597e-19	5.846360363863412e-19	4.74215569601211e-19	3.8465012464160374e-19	3.1200083086146922e-19	2.5307274884130483e-19	2.0527436471544598e-19	1.6650362168903347e-19	1.3505547668768606e-19	1.0954691670594853e-19	8.885613725571328e-20	7.207320813055774e-20	5.846005688618589e-20	4.741801020767289e-20	3.8461465711712135e-20	3.11965363336987e-20	2.5303728131682233e-20	2.052388971909636e-20	1.6646815416455103e-20	1.3502000916320365e-20	1.0951144918146612e-20	8.882066973123086e-21	7.20377406060753e-21	5.8424589361703454e-21	4.738254268319048e-21	3.842599818722971e-21	3.1161068809216276e-21	2.5268260607199836e-21	2.0488422194613936e-21	1.6611347891972697e-21	1.3466533391837957e-21	1.0915677393664208e-21	8.84659944864067e-22	7.168306536125117e-22	5.8069914116879345e-22	4.702786743836635e-22	3.807132294240561e-22	3.080639356439217e-22	2.4913585362375705e-22	2.0133746949789821e-22	NaN	NaN	NaN	NaN	NaN	NaN	NaN	NaN	NaN	NaN	NaN	NaN
2.0147415060302146e-14	1.6342189515138004e-14	1.3255653757346868e-14	1.0752069443867674e-14	8.721335019723262e-15	7.074143719153788e-15	5.738056071053314e-15	4.654314187041747e-15	3.775257732301867e-15	3.0622279398576694e-15	2.483867491934609e-15	2.0147415013148826e-15	1.6342189467984681e-15	1.3255653710193552e-15	1.075206939671434e-15	8.721334972569935e-16	7.074143672000459e-16	5.738056023900001e-16	4.654314139888436e-16	3.775257685148554e-16	3.062227892704352e-16	2.483867444781292e-16	2.0147414541615646e-16	1.6342188996451507e-16	1.325565323866037e-16	1.0752068925181162e-16	8.721334501036757e-17	7.074143200467284e-17	5.738055552366823e-17	4.654313668355255e-17	3.7752572136153736e-17	3.0622274211711736e-17	2.4838669732481132e-17	2.0147409826283855e-17	1.6342184281119718e-17	1.3255648523328574e-17	1.0752064209849378e-17	8.721329785704968e-18	7.074138485135494e-18	5.738050837035034e-18	4.654308953023462e-18	3.775252498283582e-18	3.0622227058393838e-18	2.483862257916323e-18	2.014736267296596e-18	1.634213712780181e-18	1.3255601370010678e-18	1.0752017056531475e-18	8.721282632387067e-19	7.074091331817592e-19	5.738003683717129e-19	4.654261799705565e-19	3.775205344965681e-19	3.0621755525214832e-19	2.4838151045984223e-19	2.0146891139786944e-19	1.6341665594622797e-19	1.325512983683167e-19	1.0751545523352463e-19	8.720811099208057e-20	7.073619798638581e-20	5.737532150538118e-20	4.6537902665265504e-20	3.774733811786668e-20	3.06170401934247e-20	2.48334357141941e-20	2.0142175807996817e-20	1.6336950262832682e-20	1.325041450504154e-20	1.0746830191562341e-20	8.716095767417934e-21	7.068904466848457e-21	5.7328168187479975e-21	4.649074934736429e-21	3.770018479996545e-21	3.0569886875523484e-21	2.4786282396292852e-21	2.0095022490095586e-21	1.6289796944931449e-21	1.320326118714031e-21	1.0699676873661105e-21	8.668942449516696e-22	7.021751148947225e-22	5.685663500846764e-22	4.601921616835199e-22	3.7228651620953134e-22	3.0098353696511146e-22	2.4314749217280543e-22	1.9623489311083263e-22	NaN	NaN	NaN	NaN	NaN	NaN	NaN	NaN	NaN	NaN	NaN
2.3977088996827567e-14	1.9448556116631892e-14	1.5775323479260367e-14	1.2795851238425407e-14	1.0379109444402136e-14	8.418815665211877e-15	6.828760943505417e-15	5.539018536086602e-15	4.4928687056522896e-15	3.644304324561614e-15	2.956007593148997e-15	2.397708893568455e-15	1.9448556055488892e-15	1.5775323418117364e-15	1.2795851177282388e-15	1.0379109383259119e-15	8.418815604068865e-16	6.82876088236242e-16	5.539018474943604e-16	4.49286864450929e-16	3.644304263418607e-16	2.9560075320059937e-16	2.39770883242545e-16	1.944855544405884e-16	1.577532280668731e-16	1.2795850565852332e-16	1.0379108771829066e-16	8.418814992638809e-17	6.828760270932365e-17	5.5390178635135483e-17	4.4928680330792336e-17	3.644303651988555e-17	2.956006920575938e-17	2.397708220995395e-17	1.94485493297583e-17	1.577531669238676e-17	1.2795844451551804e-17	1.0379102657528532e-17	8.418808878338271e-18	6.828754156631824e-18	5.5390117492130045e-18	4.4928619187786935e-18	3.644297537688015e-18	2.9560008062753975e-18	2.3977021066948562e-18	1.9448488186752883e-18	1.5775255549381365e-18	1.27957833085464e-18	1.0379041514523129e-18	8.418747735332867e-19	6.828693013626419e-19	5.538950606207607e-19	4.492800775773289e-19	3.6442363946826144e-19	2.9559396632699967e-19	2.3976409636894542e-19	1.9447876756698868e-19	1.577464411932734e-19	1.279517187849238e-19	1.0378430084469102e-19	8.418136305278847e-20	6.828081583572398e-20	5.538339176153584e-20	4.49218934571927e-20	3.643624964628592e-20	2.9553282332159746e-20	2.3970295336354332e-20	1.944176245615866e-20	1.576852981878713e-20	1.2789057577952167e-20	1.0372315783928897e-20	8.412022004738637e-21	6.821967283032189e-21	5.532224875613372e-21	4.486075045179057e-21	3.637510664088381e-21	2.9492139326757636e-21	2.3909152330952213e-21	1.938061945075655e-21	1.5707386813385023e-21	1.2727914572550052e-21	1.0311172778526783e-21	8.350878999336526e-22	6.760824277630078e-22	5.471081870211262e-22	4.424932039776947e-22	3.576367658686269e-22	2.8880709272736515e-22	2.329772227693111e-22	NaN	NaN	NaN	NaN	NaN	NaN	NaN	NaN	NaN	NaN	NaN
2.8139778058123476e-14	2.2825041552893804e-14	1.8514094915978582e-14	1.501735318888754e-14	1.2181038166735216e-14	9.880415606435525e-15	8.014309717766123e-15	6.5006536979482025e-15	5.272880633063482e-15	4.276996046922336e-15	3.469203355195026e-15	2.8139777980484138e-15	2.282504147525448e-15	1.8514094838339255e-15	1.5017353111248189e-15	1.2181038089095867e-15	9.880415528796177e-16	8.014309640126799e-16	6.500653620308876e-16	5.272880555424154e-16	4.2769959692830033e-16	3.469203277555691e-16	2.8139777204090805e-16	2.2825040698861144e-16	1.851409406194592e-16	1.5017352334854853e-16	1.2181037312702533e-16	9.880414752402847e-17	8.014308863733466e-17	6.500652843915539e-17	5.272879779030817e-17	4.276995192889669e-17	3.469202501162358e-17	2.813976944015745e-17	2.2825032934927792e-17	1.8514086298012563e-17	1.5017344570921515e-17	1.218102954876919e-17	9.880406988469496e-18	8.014301099800115e-18	6.500645079982188e-18	5.272872015097467e-18	4.2769874289563205e-18	3.4691947372290078e-18	2.8139691800823953e-18	2.2824955295594284e-18	1.8514008658679068e-18	1.5017266931588019e-18	1.218095190943569e-18	9.880329349136002e-19	8.014223460466617e-19	6.500567440648695e-19	5.272794375763973e-19	4.2769097896228265e-19	3.469117097895515e-19	2.813891540748902e-19	2.282417890225935e-19	1.8513232265344133e-19	1.5016490538253081e-19	1.218017551610075e-19	9.879552955801064e-20	8.013447067131678e-20	6.499791047313755e-20	5.272017982429032e-20	4.276133396287884e-20	3.468340704560575e-20	2.8131151474139613e-20	2.2816414968909954e-20	1.8505468331994717e-20	1.500872660490367e-20	1.2172411582751344e-20	9.871789022451651e-21	8.005683133782272e-21	6.4920271139643466e-21	5.264254049079624e-21	4.268369462938478e-21	3.460576771211165e-21	2.8053512140645524e-21	2.2738775635415867e-21	1.842782899850065e-21	1.4931087271409586e-21	1.2094772249257263e-21	9.794149688957575e-22	7.928043800288191e-22	6.41438778047027e-22	5.186614715585548e-22	4.190730129444399e-22	3.3829374377170863e-22	2.727711880570477e-22	2.19623823004751e-22	NaN	NaN	NaN	NaN	NaN	NaN	NaN	NaN	NaN	NaN
3.263548224416855e-14	2.6471645823902183e-14	2.1471968067479813e-14	1.7416575295232198e-14	1.4127121186700507e-14	1.1458943542802653e-14	9.294702393813289e-15	7.539219672604335e-15	6.11529351451318e-15	4.9603031069175355e-15	4.023454778050358e-15	3.2635482147323934e-15	2.647164572705757e-15	2.147196797063521e-15	1.741657519838758e-15	1.4127121089855888e-15	1.1458943445958032e-15	9.294702296968692e-16	7.539219575759741e-16	6.115293417668584e-16	4.960303010072931e-16	4.0234546812057523e-16	3.2635481178877907e-16	2.647164475861155e-16	2.147196700218916e-16	1.7416574229941538e-16	1.4127120121409853e-16	1.1458942477511995e-16	9.294701328522656e-17	7.539218607313702e-17	6.115292449222545e-17	4.9603020416268914e-17	4.0234537127597156e-17	3.263547149441751e-17	2.6471635074151163e-17	2.1471957317728778e-17	1.7416564545481168e-17	1.4127110436949483e-17	1.1458932793051618e-17	9.294691644062275e-18	7.539208922853321e-18	6.1152827647621626e-18	4.9602923571665144e-18	4.0234440282993355e-18	3.263537464981372e-18	2.6471538229547358e-18	2.1471860473124986e-18	1.741646770087738e-18	1.412701359234568e-18	1.1458835948447818e-18	9.294594799458474e-19	7.539112078249525e-19	6.115185920158364e-19	4.960195512562718e-19	4.023347183695539e-19	3.2634406203775747e-19	2.6470569783509388e-19	2.1470892027087008e-19	1.7415499254839405e-19	1.412604514630771e-19	1.145786750240985e-19	9.293626353420508e-20	7.538143632211554e-20	6.114217474120396e-20	4.9592270665247444e-20	4.022378737657569e-20	3.262472174339605e-20	2.6460885323129698e-20	2.1461207566707306e-20	1.7405814794459697e-20	1.4116360685928006e-20	1.144818304203014e-20	9.283941893040803e-21	7.528459171831844e-21	6.10453301374069e-21	4.949542606145042e-21	4.012694277277861e-21	3.2527877139599e-21	2.6364040719332642e-21	2.1364362962910255e-21	1.7308970190662633e-21	1.4019516082130943e-21	1.1351338438233083e-21	9.187097289243742e-22	7.431614568034792e-22	6.007688409943634e-22	4.852698002347982e-22	3.915849673480805e-22	3.1559431101628422e-22	2.539559468136206e-22	NaN	NaN	NaN	NaN	NaN	NaN	NaN	NaN	NaN	NaN
3.7464201554940536e-14	3.038836892963476e-14	2.4648942933741713e-14	1.999351755743707e-14	1.6217358504275684e-14	1.3154399474290888e-14	1.0669938971624533e-14	8.654716460032627e-15	7.020107349979001e-15	5.6942255045248125e-15	4.618761861692595e-15	3.746420143597992e-15	3.0388368810674156e-15	2.4648942814781117e-15	1.9993517438476447e-15	1.6217358385315072e-15	1.3154399355330275e-15	1.0669938852663949e-15	8.654716341072037e-16	7.020107231018412e-16	5.694225385564215e-16	4.618761742731998e-16	3.746420024637398e-16	3.0388367621068204e-16	2.464894162517516e-16	1.9993516248870485e-16	1.621735719570911e-16	1.315439816572432e-16	1.0669937663057986e-16	8.654715151466075e-17	7.02010604141245e-17	5.694224195958254e-17	4.618760553126036e-17	3.7464188350314335e-17	3.038835572500858e-17	2.4648929729115524e-17	1.999350435281087e-17	1.6217345299649498e-17	1.3154386269664698e-17	1.0669925766998362e-17	8.654703255406447e-18	7.020094145352822e-18	5.6942122998986346e-18	4.618748657066413e-18	3.746406938971813e-18	3.038823676441235e-18	2.464881076851931e-18	1.9993385392214654e-18	1.6217226339053274e-18	1.3154267309068476e-18	1.0669806806402141e-18	8.654584294810229e-19	7.019975184756603e-19	5.694093339302416e-19	4.618629696470193e-19	3.7462879783755917e-19	3.0387047158450155e-19	2.46476211625571e-19	1.9992195786252447e-19	1.6216036733091061e-19	1.3153077703106275e-19	1.0668617200439933e-19	8.653394688848024e-20	7.018785578794396e-20	5.692903733340207e-20	4.6174400905079875e-20	3.7450983724133863e-20	3.0375151098828085e-20	2.4635725102935028e-20	1.9980299726630384e-20	1.6204140673469006e-20	1.3141181643484204e-20	1.065672114081787e-20	8.641498629225953e-21	7.006889519172329e-21	5.681007673718143e-21	4.60554403088592e-21	3.733202312791319e-21	3.0256190502607437e-21	2.451676450671439e-21	1.986133913040972e-21	1.6085180077248333e-21	1.3022221047263549e-21	1.0537760544597213e-21	8.522538033005304e-22	6.887928922951679e-22	5.562047077497484e-22	4.486583434665266e-22	3.6142417165706653e-22	2.9066584540400875e-22	NaN	NaN	NaN	NaN	NaN	NaN	NaN	NaN	NaN	NaN
4.2625935990417035e-14	3.4575210870069144e-14	2.8045019514741963e-14	2.2748179975479777e-14	1.845175011943838e-14	1.4966783400877908e-14	1.2140019451177513e-14	9.847144060210724e-15	7.987322139438603e-15	6.4787632397218364e-15	5.2551246060994016e-15	4.262593584622878e-15	3.4575210725880886e-15	2.8045019370553698e-15	2.2748179831291494e-15	1.8451749975250103e-15	1.4966783256689631e-15	1.2140019306989269e-15	9.847143916022473e-16	7.987321995250349e-16	6.478763095533577e-16	5.255124461911143e-16	4.2625934404346194e-16	3.4575209283998294e-16	2.8045017928671095e-16	2.2748178389408897e-16	1.8451748533367507e-16	1.4966781814807036e-16	1.2140017865106671e-16	9.847142474139876e-17	7.987320553367751e-17	6.478761653650979e-17	5.2551230200285435e-17	4.262591998552019e-17	3.45751948651723e-17	2.8045003509845103e-17	2.2748163970582923e-17	1.8451734114541532e-17	1.4966767395981053e-17	1.2140003446280692e-17	9.847128055313889e-18	7.987306134541764e-18	6.4787472348250014e-18	5.255108601202562e-18	4.262577579726037e-18	3.457505067691246e-18	2.804485932158529e-18	2.2748019782323103e-18	1.8451589926281707e-18	1.4966623207721229e-18	1.2139859258020861e-18	9.846983867054067e-19	7.987161946281939e-19	6.478603046565175e-19	5.254964412942739e-19	4.2624333914662122e-19	3.4573608794314237e-19	2.804341743898704e-19	2.2746577899724855e-19	1.8450148043683462e-19	1.4965181325122981e-19	1.2138417375422618e-19	9.845541984455821e-20	7.985720063683694e-20	6.477161163966927e-20	5.253522530344494e-20	4.260991508867968e-20	3.455918996833179e-20	2.8028998613004585e-20	2.2732159073742397e-20	1.8435729217701007e-20	1.495076249914053e-20	1.2123998549440167e-20	9.831123158473366e-21	7.971301237701241e-21	6.462742337984479e-21	5.239103704362039e-21	4.246572682885517e-21	3.441500170850727e-21	2.7884810353180054e-21	2.258797081391786e-21	1.8291540957876466e-21	1.4806574239315998e-21	1.1979810289615635e-21	9.68693489864884e-22	7.8271129778767175e-22	6.318554078159943e-22	5.094915444537508e-22	4.1023844230609857e-22	3.2973119110261954e-22	2.6442927754934765e-22	NaN	NaN	NaN	NaN	NaN	NaN	NaN	NaN	NaN
5.3948450235394606e-14	4.375925125495429e-14	3.549447782086831e-14	2.879066527898962e-14	2.3352996242437227e-14	1.8942335239259122e-14	1.5364712115419562e-14	1.2462791698727216e-14	1.0108954580249999e-14	8.199684722795971e-15	6.651017077117572e-15	5.3948450030613465e-15	4.375925105017316e-15	3.5494477616087183e-15	2.8790665074208456e-15	2.3352996037656074e-15	1.8942335034477976e-15	1.5364711910638449e-15	1.24627914939461e-15	1.0108954375468879e-15	8.199684518014839e-16	6.651016872336444e-16	5.394844798280218e-16	4.375924900236188e-16	3.5494475568275885e-16	2.879066302639717e-16	2.3352993989844775e-16	1.8942332986666675e-16	1.5364709862827159e-16	1.2462789446134807e-16	1.0108952327657585e-16	8.199682470203548e-17	6.65101482452515e-17	5.394842750468925e-17	4.375922852424895e-17	3.549445509016294e-17	2.879064254828425e-17	2.335297351173186e-17	1.894231250855375e-17	1.5364689384714223e-17	1.2462768968021865e-17	1.0108931849544649e-17	8.199661992090617e-18	6.650994346412219e-18	5.39482227235599e-18	4.375902374311961e-18	3.549425030903362e-18	2.879043776715493e-18	2.335276873060253e-18	1.8942107727424416e-18	1.5364484603584896e-18	1.2462564186892543e-18	1.0108727068415321e-18	8.199457210961288e-19	6.650789565282892e-19	5.394617491226665e-19	4.375697593182633e-19	3.5492202497740353e-19	2.878838995586165e-19	2.335072091930926e-19	1.8940059916131156e-19	1.5362436792291633e-19	1.2460516375599281e-19	1.010667925712206e-19	8.197409399668027e-20	6.648741753989633e-20	5.392569679933405e-20	4.373649781889372e-20	3.5471724384807734e-20	2.8767911842929045e-20	2.333024280637664e-20	1.8919581803198534e-20	1.534195867935901e-20	1.2440038262666654e-20	1.0086201144189435e-20	8.176931286735405e-21	6.6282636410570044e-21	5.372091567000782e-21	4.35317166895675e-21	3.526694325548153e-21	2.85631307136028e-21	2.3125461677050413e-21	1.8714800673872315e-21	1.5137177550032785e-21	1.223525713334044e-21	9.881420014863215e-22	7.972150157409179e-22	6.423482511730786e-22	5.167310437674559e-22	4.148390539630528e-22	3.32191319622193e-22	NaN	NaN	NaN	NaN	NaN	NaN	NaN	NaN	NaN
6.660302497892341e-14	5.402376697837984e-14	4.382034298568108e-14	3.554403120558395e-14	2.883085955551926e-14	2.3385599057768523e-14	1.8968780386361657e-14	1.5386162587976038e-14	1.24801908367696e-14	1.0123067555962156e-14	8.211132190927103e-15	6.6603024698700345e-15	5.4023766698156754e-15	4.382034270545802e-15	3.554403092536083e-15	2.8830859275296154e-15	2.3385598777545417e-15	1.8968780106138605e-15	1.5386162307752984e-15	1.2480190556546539e-15	1.012306727573908e-15	8.211131910704031e-16	6.66030218964696e-16	5.402376389592604e-16	4.3820339903227285e-16	3.5544028123130085e-16	2.883085647306541e-16	2.338559597531468e-16	1.8968777303907864e-16	1.538615950552225e-16	1.2480187754315805e-16	1.0123064473508348e-16	8.211129108473293e-17	6.660299387416224e-17	5.4023735873618654e-17	4.38203118809199e-17	3.5544000100822754e-17	2.883082845075808e-17	2.338556795300732e-17	1.89687492816005e-17	1.5386131483214874e-17	1.2480159732008432e-17	1.0123036451200988e-17	8.211101086165929e-18	6.660271365108858e-18	5.4023455650545e-18	4.382003165784624e-18	3.55437198777491e-18	2.883054822768441e-18	2.3385287729933673e-18	1.896846905852685e-18	1.538585126014123e-18	1.2479879508934779e-18	1.0122756228127335e-18	8.210820863092279e-19	6.659991142035208e-19	5.402065341980848e-19	4.381722942710973e-19	3.5540917647012573e-19	2.8827745996947884e-19	2.3382485499197155e-19	1.8965666827790321e-19	1.5383049029404707e-19	1.2477077278198262e-19	1.0119953997390811e-19	8.208018632355756e-20	6.657188911298688e-20	5.3992631112443267e-20	4.3789207119744513e-20	3.5512895339647363e-20	2.8799723689582677e-20	2.3354463191831935e-20	1.8937644520425114e-20	1.535502672203949e-20	1.2449054970833047e-20	1.0091931690025604e-20	8.179996324990541e-21	6.629166603933472e-21	5.3712408038791154e-21	4.35089840460924e-21	3.523267226599522e-21	2.851950061593055e-21	2.3074240118179803e-21	1.865742144677299e-21	1.5074803648387369e-21	1.2168831897180926e-21	9.811708616373468e-22	7.899773251338417e-22	6.348943530281346e-22	5.091017730226989e-22	4.0706753309571154e-22	3.243044152947395e-22	NaN	NaN	NaN	NaN	NaN	NaN	NaN	NaN
8.058966022082663e-14	6.536875804016891e-14	5.3022615009003415e-14	4.300827775508586e-14	3.48853400585076e-14	2.82965748562292e-14	2.295222426382689e-14	1.8617256727780297e-14	1.510103090882051e-14	1.2248911739043498e-14	9.93546994735108e-15	8.058965984872028e-15	6.536875766806256e-15	5.302261463689707e-15	4.300827738297948e-15	3.488533968640122e-15	2.8296574484122825e-15	2.2952223891720576e-15	1.8617256355673977e-15	1.510103053671418e-15	1.2248911366937158e-15	9.935469575244737e-16	8.058965612765687e-16	6.536875394699912e-16	5.302261091583364e-16	4.3008273661916036e-16	3.488533596533779e-16	2.8296570763059398e-16	2.2952220170657157e-16	1.861725263461055e-16	1.5101026815650754e-16	1.2248907645873734e-16	9.935465854181315e-17	8.058961891702262e-17	6.536871673636489e-17	5.3022573705199395e-17	4.3008236451281846e-17	3.4885298754703584e-17	2.829653355242517e-17	2.295218296002292e-17	1.861721542397631e-17	1.5100989605016515e-17	1.2248870435239502e-17	9.935428643547083e-18	8.05892468106803e-18	6.536834463002254e-18	5.302220159885705e-18	4.3007864344939495e-18	3.488492664836123e-18	2.829616144608284e-18	2.2951810853680585e-18	1.8616843317633974e-18	1.5100617498674174e-18	1.2248498328897162e-18	9.935056537204749e-19	8.058552574725694e-19	6.536462356659917e-19	5.301848053543369e-19	4.300414328151613e-19	3.4881205584937863e-19	2.8292440382659468e-19	2.2948089790257217e-19	1.8613122254210617e-19	1.5096896435250806e-19	1.2244777265473802e-19	9.931335473781382e-20	8.054831511302327e-20	6.532741293236553e-20	5.298126990120002e-20	4.2966932647282486e-20	3.4843994950704206e-20	2.825522974842581e-20	2.2910879156023562e-20	1.8575911619976948e-20	1.5059685801017155e-20	1.2207566631240146e-20	9.894124839547724e-21	8.017620877068669e-21	6.495530659002895e-21	5.260916355886347e-21	4.259482630494587e-21	3.4471888608367624e-21	2.7883123406089234e-21	2.253877281368698e-21	1.8203805277640383e-21	1.4687579458680584e-21	1.183546028890356e-21	9.522018497211144e-22	7.645514534732091e-22	6.1234243166663205e-22	4.88881001354977e-22	3.8873762881580093e-22	NaN	NaN	NaN	NaN	NaN	NaN	NaN	NaN
9.5908355960928e-14	7.779422444014522e-14	6.310129389065905e-14	5.118340492731914e-14	4.151643775122599e-14	3.367526263446492e-14	2.7315043747639042e-14	2.215607411796375e-14	1.797147479622648e-14	1.4577217271863763e-14	1.1824030346213282e-14	9.590835547891098e-15	7.779422395812823e-15	6.310129340864204e-15	5.11834044453021e-15	4.151643726920897e-15	3.3675262152447903e-15	2.7315043265622084e-15	2.2156073635946808e-15	1.7971474314209524e-15	1.4577216789846779e-15	1.1824029864196298e-15	9.590835065874123e-16	7.779421913795844e-16	6.310128858847226e-16	5.11833996251323e-16	4.1516432449039165e-16	3.3675257332278097e-16	2.731503844545228e-16	2.2156068815777e-16	1.7971469494039718e-16	1.4577211969676982e-16	1.1824025044026498e-16	9.590830245704318e-17	7.779417093626043e-17	6.310124038677422e-17	5.118335142343431e-17	4.151638424734118e-17	3.3675209130580094e-17	2.7314990243754274e-17	2.2156020614078967e-17	1.7971421292341692e-17	1.457716376797897e-17	1.1823976842328484e-17	9.590782044006303e-18	7.779368891928024e-18	6.31007583697941e-18	5.118286940645417e-18	4.151590223036103e-18	3.3674727113599957e-18	2.7314508226774126e-18	2.215553859709884e-18	1.797093927536156e-18	1.4576681750998835e-18	1.1823494825348352e-18	9.590300027026167e-19	7.778886874947892e-19	6.309593819999274e-19	5.117804923665283e-19	4.1511082060559677e-19	3.3669906943798605e-19	2.7309688056972777e-19	2.215071842729748e-19	1.796611910556019e-19	1.4571861581197466e-19	1.1818674655546988e-19	9.585479857224803e-20	7.774066705146527e-20	6.304773650197906e-20	5.1129847538639175e-20	4.1462880362546014e-20	3.362170524578495e-20	2.726148635895912e-20	2.2102516729283815e-20	1.7917917407546538e-20	1.452365988318382e-20	1.177047295753333e-20	9.537278159211152e-21	7.725865007132873e-21	6.256571952184254e-21	5.064783055850258e-21	4.0980863382409464e-21	3.3139688265648387e-21	2.677946937882257e-21	2.1620499749147283e-21	1.743590042741e-21	1.4041642903047255e-21	1.1288455977396778e-21	9.055261179074602e-22	7.243848026996325e-22	5.774554972047705e-22	4.582766075713707e-22	3.616069358104397e-22	NaN	NaN	NaN	NaN	NaN	NaN	NaN
1.1255911219905173e-13	9.130016617813305e-14	7.405637963047219e-14	6.0069412722108e-14	4.8724152633498704e-14	3.952166239229994e-14	3.205723883762234e-14	2.6002614758350646e-14	2.1091522498811763e-14	1.7107984154247184e-14	1.3876813387337946e-14	1.1255911158751494e-14	9.130016556659628e-15	7.40563790189354e-15	6.006941211057115e-15	4.872415202196185e-15	3.95216617807631e-15	3.2057238226085584e-15	2.6002614146813885e-15	2.1091521887275e-15	1.7107983542710387e-15	1.3876812775801146e-15	1.1255910547214702e-15	9.130015945122833e-16	7.405637290356748e-16	6.006940599520322e-16	4.872414590659395e-16	3.9521655665395173e-16	3.2057232110717676e-16	2.6002608031445965e-16	2.1091515771907083e-16	1.7107977427342482e-16	1.387680666043323e-16	1.1255904431846788e-16	9.13000982975492e-17	7.405631174988832e-17	6.006934484152415e-17	4.8724084752914846e-17	3.9521594511716074e-17	3.2057170957038545e-17	2.6002546877766832e-17	2.1091454618227953e-17	1.710791627366337e-17	1.3876745506754114e-17	1.1255843278167664e-17	9.129948676075798e-18	7.405570021309709e-18	6.006873330473293e-18	4.8723473216123596e-18	3.952098297492485e-18	3.205655942024732e-18	2.600193534097562e-18	2.1090843081436727e-18	1.7107304736872138e-18	1.3876133969962892e-18	1.1255231741376446e-18	9.129337139284577e-19	7.404958484518489e-19	6.00626179368207e-19	4.871735784821137e-19	3.951486760701263e-19	3.20504440523351e-19	2.5995819973063396e-19	2.1084727713524504e-19	1.710118936895992e-19	1.387001860205067e-19	1.1249116373464222e-19	9.123221771372359e-20	7.398843116606264e-20	6.000146425769847e-20	4.8656204169089157e-20	3.9453713927890405e-20	3.198929037321289e-20	2.5934666293941175e-20	2.102357403440227e-20	1.7040035689837695e-20	1.3808864922928448e-20	1.1187962694342006e-20	9.062068092250139e-21	7.337689437484048e-21	5.938992746647624e-21	4.8044667377866946e-21	3.88421771366682e-21	3.1377753581990675e-21	2.532312950271897e-21	2.0412037243180086e-21	1.6428498898615484e-21	1.3197328131706241e-21	1.0576425903119796e-21	8.4505313010279315e-22	6.726152646261842e-22	5.327455955425416e-22	4.192929946564488e-22	NaN	NaN	NaN	NaN	NaN	NaN	NaN
1.3054192893502287e-13	1.0588658325395747e-13	8.588787222826793e-14	6.966630113927752e-14	5.650848470515072e-14	4.583577412955926e-14	3.717880953360184e-14	3.015687864876603e-14	2.446117401640141e-14	1.984121238601882e-14	1.6093819070550107e-14	1.3054192817278254e-14	1.0588658249171713e-14	8.588787146602761e-15	6.966630037703711e-15	5.650848394291036e-15	4.583577336731891e-15	3.717880877136154e-15	3.0156877886525734e-15	2.446117325416111e-15	1.9841211623778494e-15	1.6093818308309784e-15	1.305419205503793e-15	1.0588657486931389e-15	8.588786384362435e-16	6.966629275463383e-16	5.650847632050709e-16	4.583576574491565e-16	3.71788011489583e-16	3.015687026412247e-16	2.446116563175784e-16	1.9841204001375234e-16	1.6093810685906519e-16	1.305418443263467e-16	1.0588649864528125e-16	8.588778761959171e-17	6.966621653060127e-17	5.65084000964745e-17	4.5835689520883045e-17	3.717872492492568e-17	3.015679404008985e-17	2.446108940772523e-17	1.9841127777342638e-17	1.6093734461873923e-17	1.305410820860206e-17	1.0588573640495518e-17	8.588702537926566e-18	6.966545429027521e-18	5.6507637856148454e-18	4.5834927280556996e-18	3.7177962684599625e-18	3.015603179976382e-18	2.4460327167399184e-18	1.9840365537016586e-18	1.6092972221547872e-18	1.3053345968276019e-18	1.0587811400169473e-18	8.5879402976005195e-19	6.965783188701474e-19	5.6500015452887985e-19	4.582730487729654e-19	3.7170340281339154e-19	3.0148409396503346e-19	2.4452704764138712e-19	1.98327431337561e-19	1.6085349818287397e-19	1.3045723565015543e-19	1.0580188996909001e-19	8.580317894340044e-20	6.958160785441002e-20	5.642379142028323e-20	4.5751080844691793e-20	3.709411624873442e-20	3.0072185363898575e-20	2.4376480731533947e-20	1.9756519101151362e-20	1.6009125785682643e-20	1.2969499532410789e-20	1.0503964964304244e-20	8.50409386173529e-21	6.881936752836244e-21	5.566155109423568e-21	4.498884051864422e-21	3.633187592268687e-21	2.930994503785104e-21	2.361424040548641e-21	1.89942787751038e-21	1.5246885459635096e-21	1.220725920636325e-21	9.7417246382567e-22	7.741853535687749e-22	6.119696426788696e-22	4.80391478337602e-22	NaN	NaN	NaN	NaN	NaN	NaN	NaN
1.498568061686671e-13	1.2155347566744404e-13	9.859577168387186e-14	7.997407017865326e-14	6.486943396600772e-14	5.261759784606854e-14	4.2679755835403106e-14	3.461886578903548e-14	2.8080429348820992e-14	2.2776901967004237e-14	1.8475047395675366e-14	1.498568052329696e-14	1.2155347473174653e-14	9.859577074817437e-15	7.997406924295569e-15	6.486943303031017e-15	5.261759691037102e-15	4.267975489970569e-15	3.461886485333804e-15	2.8080428413123538e-15	2.277690103130676e-15	1.8475046459977884e-15	1.4985679587599483e-15	1.2155346537477174e-15	9.859576139119955e-16	7.997405988598087e-16	6.486942367333538e-16	5.26175875533962e-16	4.2679745542730857e-16	3.4618855496363216e-16	2.8080419056148716e-16	2.2776891674331934e-16	1.847503710300306e-16	1.498567023062465e-16	1.2155337180502346e-16	9.859566782145124e-17	7.997396631623264e-17	6.486933010358714e-17	5.261749398364793e-17	4.267965197298261e-17	3.461876192661493e-17	2.808032548640044e-17	2.277679810458369e-17	1.8474943533254804e-17	1.4985576660876396e-17	1.2155243610754084e-17	9.859473212396868e-18	7.997303061875009e-18	6.486839440610454e-18	5.261655828616536e-18	4.2678716275500025e-18	3.4617826229132377e-18	2.8079389788917867e-18	2.2775862407101116e-18	1.8474007835772234e-18	1.4984640963393827e-18	1.2154307913271514e-18	9.858537514914299e-19	7.996367364392437e-19	6.485903743127884e-19	5.260720131133967e-19	4.266935930067431e-19	3.460846925430666e-19	2.807003281409216e-19	2.2766505432275405e-19	1.8464650860946527e-19	1.4975283988568122e-19	1.2144950938445813e-19	9.849180540088593e-20	7.987010389566731e-20	6.476546768302178e-20	5.251363156308257e-20	4.2575789552417234e-20	3.451489950604959e-20	2.797646306583508e-20	2.2672935684018332e-20	1.8371081112689447e-20	1.4881714240311036e-20	1.2051381190188733e-20	9.755610791831514e-21	7.893440641309645e-21	6.382977020045095e-21	5.1577934080511794e-21	4.1640092069846446e-21	3.357920202347881e-21	2.704076558326431e-21	2.1737238201447523e-21	1.743538363011865e-21	1.3946016757740248e-21	1.111568370761794e-21	8.819913309260728e-22	6.9577431587388565e-22	5.447279537474302e-22	4.2220959254803884e-22	NaN	NaN	NaN	NaN	NaN	NaN
1.7050374389980983e-13	1.3830084341841827e-13	1.1218007799710949e-13	9.099271984006078e-14	7.380700041589521e-14	5.986713354165331e-14	4.856007774285174e-14	3.938857617898456e-14	3.194928849589607e-14	2.5915052897029026e-14	2.1020498362539277e-14	1.7050374276633182e-14	1.3830084228494025e-14	1.1218007686363153e-14	9.099271870658267e-15	7.38069992824171e-15	5.986713240817523e-15	4.856007660937378e-15	3.938857504550659e-15	3.194928736241811e-15	2.5915051763551008e-15	2.102049722906127e-15	1.7050373143155171e-15	1.3830083095016015e-15	1.1218006552885135e-15	9.099270737180252e-16	7.380698794763699e-16	5.986712107339509e-16	4.856006527459363e-16	3.938856371072645e-16	3.194927602763795e-16	2.5915040428770865e-16	2.1020485894281122e-16	1.7050361808375022e-16	1.383007176023587e-16	1.121799521810499e-16	9.099259402400117e-17	7.380687459983562e-17	5.986700772559369e-17	4.8559951926792234e-17	3.938845036292503e-17	3.1949162679836544e-17	2.591492708096948e-17	2.1020372546479723e-17	1.7050248460573632e-17	1.382995841243447e-17	1.121788187030359e-17	9.099146054598718e-18	7.380574112182162e-18	5.986587424757969e-18	4.855881844877824e-18	3.938731688491106e-18	3.194802920182255e-18	2.5913793602955478e-18	2.1019239068465744e-18	1.704911498255964e-18	1.3828824934420482e-18	1.1216748392289602e-18	9.098012576584733e-19	7.379440634168167e-19	5.985453946743979e-19	4.854748366863833e-19	3.9375982104771134e-19	3.193669442168264e-19	2.5902458822815563e-19	2.1007904288325827e-19	1.7037780202419736e-19	1.3817490154280574e-19	1.1205413612149691e-19	9.086677796444821e-20	7.368105854028262e-20	5.97411916660407e-20	4.8434135867239274e-20	3.9262634303372047e-20	3.1823346620283553e-20	2.5789111021416504e-20	2.0894556486926753e-20	1.6924432401020648e-20	1.3704142352881493e-20	1.1092065810750618e-20	8.973329995045732e-21	7.254758052629177e-21	5.860771365204987e-21	4.7300657853248406e-21	3.812915628938124e-21	3.0689868606292734e-21	2.4655633007425643e-21	1.9761078472935906e-21	1.5790954387029822e-21	1.2570664338890653e-21	9.958587796759781e-22	7.8398519810548985e-22	6.121280038638342e-22	4.727293351214153e-22	NaN	NaN	NaN	NaN	NaN	NaN
1.9248274212827805e-13	1.561286865067071e-13	1.2664079116780775e-13	1.0272225012332696e-13	8.332118405464003e-14	6.758438121614038e-14	5.4819775255774545e-14	4.4466009818440126e-14	3.60677514574535e-14	2.925566517592e-14	2.373017197096868e-14	1.924827407711375e-14	1.561286851495665e-14	1.2664078981066714e-14	1.0272224876618627e-14	8.332118269749937e-15	6.758437985899973e-15	5.481977389863402e-15	4.44660084612996e-15	3.606775010031297e-15	2.9255663818779416e-15	2.3730170613828106e-15	1.9248272719973184e-15	1.561286715781608e-15	1.266407762392614e-15	1.0272223519478056e-15	8.3321169126093625e-16	6.7584366287594e-16	5.481976032722831e-16	4.446599488989387e-16	3.606773652890723e-16	2.925565024737369e-16	2.373015704242237e-16	1.924825914856744e-16	1.5612853586410347e-16	1.26640640525204e-16	1.0272209948072325e-16	8.332103341203634e-17	6.75842305735367e-17	5.4819624613170976e-17	4.44658591758365e-17	3.606760081484989e-17	2.9255514533316366e-17	2.3730021328365043e-17	1.9248123434510113e-17	1.5612717872353012e-17	1.2663928338463073e-17	1.0272074234014996e-17	8.331967627146303e-18	6.758287343296339e-18	5.481826747259767e-18	4.446450203526323e-18	3.606624367427659e-18	2.9254157392743077e-18	2.372866418779175e-18	1.924676629393683e-18	1.5611360731779718e-18	1.2662571197889781e-18	1.0270717093441703e-18	8.33061048657301e-19	6.756930202723045e-19	5.480469606686474e-19	4.44509306295303e-19	3.605267226854364e-19	2.924058598701013e-19	2.3715092782058815e-19	1.9233194888203878e-19	1.5597789326046782e-19	1.2648999792156838e-19	1.0257145687708763e-19	8.31703908084007e-20	6.743358796990102e-20	5.466898200953533e-20	4.4315216572200855e-20	3.591695821121424e-20	2.9104871929680726e-20	2.3579378724729393e-20	1.909748083087447e-20	1.5462075268717376e-20	1.2513285734827437e-20	1.012143163037935e-20	8.181325023510658e-21	6.6076447396606936e-21	5.331184143624123e-21	4.29580759989068e-21	3.4559817637920175e-21	2.7747731356386626e-21	2.222223815143532e-21	1.774034025758039e-21	1.4104934695423294e-21	1.115614516153336e-21	8.76429105708527e-22	6.824184450216575e-22	5.250504166366614e-22	NaN	NaN	NaN	NaN	NaN	NaN
2.1579380085389834e-13	1.7503700493213712e-13	1.419779111957932e-13	1.1516266102827838e-13	9.341198488206883e-14	7.576934086935643e-14	6.145884837399816e-14	4.9851166707228785e-14	4.0435818233319924e-14	3.279873880350379e-14	2.6604068220790222e-14	2.1579379924565314e-14	1.7503700332389194e-14	1.4197790958754804e-14	1.1516265942003313e-14	9.341198327382357e-15	7.576933926111118e-15	6.145884676575308e-15	4.9851165098983686e-15	4.043581662507482e-15	3.279873719525865e-15	2.6604066612545065e-15	2.157937831632017e-15	1.7503698724144038e-15	1.4197789350509653e-15	1.1516264333758159e-15	9.341196719137205e-16	7.576932317865965e-16	6.145883068330156e-16	4.985114901653214e-16	4.043580054262326e-16	3.2798721112807104e-16	2.6604050530093534e-16	2.1579362233868624e-16	1.7503682641692505e-16	1.4197773268058104e-16	1.1516248251306625e-16	9.341180636685671e-17	7.576916235414428e-17	6.145866985878619e-17	4.9850988192016735e-17	4.043563971810786e-17	3.279856028829174e-17	2.6603889705578152e-17	2.1579201409353237e-17	1.7503521817177114e-17	1.4197612443542716e-17	1.1516087426791239e-17	9.34101981217028e-18	7.576755410899038e-18	6.1457061613632266e-18	4.984937994686289e-18	4.043403147295396e-18	3.279695204313784e-18	2.6602281460424273e-18	2.157759316419936e-18	1.750191357202323e-18	1.4196004198388837e-18	1.1514479181637359e-18	9.339411567016399e-19	7.5751471657451605e-19	6.144097916209349e-19	4.983329749532407e-19	4.041794902141521e-19	3.278086959159905e-19	2.6586199008885465e-19	2.1561510712660573e-19	1.7485831120484453e-19	1.417992174685005e-19	1.1498396730098572e-19	9.323329115477615e-20	7.55906471420637e-20	6.128015464670562e-20	4.9672472979936195e-20	4.0257124506027317e-20	3.262004507621119e-20	2.6425374493497595e-20	2.1400686197272685e-20	1.732500660509657e-20	1.4019097231462177e-20	1.1337572214710688e-20	9.162504600089732e-21	7.398240198818492e-21	5.967190949282684e-21	4.806422782605745e-21	3.864887935214854e-21	3.1011799922332396e-21	2.481712933961882e-21	1.9792441043393917e-21	1.5716761451217795e-21	1.2410852077583402e-21	9.729327060831915e-22	7.554259446210956e-22	5.7899950449397225e-22	4.358945795403912e-22	NaN	NaN	NaN	NaN	NaN
2.404369200764979e-13	1.9502579869453555e-13	1.5819143808089307e-13	1.2831395255474234e-13	1.0407940289800884e-13	8.442201250112866e-14	6.847729709734988e-14	5.55440468451778e-14	4.5053488823322563e-14	3.654427377960768e-14	2.964218711183114e-14	2.4043691818815105e-14	1.950257968061888e-14	1.5819143619254636e-14	1.2831395066639544e-14	1.0407940100966197e-14	8.442201061278181e-15	6.84772952090032e-15	5.5544044956831114e-15	4.505348693497586e-15	3.654427189126093e-15	2.9642185223484383e-15	2.4043689930468366e-15	1.9502577792272128e-15	1.5819141730907873e-15	1.2831393178292785e-15	1.0407938212619441e-15	8.442199172931427e-16	6.847727632553565e-16	5.554402607336357e-16	4.505346805150829e-16	3.6544253007793385e-16	2.964216634001684e-16	2.4043671047000813e-16	1.9502558908804577e-16	1.5819122847440322e-16	1.2831374294825253e-16	1.0407919329151905e-16	8.442180289463884e-17	6.847708749086022e-17	5.554383723868809e-17	4.5053279216832835e-17	3.654406417311795e-17	2.964197750534138e-17	2.4043482212325367e-17	1.9502370074129125e-17	1.581893401276488e-17	1.2831185460149801e-17	1.0407730494476453e-17	8.441991454788436e-18	6.847519914410571e-18	5.554194889193365e-18	4.5051390870078375e-18	3.654217582636348e-18	2.964008915858693e-18	2.40415938655709e-18	1.950048172737466e-18	1.5817045666010413e-18	1.2829297113395339e-18	1.0405842147721986e-18	8.440103108033966e-19	6.845631567656107e-19	5.552306542438896e-19	4.503250740253368e-19	3.6523292358818794e-19	2.9621205691042244e-19	2.4022710398026224e-19	1.9481598259829995e-19	1.5798162198465735e-19	1.281041364585066e-19	1.0386958680177317e-19	8.421219640489294e-20	6.826748100111434e-20	5.53342307489422e-20	4.484367272708694e-20	3.633445768337206e-20	2.9432371015595506e-20	2.3833875722579482e-20	1.929276358438325e-20	1.5609327523019e-20	1.2621578970403914e-20	1.019812400473057e-20	8.232384965042552e-21	6.637913424664691e-21	5.3445883994474836e-21	4.2955325972619575e-21	3.4446110928904654e-21	2.7544024261128098e-21	2.1945528968112078e-21	1.7404416829915843e-21	1.3720980768551603e-21	1.0733232215936513e-21	8.309777250263168e-22	6.3440382105751485e-22	4.749566670197287e-22	NaN	NaN	NaN	NaN	NaN
2.664120997959047e-13	2.1609506779373028e-13	1.752813718229353e-13	1.4217612470254667e-13	1.1532343810228803e-13	9.354239611128503e-14	7.587512142565757e-14	6.154465023211513e-14	4.9920763227289354e-14	4.049227010405957e-14	3.284452864391937e-14	2.664120975969108e-14	2.1609506559473646e-14	1.7528136962394152e-14	1.4217612250355278e-14	1.153234359032941e-14	9.354239391229118e-15	7.587511922666387e-15	6.154464803312143e-15	4.992076102829565e-15	4.049226790506581e-15	3.2844526444925584e-15	2.6641207560697315e-15	2.1609504360479888e-15	1.7528134763400388e-15	1.421761005136151e-15	1.153234139133564e-15	9.354237192235345e-16	7.58750972367262e-16	6.154462604318373e-16	4.992073903835793e-16	4.0492245915128125e-16	3.2844504454987897e-16	2.664118557075962e-16	2.1609482370542196e-16	1.7528112773462689e-16	1.4217588061423826e-16	1.1532319401397962e-16	9.35421520229766e-17	7.587487733734935e-17	6.154440614380682e-17	4.992051913898105e-17	4.049202601575125e-17	3.2844284555611017e-17	2.6640965671382752e-17	2.1609262471165308e-17	1.7527892874085818e-17	1.421736816204695e-17	1.1532099502021079e-17	9.353995302920778e-18	7.587267834358053e-18	6.154220715003805e-18	4.991832014521226e-18	4.048982702198246e-18	3.284208556184224e-18	2.663876667761396e-18	2.1607063477396528e-18	1.7525693880317036e-18	1.4215169168278166e-18	1.1529900508252294e-18	9.351796309151997e-19	7.585068840589263e-19	6.152021721235019e-19	4.98963302075244e-19	4.04678370842946e-19	3.2820095624154374e-19	2.661677673992609e-19	2.1585073539708673e-19	1.7503703942629162e-19	1.4193179230590305e-19	1.1507910570564425e-19	9.329806371464127e-20	7.5630789029014e-20	6.130031783547152e-20	4.9676430830645734e-20	4.024793770741596e-20	3.26001962472757e-20	2.639687736304743e-20	2.136517416283e-20	1.7283804565750504e-20	1.3973279853711627e-20	1.1288011193685758e-20	9.10990699458546e-21	7.343179526022738e-21	5.910132406668491e-21	4.747743706185912e-21	3.804894393862929e-21	3.0401202478489067e-21	2.41978835942608e-21	1.9166180394043364e-21	1.508481079696387e-21	1.177428608492499e-21	9.08901742489912e-22	6.910913225798825e-22	5.144185757236097e-22	NaN	NaN	NaN	NaN	NaN
2.93719340011946e-13	2.382448122295487e-13	1.9324771242174722e-13	1.5674917747151875e-13	1.2714409049473353e-13	1.0313049169965272e-13	8.365232135874848e-14	6.785297686786792e-14	5.503764144504751e-14	4.464272777668668e-14	3.621109281688208e-14	2.9371933747020415e-14	2.3824480968780685e-14	1.9324770988000545e-14	1.5674917492977682e-14	1.271440879529916e-14	1.0313048915791082e-14	8.365231881700677e-15	6.78529743261262e-15	5.503763890330578e-15	4.464272523494488e-15	3.621109027514028e-15	2.9371931205278617e-15	2.3824478427038885e-15	1.9324768446258744e-15	1.5674914951235884e-15	1.2714406253557363e-15	1.0313046374049286e-15	8.36522933995888e-16	6.785294890870818e-16	5.503761348588777e-16	4.46426998175269e-16	3.6211064857722306e-16	2.9371905787860624e-16	2.3824453009620906e-16	1.932474302884075e-16	1.5674889533817903e-16	1.2714380836139382e-16	1.0313020956631303e-16	8.365203922540894e-17	6.78526947345283e-17	5.5037359311707943e-17	4.464244564334708e-17	3.621081068354247e-17	2.93716516136808e-17	2.382419883544107e-17	1.932448885466093e-17	1.5674635359638076e-17	1.271412666195955e-17	1.0312766782451471e-17	8.36494974836106e-18	6.785015299273005e-18	5.50348175699096e-18	4.463990390154876e-18	3.620826894174418e-18	2.936910987188249e-18	2.382165709364277e-18	1.9321947112862615e-18	1.5672093617839766e-18	1.2711584920161241e-18	1.0310225040653164e-18	8.362408006562756e-19	6.782473557474698e-19	5.500940015192653e-19	4.46144864835657e-19	3.618285152376109e-19	2.9343692453899423e-19	2.37962396756597e-19	1.929652969487954e-19	1.56466761998567e-19	1.2686167502178176e-19	1.0284807622670096e-19	8.336990588579689e-20	6.757056139491626e-20	5.475522597209584e-20	4.436031230373502e-20	3.5928677343930394e-20	2.9089518274068725e-20	2.3542065495829003e-20	1.904235551504887e-20	1.5392502020026e-20	1.2431993322347475e-20	1.0030633442839403e-20	8.082816408748998e-21	6.5028819596609404e-21	5.221348417378899e-21	4.1818570505428115e-21	3.3386935545623518e-21	2.6547776475761845e-21	2.100032369752212e-21	1.6500613716741981e-21	1.2850760221719111e-21	9.890251524040599e-22	7.488891644532522e-22	5.541074610442113e-22	NaN	NaN	NaN	NaN	NaN
3.22358640724451e-13	2.614750320018201e-13	2.1209045987715818e-13	1.7203311086148794e-13	1.3954136007517485e-13	1.1318629926606125e-13	9.180889689645207e-14	7.446902675226568e-14	6.040412347642652e-14	4.8995646797318486e-14	3.974187963054882e-14	3.22358637806326e-14	2.61475029083695e-14	2.120904569590332e-14	1.7203310794336277e-14	1.3954135715704968e-14	1.1318629634793616e-14	9.180889397832714e-15	7.446902383414078e-15	6.040412055830157e-15	4.899564387919348e-15	3.9741876712423814e-15	3.22358608625076e-15	2.6147499990244506e-15	2.1209042777778315e-15	1.7203307876211276e-15	1.3954132797579977e-15	1.1318626716668612e-15	9.180886479707716e-16	7.446899465289074e-16	6.040409137705156e-16	4.899561469794347e-16	3.9741847531173804e-16	3.223583168125759e-16	2.61474708089945e-16	2.1209013596528298e-16	1.7203278694961276e-16	1.3954103616329976e-16	1.1318597535418613e-16	9.18085729845771e-17	7.446870284039069e-17	6.040379956455149e-17	4.899532288544345e-17	3.9741555718673766e-17	3.223553986875755e-17	2.6147178996494452e-17	2.1208721784028264e-17	1.720298688246124e-17	1.3953811803829935e-17	1.1318305722918572e-17	9.180565485957671e-18	7.446578471539033e-18	6.040088143955112e-18	4.899240476044305e-18	3.97386375936734e-18	3.2232621743757175e-18	2.6144260871494063e-18	2.1205803659027877e-18	1.7200068757460849e-18	1.3950893678829539e-18	1.1315387597918185e-18	9.17764736095728e-19	7.443660346538643e-19	6.037170018954721e-19	4.896322351043915e-19	3.970945634366949e-19	3.2203440493753263e-19	2.6115079621490174e-19	2.1176622409023971e-19	1.7170887507456952e-19	1.3921712428825648e-19	1.1286206347914283e-19	9.148466110953383e-20	7.414479096534742e-20	6.007988768950822e-20	4.8671411010400223e-20	3.9417643843630514e-20	3.1911627993714304e-20	2.5823267121451203e-20	2.088480990898501e-20	1.6879075007417973e-20	1.362989992878667e-20	1.0994393847875307e-20	8.856653610914408e-21	7.122666596495773e-21	5.71617626891185e-21	4.575328601001042e-21	3.649951884324077e-21	2.8993502993324553e-21	2.2905142121061444e-21	1.7966684908595262e-21	1.3960950007028221e-21	1.0711774928396913e-21	8.076268847485561e-22	5.938528610524661e-22	4.2045415961060224e-22	NaN	NaN	NaN	NaN
3.523300019332481e-13	2.8578572711037245e-13	2.3180961418899616e-13	1.8802792487228225e-13	1.5251524684344008e-13	1.2370981881033863e-13	1.0034484803859634e-13	8.139279988513645e-14	6.602020932125439e-14	5.3551027165783e-14	4.3436889084747555e-14	3.5232999860355654e-14	2.8578572378068097e-14	2.3180961085930473e-14	1.8802792154259057e-14	1.5251524351374846e-14	1.237098154806471e-14	1.0034484470890499e-14	8.139279655544508e-15	6.602020599156301e-15	5.355102383609156e-15	4.343688575505611e-15	3.523299653066422e-15	2.8578569048376663e-15	2.318095775623904e-15	1.8802788824567622e-15	1.5251521021683411e-15	1.2370978218373266e-15	1.0034481141199063e-15	8.139276325853069e-16	6.602017269464859e-16	5.355099053917716e-16	4.3436852458141716e-16	3.523296323374982e-16	2.8578535751462277e-16	2.318092445932462e-16	1.880275552765323e-16	1.5251487724769018e-16	1.2370944921458873e-16	1.0034447844284664e-16	8.139243028938667e-17	6.601983972550457e-17	5.355065757003319e-17	4.343651948899773e-17	3.5232630264605835e-17	2.857820278231827e-17	2.318059149018064e-17	1.8802422558509246e-17	1.5251154755625026e-17	1.2370611952314885e-17	1.0034114875140678e-17	8.138910059794683e-18	6.601651003406475e-18	5.354732787859335e-18	4.343318979755791e-18	3.5229300573166e-18	2.857487309087843e-18	2.31772617987408e-18	1.8799092867069394e-18	1.524782506418518e-18	1.2367282260875042e-18	1.003078518370083e-18	8.135580368354836e-19	6.598321311966625e-19	5.351403096419487e-19	4.339989288315942e-19	3.519600365876752e-19	2.8541576176479965e-19	2.3143964884342316e-19	1.8765795952670925e-19	1.5214528149786705e-19	1.2333985346476562e-19	9.997488269302352e-20	8.102283453956357e-20	6.565024397568149e-20	5.3181061820210114e-20	4.3066923739174615e-20	3.486303451478273e-20	2.8208607032495183e-20	2.2810995740357544e-20	1.8432826808686127e-20	1.4881559005801917e-20	1.2001016202491775e-20	9.664519125317569e-21	7.769314309971574e-21	6.232055253583365e-21	4.9851370380362225e-21	3.973723229932677e-21	3.1533343074934882e-21	2.4878915592647328e-21	1.948130430050969e-21	1.5103135368838278e-21	1.1551867565954068e-21	8.671324762643928e-22	6.334827685469719e-22	4.439622870123732e-22	NaN	NaN	NaN	NaN
3.836334236381661e-13	3.11176897555035e-13	2.524051753570902e-13	2.0473361950373056e-13	1.6606575079935802e-13	1.3470105033231372e-13	1.0926017478501022e-13	8.862429626630906e-14	7.188589897935999e-14	5.830886888190909e-14	4.7296121179307164e-14	3.8363341986018454e-14	3.1117689377705336e-14	2.5240517157910872e-14	2.0473361572574885e-14	1.6606574702137636e-14	1.3470104655433207e-14	1.0926017100702883e-14	8.862429248832766e-15	7.188589520137855e-15	5.83088651039276e-15	4.7296117401325685e-15	3.836333820803698e-15	3.1117685599723867e-15	2.5240513379929377e-15	2.04733577945934e-15	1.660657092415615e-15	1.3470100877451726e-15	1.0926013322721393e-15	8.862425470851279e-16	7.188585742156368e-16	5.830882732411274e-16	4.72960796215108e-16	3.83633004282221e-16	3.1117647819908997e-16	2.52404756001145e-16	2.047332001477854e-16	1.660653314434129e-16	1.3470063097636854e-16	1.0925975542906526e-16	8.862387691036408e-17	7.188547962341493e-17	5.830844952596405e-17	4.729570182336212e-17	3.83629226300734e-17	3.1117270021760284e-17	2.5240097801965816e-17	2.047294221662985e-17	1.6606155346192584e-17	1.3469685299488164e-17	1.0925597744757829e-17	8.862009892887717e-18	7.188170164192802e-18	5.8304671544477146e-18	4.72919238418752e-18	3.835914464858648e-18	3.1113492040273365e-18	2.5236319820478873e-18	2.046916423514292e-18	1.6602377364705662e-18	1.3465907318001235e-18	1.0921819763270898e-18	8.858231911400785e-19	7.18439218270587e-19	5.826689172960782e-19	4.7254144027005905e-19	3.8321364833717184e-19	3.107571222540407e-19	2.5198540005609575e-19	2.0431384420273618e-19	1.6564597549836363e-19	1.3428127503131935e-19	1.0884039948401606e-19	8.820452096531481e-20	7.146612367836571e-20	5.788909358091485e-20	4.687634587831288e-20	3.7943566685024166e-20	3.0697914076711055e-20	2.482074185691658e-20	2.00535862715806e-20	1.6186799401143347e-20	1.3050329354438923e-20	1.0506241799708593e-20	8.442653947838477e-21	6.768814219143564e-21	5.411111209398469e-21	4.309836439138274e-21	3.4165585198094056e-21	2.691993258978094e-21	2.1042760369986474e-21	1.6275604784650486e-21	1.2408817914213229e-21	9.272347867508807e-22	6.72826031277848e-22	4.664672460908364e-22	NaN	NaN	NaN	NaN
4.1626890583903384e-13	3.376485433356365e-13	2.738771433812693e-13	2.2215019475566205e-13	1.801928719427578e-13	1.461599938318157e-13	1.1855487713552278e-13	9.616351589561271e-14	7.800119245057244e-14	6.326917194552594e-14	5.1319575914056826e-14	4.1626890157450155e-14	3.376485390711041e-14	2.738771391167371e-14	2.2215019049112962e-14	1.801928676782254e-14	1.4615998956728328e-14	1.1855487287099063e-14	9.616351163108058e-15	7.800118818604028e-15	6.326916768099367e-15	5.131957164952461e-15	4.162688589291792e-15	3.3764849642578175e-15	2.738770964714146e-15	2.2215014784580712e-15	1.801928250329029e-15	1.461599469219608e-15	1.1855483022566822e-15	9.616346898575812e-16	7.800114554071782e-16	6.326912503567121e-16	5.131952900420212e-16	4.162684324759543e-16	3.3764806997255703e-16	2.738766700181898e-16	2.221497213925826e-16	1.8019239857967836e-16	1.4615952046873615e-16	1.1855440377244356e-16	9.616304253253335e-17	7.800071908749311e-17	6.326869858244659e-17	5.131910255097746e-17	4.1626416794370776e-17	3.3764380544031014e-17	2.7387240548594307e-17	2.2214545686033585e-17	1.8018813404743163e-17	1.4615525593648947e-17	1.1855013924019682e-17	9.615877800028672e-18	7.799645455524641e-18	6.326443405019985e-18	5.1314838018730755e-18	4.162215226212406e-18	3.376011601178431e-18	2.7382976016347598e-18	2.221028115378688e-18	1.8014548872496454e-18	1.4611261061402236e-18	1.185074939177297e-18	9.61161326778196e-19	7.795380923277929e-19	6.322178872773276e-19	5.127219269626364e-19	4.1579506939656956e-19	3.371747068931721e-19	2.734033069388049e-19	2.2167635831319775e-19	1.7971903550029353e-19	1.456861573893513e-19	1.180810406930587e-19	9.568967945314854e-20	7.752735600810822e-20	6.279533550306174e-20	5.084573947159259e-20	4.11530537149859e-20	3.3291017464646173e-20	2.691387746920945e-20	2.1741182606648718e-20	1.7545450325358284e-20	1.4142162514264076e-20	1.1381650844634818e-20	9.142514720643804e-21	7.326282376139776e-21	5.853080325635117e-21	4.658120722488206e-21	3.6888521468275406e-21	2.9026485217935664e-21	2.2649345222498955e-21	1.7476650359938195e-21	1.3280918078647782e-21	9.877630267553574e-22	7.117118597924312e-22	4.877982473933301e-22	NaN	NaN	NaN	NaN
